"FullName","Length","LastWriteTime"
"C:\Users\Dionisio Lima\OneDrive\Área de Trabalho\SOUSA_2.0_PRODUCAO\07_LOG\MonitorSintaxe\ALERTA_SOUSA.json","201","02/08/2026 11:22:17"
"C:\Users\Dionisio Lima\OneDrive\Área de Trabalho\SOUSA_2.0_PRODUCAO\08_BLOCOS_SOUSA\BIBLIOTECA\CATALOGO_BLOCOS.json","919","21/07/2026 11:55:22"
"C:\Users\Dionisio Lima\OneDrive\Área de Trabalho\SOUSA_2.0_PRODUCAO\08_BLOCOS_SOUSA\COMANDOS_MOBILE\autorizacoes_pendentes.json","287","22/07/2026 11:52:02"
"C:\Users\Dionisio Lima\OneDrive\Área de Trabalho\SOUSA_2.0_PRODUCAO\08_BLOCOS_SOUSA\COMANDOS_MOBILE\fila_pendente.json","143","22/07/2026 11:46:02"
"C:\Users\Dionisio Lima\OneDrive\Área de Trabalho\SOUSA_2.0_PRODUCAO\08_BLOCOS_SOUSA\COMANDOS_MOBILE\resposta_comando.json","329","22/07/2026 11:46:38"
"C:\Users\Dionisio Lima\OneDrive\Área de Trabalho\SOUSA_2.0_PRODUCAO\BACKUP_CHECKPOINT_ESTAVEL_23_07_2026\HTML SOUSA 2.0 TESTE ESTAVEL.html","116913","24/07/2026 10:29:33"
"C:\Users\Dionisio Lima\OneDrive\Área de Trabalho\SOUSA_2.0_PRODUCAO\backup_memoria_tecnica\SOUSA_API_MANAGER_CONFIG.json","1381","30/07/2026 11:28:49"
"C:\Users\Dionisio Lima\OneDrive\Área de Trabalho\SOUSA_2.0_PRODUCAO\backup_memoria_tecnica\SOUSA_CAPACIDADE_ESTRATEGIA_PUBLICACAO.json","959","30/07/2026 11:44:40"
"C:\Users\Dionisio Lima\OneDrive\Área de Trabalho\SOUSA_2.0_PRODUCAO\backup_memoria_tecnica\SOUSA_CAPACIDADE_LIVRO.json","767","30/07/2026 11:21:22"
"C:\Users\Dionisio Lima\OneDrive\Área de Trabalho\SOUSA_2.0_PRODUCAO\backup_memoria_tecnica\SOUSA_CAPACIDADE_PUBLICACAO.json","1300","30/07/2026 11:24:29"
"C:\Users\Dionisio Lima\OneDrive\Área de Trabalho\SOUSA_2.0_PRODUCAO\backup_memoria_tecnica\SOUSA_CATALOGO_APIS.json","1095","30/07/2026 11:30:28"
"C:\Users\Dionisio Lima\OneDrive\Área de Trabalho\SOUSA_2.0_PRODUCAO\backup_memoria_tecnica\SOUSA_CATALOGO_CAPACIDADES.json","1941","30/07/2026 11:26:27"
"C:\Users\Dionisio Lima\OneDrive\Área de Trabalho\SOUSA_2.0_PRODUCAO\backup_memoria_tecnica\SOUSA_CATALOGO_CAPACIDADES_ANTES_ESTRATEGIA.json","1941","30/07/2026 11:26:27"
"C:\Users\Dionisio Lima\OneDrive\Área de Trabalho\SOUSA_2.0_PRODUCAO\backup_memoria_tecnica\SOUSA_COFRE_CHAVES.json","1054","30/07/2026 11:32:33"
"C:\Users\Dionisio Lima\OneDrive\Área de Trabalho\SOUSA_2.0_PRODUCAO\backup_memoria_tecnica\SOUSA_FLUXO_EDITORIAL_CONFIG.json","1096","30/07/2026 11:47:06"
"C:\Users\Dionisio Lima\OneDrive\Área de Trabalho\SOUSA_2.0_PRODUCAO\backup_memoria_tecnica\SOUSA_GERADOR_BRIEFING_CONFIG.json","912","30/07/2026 11:38:39"
"C:\Users\Dionisio Lima\OneDrive\Área de Trabalho\SOUSA_2.0_PRODUCAO\backup_memoria_tecnica\SOUSA_GERADOR_PDF_CONFIG.json","864","30/07/2026 11:40:22"
"C:\Users\Dionisio Lima\OneDrive\Área de Trabalho\SOUSA_2.0_PRODUCAO\backup_memoria_tecnica\SOUSA_LOG_ENGINE_CONFIG.json","666","30/07/2026 11:34:13"
"C:\Users\Dionisio Lima\OneDrive\Área de Trabalho\SOUSA_2.0_PRODUCAO\backup_memoria_tecnica\SOUSA_LOG_EVENTO_MODELO.json","662","30/07/2026 11:36:56"
"C:\Users\Dionisio Lima\OneDrive\Área de Trabalho\SOUSA_2.0_PRODUCAO\backup_memoria_tecnica\SOUSA_MEMORIA_TECNICA.json","809","30/07/2026 11:07:34"
"C:\Users\Dionisio Lima\OneDrive\Área de Trabalho\SOUSA_2.0_PRODUCAO\backup_memoria_tecnica\SOUSA_PROJETO_LIVRO_CONFIG.json","910","30/07/2026 11:48:22"
"C:\Users\Dionisio Lima\OneDrive\Área de Trabalho\SOUSA_2.0_PRODUCAO\BACKUP_OPERACIONAL_V1\NucleoOrquestrador.js","1736","24/07/2026 10:29:33"
"C:\Users\Dionisio Lima\OneDrive\Área de Trabalho\SOUSA_2.0_PRODUCAO\BACKUP_OPERACIONAL_V1\SOUSAILEON_ARM_V1.js","2896","24/07/2026 10:29:33"
"C:\Users\Dionisio Lima\OneDrive\Área de Trabalho\SOUSA_2.0_PRODUCAO\BACKUP_OPERACIONAL_V1\SOUSAILEON_ARM_V2.js","2176","24/07/2026 10:29:33"
"C:\Users\Dionisio Lima\OneDrive\Área de Trabalho\SOUSA_2.0_PRODUCAO\BACKUP_OPERACIONAL_V1\SOUSA_Core_antes_device_auth_30_07_2026.js","26780","30/07/2026 09:56:11"
"C:\Users\Dionisio Lima\OneDrive\Área de Trabalho\SOUSA_2.0_PRODUCAO\BACKUP_OPERACIONAL_V1\SOUSA_Core_antes_device_auth_handler_30_07_2026.js","26780","30/07/2026 09:56:11"
"C:\Users\Dionisio Lima\OneDrive\Área de Trabalho\SOUSA_2.0_PRODUCAO\BACKUP_OPERACIONAL_V1\SOUSA_Core_antes_expansao_roteador_30_07_2026.js","25519","30/07/2026 07:43:48"
"C:\Users\Dionisio Lima\OneDrive\Área de Trabalho\SOUSA_2.0_PRODUCAO\BACKUP_OPERACIONAL_V1\SOUSA_Core_antes_handlers_tunel_30_07_2026.js","25519","30/07/2026 07:43:48"
"C:\Users\Dionisio Lima\OneDrive\Área de Trabalho\SOUSA_2.0_PRODUCAO\BACKUP_OPERACIONAL_V1\SOUSA_Core_antes_sessao_device_auth_30_07_2026.js","26780","30/07/2026 09:56:11"
"C:\Users\Dionisio Lima\OneDrive\Área de Trabalho\SOUSA_2.0_PRODUCAO\BACKUP_OPERACIONAL_V1\SOUSA_Core_antes_tunel_30_07_2026.js","25095","29/07/2026 07:25:46"
"C:\Users\Dionisio Lima\OneDrive\Área de Trabalho\SOUSA_2.0_PRODUCAO\BACKUP_OPERACIONAL_V1\SOUSA_Core_tunel_confirmado_30_07_2026.js","26780","30/07/2026 09:56:11"
"C:\Users\Dionisio Lima\OneDrive\Área de Trabalho\SOUSA_2.0_PRODUCAO\BACKUP_OPERACIONAL_V1\SOUSA_Core_tunel_ping_confirmado_30_07_2026.js","26780","30/07/2026 09:56:11"
"C:\Users\Dionisio Lima\OneDrive\Área de Trabalho\SOUSA_2.0_PRODUCAO\BACKUP_OPERACIONAL_V2_SOUSAILEON\MonitorSintaxe.js","4349","24/07/2026 10:29:33"
"C:\Users\Dionisio Lima\OneDrive\Área de Trabalho\SOUSA_2.0_PRODUCAO\BACKUP_OPERACIONAL_V2_SOUSAILEON\NucleoOrquestrador.js","1312","24/07/2026 10:29:33"
"C:\Users\Dionisio Lima\OneDrive\Área de Trabalho\SOUSA_2.0_PRODUCAO\BACKUP_OPERACIONAL_V2_SOUSAILEON\PAINEL_SOUSA.html","1842","24/07/2026 10:29:33"
"C:\Users\Dionisio Lima\OneDrive\Área de Trabalho\SOUSA_2.0_PRODUCAO\BACKUP_OPERACIONAL_V2_SOUSAILEON\SOUSAILEON_ARM_V1.js","2896","24/07/2026 10:29:33"
"C:\Users\Dionisio Lima\OneDrive\Área de Trabalho\SOUSA_2.0_PRODUCAO\BACKUP_OPERACIONAL_V2_SOUSAILEON\SOUSAILEON_ARM_V2.js","2176","24/07/2026 10:29:33"
"C:\Users\Dionisio Lima\OneDrive\Área de Trabalho\SOUSA_2.0_PRODUCAO\BACKUP_OPERACIONAL_V2_SOUSAILEON\SOUSAILEON_COMMAND.js","1210","24/07/2026 10:29:33"
"C:\Users\Dionisio Lima\OneDrive\Área de Trabalho\SOUSA_2.0_PRODUCAO\BACKUP_OPERACIONAL_V3_SOUSAILEON\SOUSAILEON_BLOCK_MANAGER_V1.js","1011","24/07/2026 10:29:33"
"C:\Users\Dionisio Lima\OneDrive\Área de Trabalho\SOUSA_2.0_PRODUCAO\BACKUP_SEPARADO_24_07_2026\BACKUP_ANTES_LIMPEZA_24_07_2026\07_LOG\MonitorSintaxe\ALERTA_SOUSA.json","201","22/07/2026 11:25:54"
"C:\Users\Dionisio Lima\OneDrive\Área de Trabalho\SOUSA_2.0_PRODUCAO\BACKUP_SEPARADO_24_07_2026\BACKUP_ANTES_LIMPEZA_24_07_2026\08_BLOCOS_SOUSA\BIBLIOTECA\CATALOGO_BLOCOS.json","919","21/07/2026 11:55:22"
"C:\Users\Dionisio Lima\OneDrive\Área de Trabalho\SOUSA_2.0_PRODUCAO\BACKUP_SEPARADO_24_07_2026\BACKUP_ANTES_LIMPEZA_24_07_2026\08_BLOCOS_SOUSA\COMANDOS_MOBILE\autorizacoes_pendentes.json","287","22/07/2026 11:52:02"
"C:\Users\Dionisio Lima\OneDrive\Área de Trabalho\SOUSA_2.0_PRODUCAO\BACKUP_SEPARADO_24_07_2026\BACKUP_ANTES_LIMPEZA_24_07_2026\08_BLOCOS_SOUSA\COMANDOS_MOBILE\fila_pendente.json","143","22/07/2026 11:46:02"
"C:\Users\Dionisio Lima\OneDrive\Área de Trabalho\SOUSA_2.0_PRODUCAO\BACKUP_SEPARADO_24_07_2026\BACKUP_ANTES_LIMPEZA_24_07_2026\08_BLOCOS_SOUSA\COMANDOS_MOBILE\resposta_comando.json","329","22/07/2026 11:46:38"
"C:\Users\Dionisio Lima\OneDrive\Área de Trabalho\SOUSA_2.0_PRODUCAO\BACKUP_SEPARADO_24_07_2026\BACKUP_ANTES_LIMPEZA_24_07_2026\BACKUP_OPERACIONAL_V1\ALERTA_SOUSA.json","201","21/07/2026 09:54:37"
"C:\Users\Dionisio Lima\OneDrive\Área de Trabalho\SOUSA_2.0_PRODUCAO\BACKUP_SEPARADO_24_07_2026\BACKUP_ANTES_LIMPEZA_24_07_2026\BACKUP_OPERACIONAL_V1\COMANDO_SOUSAILEON.json","118","21/07/2026 10:55:01"
"C:\Users\Dionisio Lima\OneDrive\Área de Trabalho\SOUSA_2.0_PRODUCAO\BACKUP_SEPARADO_24_07_2026\BACKUP_ANTES_LIMPEZA_24_07_2026\BACKUP_OPERACIONAL_V1\PAINEL_SOUSA.json","100","21/07/2026 09:54:37"
"C:\Users\Dionisio Lima\OneDrive\Área de Trabalho\SOUSA_2.0_PRODUCAO\BACKUP_SEPARADO_24_07_2026\BACKUP_ANTES_LIMPEZA_24_07_2026\BACKUP_OPERACIONAL_V2_SOUSAILEON\PAINEL_SOUSA.json","100","21/07/2026 09:54:37"
"C:\Users\Dionisio Lima\OneDrive\Área de Trabalho\SOUSA_2.0_PRODUCAO\BACKUP_SEPARADO_24_07_2026\BACKUP_ANTES_LIMPEZA_24_07_2026\BACKUP_OPERACIONAL_V3_SOUSAILEON\CATALOGO_BLOCOS.json","919","21/07/2026 11:55:22"
"C:\Users\Dionisio Lima\OneDrive\Área de Trabalho\SOUSA_2.0_PRODUCAO\BACKUP_SEPARADO_24_07_2026\BACKUP_ANTES_LIMPEZA_24_07_2026\.clasp.json","276","13/07/2026 08:37:43"
"C:\Users\Dionisio Lima\OneDrive\Área de Trabalho\SOUSA_2.0_PRODUCAO\BACKUP_SEPARADO_24_07_2026\BACKUP_ANTES_LIMPEZA_24_07_2026\COMANDO_SOUSAILEON.json","118","21/07/2026 10:55:01"
"C:\Users\Dionisio Lima\OneDrive\Área de Trabalho\SOUSA_2.0_PRODUCAO\BACKUP_SEPARADO_24_07_2026\BACKUP_ANTES_LIMPEZA_24_07_2026\PAINEL_SOUSA.json","100","21/07/2026 09:54:37"
"C:\Users\Dionisio Lima\OneDrive\Área de Trabalho\SOUSA_2.0_PRODUCAO\BACKUP_SEPARADO_24_07_2026\BACKUP_OPERACIONAL_V1\ALERTA_SOUSA.json","201","21/07/2026 09:54:37"
"C:\Users\Dionisio Lima\OneDrive\Área de Trabalho\SOUSA_2.0_PRODUCAO\BACKUP_SEPARADO_24_07_2026\BACKUP_OPERACIONAL_V1\COMANDO_SOUSAILEON.json","118","21/07/2026 10:55:01"
"C:\Users\Dionisio Lima\OneDrive\Área de Trabalho\SOUSA_2.0_PRODUCAO\BACKUP_SEPARADO_24_07_2026\BACKUP_OPERACIONAL_V1\PAINEL_SOUSA.json","100","21/07/2026 09:54:37"
"C:\Users\Dionisio Lima\OneDrive\Área de Trabalho\SOUSA_2.0_PRODUCAO\BACKUP_SEPARADO_24_07_2026\BACKUP_OPERACIONAL_V2_SOUSAILEON\PAINEL_SOUSA.json","100","21/07/2026 09:54:37"
"C:\Users\Dionisio Lima\OneDrive\Área de Trabalho\SOUSA_2.0_PRODUCAO\BACKUP_SEPARADO_24_07_2026\BACKUP_OPERACIONAL_V3_SOUSAILEON\CATALOGO_BLOCOS.json","919","21/07/2026 11:55:22"
"C:\Users\Dionisio Lima\OneDrive\Área de Trabalho\SOUSA_2.0_PRODUCAO\BACKUP_SEPARADO_24_07_2026\MonitorSintaxe_BACKUP_V1.js","782","21/07/2026 07:52:47"
"C:\Users\Dionisio Lima\OneDrive\Área de Trabalho\SOUSA_2.0_PRODUCAO\BACKUP_SEPARADO_24_07_2026\MonitorSintaxe_BACKUP_V3.js","3954","21/07/2026 08:00:15"
"C:\Users\Dionisio Lima\OneDrive\Área de Trabalho\SOUSA_2.0_PRODUCAO\BACKUP_SEPARADO_24_07_2026\MonitorSintaxe_BACKUP_V4.js","4467","21/07/2026 08:03:11"
"C:\Users\Dionisio Lima\OneDrive\Área de Trabalho\SOUSA_2.0_PRODUCAO\BACKUP_SEPARADO_24_07_2026\MonitorSintaxe_BACKUP_V5.js","4467","21/07/2026 08:03:11"
"C:\Users\Dionisio Lima\OneDrive\Área de Trabalho\SOUSA_2.0_PRODUCAO\BACKUP_SEPARADO_24_07_2026\MonitorSintaxe_BACKUP_V6.js","3694","21/07/2026 09:14:22"
"C:\Users\Dionisio Lima\OneDrive\Área de Trabalho\SOUSA_2.0_PRODUCAO\BACKUP_SEPARADO_24_07_2026\MonitorSintaxe_BACKUP_V7.js","4349","21/07/2026 09:22:12"
"C:\Users\Dionisio Lima\OneDrive\Área de Trabalho\SOUSA_2.0_PRODUCAO\BACKUP_SEPARADO_24_07_2026\NucleoOrquestrador_BACKUP_V1.js","1736","21/07/2026 09:26:26"
"C:\Users\Dionisio Lima\OneDrive\Área de Trabalho\SOUSA_2.0_PRODUCAO\BACKUP_SEPARADO_24_07_2026\NucleoOrquestrador_BACKUP_V2.js","1736","21/07/2026 09:26:26"
"C:\Users\Dionisio Lima\OneDrive\Área de Trabalho\SOUSA_2.0_PRODUCAO\BACKUP_SEPARADO_24_07_2026\PAINEL_SOUSA_BACKUP_V1.html","1650","21/07/2026 09:30:54"
"C:\Users\Dionisio Lima\OneDrive\Área de Trabalho\SOUSA_2.0_PRODUCAO\BACKUP_SEPARADO_24_07_2026\PAINEL_SOUSA_BACKUP_V2.html","1842","21/07/2026 09:42:28"
"C:\Users\Dionisio Lima\OneDrive\Área de Trabalho\SOUSA_2.0_PRODUCAO\BACKUP_SEPARADO_24_07_2026\SOUSAILEON_ARM_BACKUP_V1.js","2896","21/07/2026 10:48:32"
"C:\Users\Dionisio Lima\OneDrive\Área de Trabalho\SOUSA_2.0_PRODUCAO\BACKUP_SEPARADO_24_07_2026\SOUSA_Connect_v1_BACKUP_ANALISE.js","20152","13/07/2026 08:37:43"
"C:\Users\Dionisio Lima\OneDrive\Área de Trabalho\SOUSA_2.0_PRODUCAO\BACKUP_SEPARADO_24_07_2026\SOUSA_Core_BACKUP_ADS_EVOLUTION.js","20242","13/07/2026 08:37:43"
"C:\Users\Dionisio Lima\OneDrive\Área de Trabalho\SOUSA_2.0_PRODUCAO\BACKUP_SEPARADO_24_07_2026\SOUSA_Core_BACKUP_antes_ADS.js","20242","13/07/2026 08:37:43"
"C:\Users\Dionisio Lima\OneDrive\Área de Trabalho\SOUSA_2.0_PRODUCAO\BACKUP_SEPARADO_24_07_2026\SOUSA_DEVICE_AUTH_BACKUP_V1.js","4774","24/07/2026 07:49:08"
"C:\Users\Dionisio Lima\OneDrive\Área de Trabalho\SOUSA_2.0_PRODUCAO\CONFIG\SOUSA_MENU_CONFIG.json","794","02/08/2026 11:23:23"
"C:\Users\Dionisio Lima\OneDrive\Área de Trabalho\SOUSA_2.0_PRODUCAO\MEMORIA\SOUSA_MEMORIA_AUTOMATICA.json","5827","02/08/2026 11:28:43"
"C:\Users\Dionisio Lima\OneDrive\Área de Trabalho\SOUSA_2.0_PRODUCAO\node_modules\@babel\code-frame\lib\index.js","7193","03/08/2026 12:26:52"
"C:\Users\Dionisio Lima\OneDrive\Área de Trabalho\SOUSA_2.0_PRODUCAO\node_modules\@babel\code-frame\package.json","907","03/08/2026 12:26:53"
"C:\Users\Dionisio Lima\OneDrive\Área de Trabalho\SOUSA_2.0_PRODUCAO\node_modules\@babel\helper-validator-identifier\lib\identifier.js","12543","03/08/2026 12:26:52"
"C:\Users\Dionisio Lima\OneDrive\Área de Trabalho\SOUSA_2.0_PRODUCAO\node_modules\@babel\helper-validator-identifier\lib\index.js","1362","03/08/2026 12:26:53"
"C:\Users\Dionisio Lima\OneDrive\Área de Trabalho\SOUSA_2.0_PRODUCAO\node_modules\@babel\helper-validator-identifier\lib\keyword.js","1577","03/08/2026 12:26:54"
"C:\Users\Dionisio Lima\OneDrive\Área de Trabalho\SOUSA_2.0_PRODUCAO\node_modules\@babel\helper-validator-identifier\package.json","738","03/08/2026 12:26:54"
"C:\Users\Dionisio Lima\OneDrive\Área de Trabalho\SOUSA_2.0_PRODUCAO\node_modules\@formatjs\ecma402-abstract\lib\NumberFormat\ApplyUnsignedRoundingMode.js","1013","03/08/2026 12:26:53"
"C:\Users\Dionisio Lima\OneDrive\Área de Trabalho\SOUSA_2.0_PRODUCAO\node_modules\@formatjs\ecma402-abstract\lib\NumberFormat\CollapseNumberRange.js","1912","03/08/2026 12:26:55"
"C:\Users\Dionisio Lima\OneDrive\Área de Trabalho\SOUSA_2.0_PRODUCAO\node_modules\@formatjs\ecma402-abstract\lib\NumberFormat\ComputeExponent.js","1359","03/08/2026 12:26:55"
"C:\Users\Dionisio Lima\OneDrive\Área de Trabalho\SOUSA_2.0_PRODUCAO\node_modules\@formatjs\ecma402-abstract\lib\NumberFormat\ComputeExponentForMagnitude.js","3106","03/08/2026 12:26:55"
"C:\Users\Dionisio Lima\OneDrive\Área de Trabalho\SOUSA_2.0_PRODUCAO\node_modules\@formatjs\ecma402-abstract\lib\NumberFormat\CurrencyDigits.js","284","03/08/2026 12:26:56"
"C:\Users\Dionisio Lima\OneDrive\Área de Trabalho\SOUSA_2.0_PRODUCAO\node_modules\@formatjs\ecma402-abstract\lib\NumberFormat\digit-mapping.generated.js","11377","03/08/2026 12:26:56"
"C:\Users\Dionisio Lima\OneDrive\Área de Trabalho\SOUSA_2.0_PRODUCAO\node_modules\@formatjs\ecma402-abstract\lib\NumberFormat\FormatApproximately.js","366","03/08/2026 12:26:57"
"C:\Users\Dionisio Lima\OneDrive\Área de Trabalho\SOUSA_2.0_PRODUCAO\node_modules\@formatjs\ecma402-abstract\lib\NumberFormat\FormatNumeric.js","242","03/08/2026 12:26:57"
"C:\Users\Dionisio Lima\OneDrive\Área de Trabalho\SOUSA_2.0_PRODUCAO\node_modules\@formatjs\ecma402-abstract\lib\NumberFormat\FormatNumericRange.js","436","03/08/2026 12:26:57"
"C:\Users\Dionisio Lima\OneDrive\Área de Trabalho\SOUSA_2.0_PRODUCAO\node_modules\@formatjs\ecma402-abstract\lib\NumberFormat\FormatNumericRangeToParts.js","562","03/08/2026 12:26:57"
"C:\Users\Dionisio Lima\OneDrive\Área de Trabalho\SOUSA_2.0_PRODUCAO\node_modules\@formatjs\ecma402-abstract\lib\NumberFormat\FormatNumericToParts.js","494","03/08/2026 12:26:57"
"C:\Users\Dionisio Lima\OneDrive\Área de Trabalho\SOUSA_2.0_PRODUCAO\node_modules\@formatjs\ecma402-abstract\lib\NumberFormat\FormatNumericToString.js","3088","03/08/2026 12:26:57"
"C:\Users\Dionisio Lima\OneDrive\Área de Trabalho\SOUSA_2.0_PRODUCAO\node_modules\@formatjs\ecma402-abstract\lib\NumberFormat\format_to_parts.js","21572","03/08/2026 12:26:57"
"C:\Users\Dionisio Lima\OneDrive\Área de Trabalho\SOUSA_2.0_PRODUCAO\node_modules\@formatjs\ecma402-abstract\lib\NumberFormat\GetUnsignedRoundingMode.js","702","03/08/2026 12:26:58"
"C:\Users\Dionisio Lima\OneDrive\Área de Trabalho\SOUSA_2.0_PRODUCAO\node_modules\@formatjs\ecma402-abstract\lib\NumberFormat\InitializeNumberFormat.js","3589","03/08/2026 12:26:58"
"C:\Users\Dionisio Lima\OneDrive\Área de Trabalho\SOUSA_2.0_PRODUCAO\node_modules\@formatjs\ecma402-abstract\lib\NumberFormat\PartitionNumberPattern.js","4793","03/08/2026 12:26:59"
"C:\Users\Dionisio Lima\OneDrive\Área de Trabalho\SOUSA_2.0_PRODUCAO\node_modules\@formatjs\ecma402-abstract\lib\NumberFormat\PartitionNumberRangePattern.js","1882","03/08/2026 12:26:59"
"C:\Users\Dionisio Lima\OneDrive\Área de Trabalho\SOUSA_2.0_PRODUCAO\node_modules\@formatjs\ecma402-abstract\lib\NumberFormat\SetNumberFormatDigitOptions.js","9691","03/08/2026 12:26:59"
"C:\Users\Dionisio Lima\OneDrive\Área de Trabalho\SOUSA_2.0_PRODUCAO\node_modules\@formatjs\ecma402-abstract\lib\NumberFormat\SetNumberFormatUnitOptions.js","3476","03/08/2026 12:26:59"
"C:\Users\Dionisio Lima\OneDrive\Área de Trabalho\SOUSA_2.0_PRODUCAO\node_modules\@formatjs\ecma402-abstract\lib\NumberFormat\ToRawFixed.js","4044","03/08/2026 12:26:59"
"C:\Users\Dionisio Lima\OneDrive\Área de Trabalho\SOUSA_2.0_PRODUCAO\node_modules\@formatjs\ecma402-abstract\lib\NumberFormat\ToRawPrecision.js","5405","03/08/2026 12:26:59"
"C:\Users\Dionisio Lima\OneDrive\Área de Trabalho\SOUSA_2.0_PRODUCAO\node_modules\@formatjs\ecma402-abstract\lib\types\core.js","11","03/08/2026 12:26:56"
"C:\Users\Dionisio Lima\OneDrive\Área de Trabalho\SOUSA_2.0_PRODUCAO\node_modules\@formatjs\ecma402-abstract\lib\types\date-time.js","250","03/08/2026 12:26:56"
"C:\Users\Dionisio Lima\OneDrive\Área de Trabalho\SOUSA_2.0_PRODUCAO\node_modules\@formatjs\ecma402-abstract\lib\types\displaynames.js","11","03/08/2026 12:26:57"
"C:\Users\Dionisio Lima\OneDrive\Área de Trabalho\SOUSA_2.0_PRODUCAO\node_modules\@formatjs\ecma402-abstract\lib\types\list.js","11","03/08/2026 12:26:58"
"C:\Users\Dionisio Lima\OneDrive\Área de Trabalho\SOUSA_2.0_PRODUCAO\node_modules\@formatjs\ecma402-abstract\lib\types\number.js","11","03/08/2026 12:26:59"
"C:\Users\Dionisio Lima\OneDrive\Área de Trabalho\SOUSA_2.0_PRODUCAO\node_modules\@formatjs\ecma402-abstract\lib\types\plural-rules.js","11","03/08/2026 12:26:59"
"C:\Users\Dionisio Lima\OneDrive\Área de Trabalho\SOUSA_2.0_PRODUCAO\node_modules\@formatjs\ecma402-abstract\lib\types\relative-time.js","11","03/08/2026 12:26:59"
"C:\Users\Dionisio Lima\OneDrive\Área de Trabalho\SOUSA_2.0_PRODUCAO\node_modules\@formatjs\ecma402-abstract\lib\262.js","10010","03/08/2026 12:26:52"
"C:\Users\Dionisio Lima\OneDrive\Área de Trabalho\SOUSA_2.0_PRODUCAO\node_modules\@formatjs\ecma402-abstract\lib\CanonicalizeLocaleList.js","220","03/08/2026 12:26:53"
"C:\Users\Dionisio Lima\OneDrive\Área de Trabalho\SOUSA_2.0_PRODUCAO\node_modules\@formatjs\ecma402-abstract\lib\CanonicalizeTimeZoneName.js","578","03/08/2026 12:26:54"
"C:\Users\Dionisio Lima\OneDrive\Área de Trabalho\SOUSA_2.0_PRODUCAO\node_modules\@formatjs\ecma402-abstract\lib\CoerceOptionsToObject.js","291","03/08/2026 12:26:55"
"C:\Users\Dionisio Lima\OneDrive\Área de Trabalho\SOUSA_2.0_PRODUCAO\node_modules\@formatjs\ecma402-abstract\lib\constants.js","146","03/08/2026 12:26:55"
"C:\Users\Dionisio Lima\OneDrive\Área de Trabalho\SOUSA_2.0_PRODUCAO\node_modules\@formatjs\ecma402-abstract\lib\data.js","475","03/08/2026 12:26:56"
"C:\Users\Dionisio Lima\OneDrive\Área de Trabalho\SOUSA_2.0_PRODUCAO\node_modules\@formatjs\ecma402-abstract\lib\DefaultNumberOption.js","505","03/08/2026 12:26:56"
"C:\Users\Dionisio Lima\OneDrive\Área de Trabalho\SOUSA_2.0_PRODUCAO\node_modules\@formatjs\ecma402-abstract\lib\GetNumberOption.js","382","03/08/2026 12:26:57"
"C:\Users\Dionisio Lima\OneDrive\Área de Trabalho\SOUSA_2.0_PRODUCAO\node_modules\@formatjs\ecma402-abstract\lib\GetOption.js","922","03/08/2026 12:26:57"
"C:\Users\Dionisio Lima\OneDrive\Área de Trabalho\SOUSA_2.0_PRODUCAO\node_modules\@formatjs\ecma402-abstract\lib\GetOptionsObject.js","340","03/08/2026 12:26:57"
"C:\Users\Dionisio Lima\OneDrive\Área de Trabalho\SOUSA_2.0_PRODUCAO\node_modules\@formatjs\ecma402-abstract\lib\GetStringOrBooleanOption.js","801","03/08/2026 12:26:58"
"C:\Users\Dionisio Lima\OneDrive\Área de Trabalho\SOUSA_2.0_PRODUCAO\node_modules\@formatjs\ecma402-abstract\lib\index.js","2334","03/08/2026 12:26:58"
"C:\Users\Dionisio Lima\OneDrive\Área de Trabalho\SOUSA_2.0_PRODUCAO\node_modules\@formatjs\ecma402-abstract\lib\IsSanctionedSimpleUnitIdentifier.js","1668","03/08/2026 12:26:58"
"C:\Users\Dionisio Lima\OneDrive\Área de Trabalho\SOUSA_2.0_PRODUCAO\node_modules\@formatjs\ecma402-abstract\lib\IsValidTimeZoneName.js","726","03/08/2026 12:26:58"
"C:\Users\Dionisio Lima\OneDrive\Área de Trabalho\SOUSA_2.0_PRODUCAO\node_modules\@formatjs\ecma402-abstract\lib\IsWellFormedCurrencyCode.js","564","03/08/2026 12:26:58"
"C:\Users\Dionisio Lima\OneDrive\Área de Trabalho\SOUSA_2.0_PRODUCAO\node_modules\@formatjs\ecma402-abstract\lib\IsWellFormedUnitIdentifier.js","867","03/08/2026 12:26:58"
"C:\Users\Dionisio Lima\OneDrive\Área de Trabalho\SOUSA_2.0_PRODUCAO\node_modules\@formatjs\ecma402-abstract\lib\PartitionPattern.js","1140","03/08/2026 12:26:59"
"C:\Users\Dionisio Lima\OneDrive\Área de Trabalho\SOUSA_2.0_PRODUCAO\node_modules\@formatjs\ecma402-abstract\lib\regex.generated.js","2565","03/08/2026 12:26:59"
"C:\Users\Dionisio Lima\OneDrive\Área de Trabalho\SOUSA_2.0_PRODUCAO\node_modules\@formatjs\ecma402-abstract\lib\SupportedLocales.js","774","03/08/2026 12:26:59"
"C:\Users\Dionisio Lima\OneDrive\Área de Trabalho\SOUSA_2.0_PRODUCAO\node_modules\@formatjs\ecma402-abstract\lib\ToIntlMathematicalValue.js","656","03/08/2026 12:26:59"
"C:\Users\Dionisio Lima\OneDrive\Área de Trabalho\SOUSA_2.0_PRODUCAO\node_modules\@formatjs\ecma402-abstract\lib\utils.js","4143","03/08/2026 12:26:59"
"C:\Users\Dionisio Lima\OneDrive\Área de Trabalho\SOUSA_2.0_PRODUCAO\node_modules\@formatjs\ecma402-abstract\NumberFormat\ApplyUnsignedRoundingMode.js","1182","03/08/2026 12:26:53"
"C:\Users\Dionisio Lima\OneDrive\Área de Trabalho\SOUSA_2.0_PRODUCAO\node_modules\@formatjs\ecma402-abstract\NumberFormat\CollapseNumberRange.js","2033","03/08/2026 12:26:55"
"C:\Users\Dionisio Lima\OneDrive\Área de Trabalho\SOUSA_2.0_PRODUCAO\node_modules\@formatjs\ecma402-abstract\NumberFormat\ComputeExponent.js","1651","03/08/2026 12:26:55"
"C:\Users\Dionisio Lima\OneDrive\Área de Trabalho\SOUSA_2.0_PRODUCAO\node_modules\@formatjs\ecma402-abstract\NumberFormat\ComputeExponentForMagnitude.js","3344","03/08/2026 12:26:55"
"C:\Users\Dionisio Lima\OneDrive\Área de Trabalho\SOUSA_2.0_PRODUCAO\node_modules\@formatjs\ecma402-abstract\NumberFormat\CurrencyDigits.js","398","03/08/2026 12:26:56"
"C:\Users\Dionisio Lima\OneDrive\Área de Trabalho\SOUSA_2.0_PRODUCAO\node_modules\@formatjs\ecma402-abstract\NumberFormat\digit-mapping.generated.js","11482","03/08/2026 12:26:56"
"C:\Users\Dionisio Lima\OneDrive\Área de Trabalho\SOUSA_2.0_PRODUCAO\node_modules\@formatjs\ecma402-abstract\NumberFormat\FormatApproximately.js","487","03/08/2026 12:26:57"
"C:\Users\Dionisio Lima\OneDrive\Área de Trabalho\SOUSA_2.0_PRODUCAO\node_modules\@formatjs\ecma402-abstract\NumberFormat\FormatNumeric.js","382","03/08/2026 12:26:57"
"C:\Users\Dionisio Lima\OneDrive\Área de Trabalho\SOUSA_2.0_PRODUCAO\node_modules\@formatjs\ecma402-abstract\NumberFormat\FormatNumericRange.js","591","03/08/2026 12:26:57"
"C:\Users\Dionisio Lima\OneDrive\Área de Trabalho\SOUSA_2.0_PRODUCAO\node_modules\@formatjs\ecma402-abstract\NumberFormat\FormatNumericRangeToParts.js","731","03/08/2026 12:26:57"
"C:\Users\Dionisio Lima\OneDrive\Área de Trabalho\SOUSA_2.0_PRODUCAO\node_modules\@formatjs\ecma402-abstract\NumberFormat\FormatNumericToParts.js","654","03/08/2026 12:26:57"
"C:\Users\Dionisio Lima\OneDrive\Área de Trabalho\SOUSA_2.0_PRODUCAO\node_modules\@formatjs\ecma402-abstract\NumberFormat\FormatNumericToString.js","3370","03/08/2026 12:26:57"
"C:\Users\Dionisio Lima\OneDrive\Área de Trabalho\SOUSA_2.0_PRODUCAO\node_modules\@formatjs\ecma402-abstract\NumberFormat\format_to_parts.js","21910","03/08/2026 12:26:57"
"C:\Users\Dionisio Lima\OneDrive\Área de Trabalho\SOUSA_2.0_PRODUCAO\node_modules\@formatjs\ecma402-abstract\NumberFormat\GetUnsignedRoundingMode.js","831","03/08/2026 12:26:58"
"C:\Users\Dionisio Lima\OneDrive\Área de Trabalho\SOUSA_2.0_PRODUCAO\node_modules\@formatjs\ecma402-abstract\NumberFormat\InitializeNumberFormat.js","4032","03/08/2026 12:26:58"
"C:\Users\Dionisio Lima\OneDrive\Área de Trabalho\SOUSA_2.0_PRODUCAO\node_modules\@formatjs\ecma402-abstract\NumberFormat\PartitionNumberPattern.js","5124","03/08/2026 12:26:59"
"C:\Users\Dionisio Lima\OneDrive\Área de Trabalho\SOUSA_2.0_PRODUCAO\node_modules\@formatjs\ecma402-abstract\NumberFormat\PartitionNumberRangePattern.js","2189","03/08/2026 12:26:59"
"C:\Users\Dionisio Lima\OneDrive\Área de Trabalho\SOUSA_2.0_PRODUCAO\node_modules\@formatjs\ecma402-abstract\NumberFormat\SetNumberFormatDigitOptions.js","10085","03/08/2026 12:26:59"
"C:\Users\Dionisio Lima\OneDrive\Área de Trabalho\SOUSA_2.0_PRODUCAO\node_modules\@formatjs\ecma402-abstract\NumberFormat\SetNumberFormatUnitOptions.js","3831","03/08/2026 12:26:59"
"C:\Users\Dionisio Lima\OneDrive\Área de Trabalho\SOUSA_2.0_PRODUCAO\node_modules\@formatjs\ecma402-abstract\NumberFormat\ToRawFixed.js","4311","03/08/2026 12:26:59"
"C:\Users\Dionisio Lima\OneDrive\Área de Trabalho\SOUSA_2.0_PRODUCAO\node_modules\@formatjs\ecma402-abstract\NumberFormat\ToRawPrecision.js","5778","03/08/2026 12:26:59"
"C:\Users\Dionisio Lima\OneDrive\Área de Trabalho\SOUSA_2.0_PRODUCAO\node_modules\@formatjs\ecma402-abstract\types\core.js","77","03/08/2026 12:26:56"
"C:\Users\Dionisio Lima\OneDrive\Área de Trabalho\SOUSA_2.0_PRODUCAO\node_modules\@formatjs\ecma402-abstract\types\date-time.js","382","03/08/2026 12:26:56"
"C:\Users\Dionisio Lima\OneDrive\Área de Trabalho\SOUSA_2.0_PRODUCAO\node_modules\@formatjs\ecma402-abstract\types\displaynames.js","77","03/08/2026 12:26:57"
"C:\Users\Dionisio Lima\OneDrive\Área de Trabalho\SOUSA_2.0_PRODUCAO\node_modules\@formatjs\ecma402-abstract\types\list.js","77","03/08/2026 12:26:58"
"C:\Users\Dionisio Lima\OneDrive\Área de Trabalho\SOUSA_2.0_PRODUCAO\node_modules\@formatjs\ecma402-abstract\types\number.js","77","03/08/2026 12:26:59"
"C:\Users\Dionisio Lima\OneDrive\Área de Trabalho\SOUSA_2.0_PRODUCAO\node_modules\@formatjs\ecma402-abstract\types\plural-rules.js","77","03/08/2026 12:26:59"
"C:\Users\Dionisio Lima\OneDrive\Área de Trabalho\SOUSA_2.0_PRODUCAO\node_modules\@formatjs\ecma402-abstract\types\relative-time.js","77","03/08/2026 12:26:59"
"C:\Users\Dionisio Lima\OneDrive\Área de Trabalho\SOUSA_2.0_PRODUCAO\node_modules\@formatjs\ecma402-abstract\262.js","10899","03/08/2026 12:26:52"
"C:\Users\Dionisio Lima\OneDrive\Área de Trabalho\SOUSA_2.0_PRODUCAO\node_modules\@formatjs\ecma402-abstract\CanonicalizeLocaleList.js","347","03/08/2026 12:26:53"
"C:\Users\Dionisio Lima\OneDrive\Área de Trabalho\SOUSA_2.0_PRODUCAO\node_modules\@formatjs\ecma402-abstract\CanonicalizeTimeZoneName.js","709","03/08/2026 12:26:53"
"C:\Users\Dionisio Lima\OneDrive\Área de Trabalho\SOUSA_2.0_PRODUCAO\node_modules\@formatjs\ecma402-abstract\CoerceOptionsToObject.js","425","03/08/2026 12:26:54"
"C:\Users\Dionisio Lima\OneDrive\Área de Trabalho\SOUSA_2.0_PRODUCAO\node_modules\@formatjs\ecma402-abstract\constants.js","379","03/08/2026 12:26:55"
"C:\Users\Dionisio Lima\OneDrive\Área de Trabalho\SOUSA_2.0_PRODUCAO\node_modules\@formatjs\ecma402-abstract\data.js","611","03/08/2026 12:26:56"
"C:\Users\Dionisio Lima\OneDrive\Área de Trabalho\SOUSA_2.0_PRODUCAO\node_modules\@formatjs\ecma402-abstract\DefaultNumberOption.js","626","03/08/2026 12:26:56"
"C:\Users\Dionisio Lima\OneDrive\Área de Trabalho\SOUSA_2.0_PRODUCAO\node_modules\@formatjs\ecma402-abstract\GetNumberOption.js","523","03/08/2026 12:26:57"
"C:\Users\Dionisio Lima\OneDrive\Área de Trabalho\SOUSA_2.0_PRODUCAO\node_modules\@formatjs\ecma402-abstract\GetOption.js","1032","03/08/2026 12:26:57"
"C:\Users\Dionisio Lima\OneDrive\Área de Trabalho\SOUSA_2.0_PRODUCAO\node_modules\@formatjs\ecma402-abstract\GetOptionsObject.js","455","03/08/2026 12:26:57"
"C:\Users\Dionisio Lima\OneDrive\Área de Trabalho\SOUSA_2.0_PRODUCAO\node_modules\@formatjs\ecma402-abstract\GetStringOrBooleanOption.js","941","03/08/2026 12:26:57"
"C:\Users\Dionisio Lima\OneDrive\Área de Trabalho\SOUSA_2.0_PRODUCAO\node_modules\@formatjs\ecma402-abstract\index.js","6010","03/08/2026 12:26:58"
"C:\Users\Dionisio Lima\OneDrive\Área de Trabalho\SOUSA_2.0_PRODUCAO\node_modules\@formatjs\ecma402-abstract\IsSanctionedSimpleUnitIdentifier.js","1927","03/08/2026 12:26:58"
"C:\Users\Dionisio Lima\OneDrive\Área de Trabalho\SOUSA_2.0_PRODUCAO\node_modules\@formatjs\ecma402-abstract\IsValidTimeZoneName.js","847","03/08/2026 12:26:58"
"C:\Users\Dionisio Lima\OneDrive\Área de Trabalho\SOUSA_2.0_PRODUCAO\node_modules\@formatjs\ecma402-abstract\IsWellFormedCurrencyCode.js","695","03/08/2026 12:26:58"
"C:\Users\Dionisio Lima\OneDrive\Área de Trabalho\SOUSA_2.0_PRODUCAO\node_modules\@formatjs\ecma402-abstract\IsWellFormedUnitIdentifier.js","1123","03/08/2026 12:26:58"
"C:\Users\Dionisio Lima\OneDrive\Área de Trabalho\SOUSA_2.0_PRODUCAO\node_modules\@formatjs\ecma402-abstract\package.json","848","03/08/2026 12:26:59"
"C:\Users\Dionisio Lima\OneDrive\Área de Trabalho\SOUSA_2.0_PRODUCAO\node_modules\@formatjs\ecma402-abstract\PartitionPattern.js","1265","03/08/2026 12:26:59"
"C:\Users\Dionisio Lima\OneDrive\Área de Trabalho\SOUSA_2.0_PRODUCAO\node_modules\@formatjs\ecma402-abstract\regex.generated.js","2673","03/08/2026 12:26:59"
"C:\Users\Dionisio Lima\OneDrive\Área de Trabalho\SOUSA_2.0_PRODUCAO\node_modules\@formatjs\ecma402-abstract\SupportedLocales.js","965","03/08/2026 12:26:59"
"C:\Users\Dionisio Lima\OneDrive\Área de Trabalho\SOUSA_2.0_PRODUCAO\node_modules\@formatjs\ecma402-abstract\ToIntlMathematicalValue.js","947","03/08/2026 12:26:59"
"C:\Users\Dionisio Lima\OneDrive\Área de Trabalho\SOUSA_2.0_PRODUCAO\node_modules\@formatjs\ecma402-abstract\utils.js","4951","03/08/2026 12:26:59"
"C:\Users\Dionisio Lima\OneDrive\Área de Trabalho\SOUSA_2.0_PRODUCAO\node_modules\@formatjs\fast-memoize\lib\index.js","2567","03/08/2026 12:26:52"
"C:\Users\Dionisio Lima\OneDrive\Área de Trabalho\SOUSA_2.0_PRODUCAO\node_modules\@formatjs\fast-memoize\index.js","2690","03/08/2026 12:26:52"
"C:\Users\Dionisio Lima\OneDrive\Área de Trabalho\SOUSA_2.0_PRODUCAO\node_modules\@formatjs\fast-memoize\package.json","520","03/08/2026 12:26:52"
"C:\Users\Dionisio Lima\OneDrive\Área de Trabalho\SOUSA_2.0_PRODUCAO\node_modules\@formatjs\icu-messageformat-parser\lib\date-time-pattern-generator.js","2942","03/08/2026 12:26:52"
"C:\Users\Dionisio Lima\OneDrive\Área de Trabalho\SOUSA_2.0_PRODUCAO\node_modules\@formatjs\icu-messageformat-parser\lib\error.js","4465","03/08/2026 12:26:53"
"C:\Users\Dionisio Lima\OneDrive\Área de Trabalho\SOUSA_2.0_PRODUCAO\node_modules\@formatjs\icu-messageformat-parser\lib\index.js","1743","03/08/2026 12:26:53"
"C:\Users\Dionisio Lima\OneDrive\Área de Trabalho\SOUSA_2.0_PRODUCAO\node_modules\@formatjs\icu-messageformat-parser\lib\manipulator.js","4828","03/08/2026 12:26:53"
"C:\Users\Dionisio Lima\OneDrive\Área de Trabalho\SOUSA_2.0_PRODUCAO\node_modules\@formatjs\icu-messageformat-parser\lib\no-parser.js","279","03/08/2026 12:26:54"
"C:\Users\Dionisio Lima\OneDrive\Área de Trabalho\SOUSA_2.0_PRODUCAO\node_modules\@formatjs\icu-messageformat-parser\lib\parser.js","48781","03/08/2026 12:26:55"
"C:\Users\Dionisio Lima\OneDrive\Área de Trabalho\SOUSA_2.0_PRODUCAO\node_modules\@formatjs\icu-messageformat-parser\lib\printer.js","3728","03/08/2026 12:26:55"
"C:\Users\Dionisio Lima\OneDrive\Área de Trabalho\SOUSA_2.0_PRODUCAO\node_modules\@formatjs\icu-messageformat-parser\lib\regex.generated.js","186","03/08/2026 12:26:55"
"C:\Users\Dionisio Lima\OneDrive\Área de Trabalho\SOUSA_2.0_PRODUCAO\node_modules\@formatjs\icu-messageformat-parser\lib\time-data.generated.js","16709","03/08/2026 12:26:55"
"C:\Users\Dionisio Lima\OneDrive\Área de Trabalho\SOUSA_2.0_PRODUCAO\node_modules\@formatjs\icu-messageformat-parser\lib\types.js","2367","03/08/2026 12:26:56"
"C:\Users\Dionisio Lima\OneDrive\Área de Trabalho\SOUSA_2.0_PRODUCAO\node_modules\@formatjs\icu-messageformat-parser\date-time-pattern-generator.js","3153","03/08/2026 12:26:52"
"C:\Users\Dionisio Lima\OneDrive\Área de Trabalho\SOUSA_2.0_PRODUCAO\node_modules\@formatjs\icu-messageformat-parser\error.js","4583","03/08/2026 12:26:52"
"C:\Users\Dionisio Lima\OneDrive\Área de Trabalho\SOUSA_2.0_PRODUCAO\node_modules\@formatjs\icu-messageformat-parser\index.js","2055","03/08/2026 12:26:53"
"C:\Users\Dionisio Lima\OneDrive\Área de Trabalho\SOUSA_2.0_PRODUCAO\node_modules\@formatjs\icu-messageformat-parser\manipulator.js","5052","03/08/2026 12:26:54"
"C:\Users\Dionisio Lima\OneDrive\Área de Trabalho\SOUSA_2.0_PRODUCAO\node_modules\@formatjs\icu-messageformat-parser\no-parser.js","615","03/08/2026 12:26:55"
"C:\Users\Dionisio Lima\OneDrive\Área de Trabalho\SOUSA_2.0_PRODUCAO\node_modules\@formatjs\icu-messageformat-parser\package.json","455","03/08/2026 12:26:56"
"C:\Users\Dionisio Lima\OneDrive\Área de Trabalho\SOUSA_2.0_PRODUCAO\node_modules\@formatjs\icu-messageformat-parser\parser.js","49361","03/08/2026 12:26:55"
"C:\Users\Dionisio Lima\OneDrive\Área de Trabalho\SOUSA_2.0_PRODUCAO\node_modules\@formatjs\icu-messageformat-parser\printer.js","3873","03/08/2026 12:26:55"
"C:\Users\Dionisio Lima\OneDrive\Área de Trabalho\SOUSA_2.0_PRODUCAO\node_modules\@formatjs\icu-messageformat-parser\regex.generated.js","325","03/08/2026 12:26:55"
"C:\Users\Dionisio Lima\OneDrive\Área de Trabalho\SOUSA_2.0_PRODUCAO\node_modules\@formatjs\icu-messageformat-parser\time-data.generated.js","16810","03/08/2026 12:26:55"
"C:\Users\Dionisio Lima\OneDrive\Área de Trabalho\SOUSA_2.0_PRODUCAO\node_modules\@formatjs\icu-messageformat-parser\types.js","3000","03/08/2026 12:26:56"
"C:\Users\Dionisio Lima\OneDrive\Área de Trabalho\SOUSA_2.0_PRODUCAO\node_modules\@formatjs\icu-skeleton-parser\lib\date-time.js","4886","03/08/2026 12:26:52"
"C:\Users\Dionisio Lima\OneDrive\Área de Trabalho\SOUSA_2.0_PRODUCAO\node_modules\@formatjs\icu-skeleton-parser\lib\index.js","55","03/08/2026 12:26:53"
"C:\Users\Dionisio Lima\OneDrive\Área de Trabalho\SOUSA_2.0_PRODUCAO\node_modules\@formatjs\icu-skeleton-parser\lib\number.js","11952","03/08/2026 12:26:53"
"C:\Users\Dionisio Lima\OneDrive\Área de Trabalho\SOUSA_2.0_PRODUCAO\node_modules\@formatjs\icu-skeleton-parser\lib\regex.generated.js","104","03/08/2026 12:26:53"
"C:\Users\Dionisio Lima\OneDrive\Área de Trabalho\SOUSA_2.0_PRODUCAO\node_modules\@formatjs\icu-skeleton-parser\date-time.js","5011","03/08/2026 12:26:52"
"C:\Users\Dionisio Lima\OneDrive\Área de Trabalho\SOUSA_2.0_PRODUCAO\node_modules\@formatjs\icu-skeleton-parser\index.js","216","03/08/2026 12:26:52"
"C:\Users\Dionisio Lima\OneDrive\Área de Trabalho\SOUSA_2.0_PRODUCAO\node_modules\@formatjs\icu-skeleton-parser\number.js","12312","03/08/2026 12:26:53"
"C:\Users\Dionisio Lima\OneDrive\Área de Trabalho\SOUSA_2.0_PRODUCAO\node_modules\@formatjs\icu-skeleton-parser\package.json","398","03/08/2026 12:26:54"
"C:\Users\Dionisio Lima\OneDrive\Área de Trabalho\SOUSA_2.0_PRODUCAO\node_modules\@formatjs\icu-skeleton-parser\regex.generated.js","214","03/08/2026 12:26:54"
"C:\Users\Dionisio Lima\OneDrive\Área de Trabalho\SOUSA_2.0_PRODUCAO\node_modules\@formatjs\intl\lib\src\create-intl.js","4400","03/08/2026 12:26:52"
"C:\Users\Dionisio Lima\OneDrive\Área de Trabalho\SOUSA_2.0_PRODUCAO\node_modules\@formatjs\intl\lib\src\dateTime.js","4470","03/08/2026 12:26:53"
"C:\Users\Dionisio Lima\OneDrive\Área de Trabalho\SOUSA_2.0_PRODUCAO\node_modules\@formatjs\intl\lib\src\displayName.js","876","03/08/2026 12:26:53"
"C:\Users\Dionisio Lima\OneDrive\Área de Trabalho\SOUSA_2.0_PRODUCAO\node_modules\@formatjs\intl\lib\src\error.js","4448","03/08/2026 12:26:54"
"C:\Users\Dionisio Lima\OneDrive\Área de Trabalho\SOUSA_2.0_PRODUCAO\node_modules\@formatjs\intl\lib\src\list.js","2211","03/08/2026 12:26:55"
"C:\Users\Dionisio Lima\OneDrive\Área de Trabalho\SOUSA_2.0_PRODUCAO\node_modules\@formatjs\intl\lib\src\message.js","5279","03/08/2026 12:26:55"
"C:\Users\Dionisio Lima\OneDrive\Área de Trabalho\SOUSA_2.0_PRODUCAO\node_modules\@formatjs\intl\lib\src\number.js","1826","03/08/2026 12:26:55"
"C:\Users\Dionisio Lima\OneDrive\Área de Trabalho\SOUSA_2.0_PRODUCAO\node_modules\@formatjs\intl\lib\src\plural.js","836","03/08/2026 12:26:56"
"C:\Users\Dionisio Lima\OneDrive\Área de Trabalho\SOUSA_2.0_PRODUCAO\node_modules\@formatjs\intl\lib\src\relativeTime.js","1397","03/08/2026 12:26:56"
"C:\Users\Dionisio Lima\OneDrive\Área de Trabalho\SOUSA_2.0_PRODUCAO\node_modules\@formatjs\intl\lib\src\types.js","11","03/08/2026 12:26:56"
"C:\Users\Dionisio Lima\OneDrive\Área de Trabalho\SOUSA_2.0_PRODUCAO\node_modules\@formatjs\intl\lib\src\utils.js","5796","03/08/2026 12:26:56"
"C:\Users\Dionisio Lima\OneDrive\Área de Trabalho\SOUSA_2.0_PRODUCAO\node_modules\@formatjs\intl\lib\index.js","742","03/08/2026 12:26:55"
"C:\Users\Dionisio Lima\OneDrive\Área de Trabalho\SOUSA_2.0_PRODUCAO\node_modules\@formatjs\intl\src\create-intl.js","4519","03/08/2026 12:26:52"
"C:\Users\Dionisio Lima\OneDrive\Área de Trabalho\SOUSA_2.0_PRODUCAO\node_modules\@formatjs\intl\src\dateTime.js","4819","03/08/2026 12:26:53"
"C:\Users\Dionisio Lima\OneDrive\Área de Trabalho\SOUSA_2.0_PRODUCAO\node_modules\@formatjs\intl\src\displayName.js","1039","03/08/2026 12:26:54"
"C:\Users\Dionisio Lima\OneDrive\Área de Trabalho\SOUSA_2.0_PRODUCAO\node_modules\@formatjs\intl\src\error.js","4952","03/08/2026 12:26:55"
"C:\Users\Dionisio Lima\OneDrive\Área de Trabalho\SOUSA_2.0_PRODUCAO\node_modules\@formatjs\intl\src\list.js","2414","03/08/2026 12:26:55"
"C:\Users\Dionisio Lima\OneDrive\Área de Trabalho\SOUSA_2.0_PRODUCAO\node_modules\@formatjs\intl\src\message.js","5581","03/08/2026 12:26:55"
"C:\Users\Dionisio Lima\OneDrive\Área de Trabalho\SOUSA_2.0_PRODUCAO\node_modules\@formatjs\intl\src\number.js","2019","03/08/2026 12:26:56"
"C:\Users\Dionisio Lima\OneDrive\Área de Trabalho\SOUSA_2.0_PRODUCAO\node_modules\@formatjs\intl\src\plural.js","989","03/08/2026 12:26:56"
"C:\Users\Dionisio Lima\OneDrive\Área de Trabalho\SOUSA_2.0_PRODUCAO\node_modules\@formatjs\intl\src\relativeTime.js","1559","03/08/2026 12:26:56"
"C:\Users\Dionisio Lima\OneDrive\Área de Trabalho\SOUSA_2.0_PRODUCAO\node_modules\@formatjs\intl\src\types.js","77","03/08/2026 12:26:56"
"C:\Users\Dionisio Lima\OneDrive\Área de Trabalho\SOUSA_2.0_PRODUCAO\node_modules\@formatjs\intl\src\utils.js","6358","03/08/2026 12:26:56"
"C:\Users\Dionisio Lima\OneDrive\Área de Trabalho\SOUSA_2.0_PRODUCAO\node_modules\@formatjs\intl\index.js","3389","03/08/2026 12:26:55"
"C:\Users\Dionisio Lima\OneDrive\Área de Trabalho\SOUSA_2.0_PRODUCAO\node_modules\@formatjs\intl\package.json","1085","03/08/2026 12:26:56"
"C:\Users\Dionisio Lima\OneDrive\Área de Trabalho\SOUSA_2.0_PRODUCAO\node_modules\@formatjs\intl-localematcher\abstract\BestAvailableLocale.js","678","03/08/2026 12:26:52"
"C:\Users\Dionisio Lima\OneDrive\Área de Trabalho\SOUSA_2.0_PRODUCAO\node_modules\@formatjs\intl-localematcher\abstract\BestFitMatcher.js","1235","03/08/2026 12:26:53"
"C:\Users\Dionisio Lima\OneDrive\Área de Trabalho\SOUSA_2.0_PRODUCAO\node_modules\@formatjs\intl-localematcher\abstract\CanonicalizeLocaleList.js","335","03/08/2026 12:26:53"
"C:\Users\Dionisio Lima\OneDrive\Área de Trabalho\SOUSA_2.0_PRODUCAO\node_modules\@formatjs\intl-localematcher\abstract\CanonicalizeUnicodeLocaleId.js","241","03/08/2026 12:26:54"
"C:\Users\Dionisio Lima\OneDrive\Área de Trabalho\SOUSA_2.0_PRODUCAO\node_modules\@formatjs\intl-localematcher\abstract\CanonicalizeUValue.js","491","03/08/2026 12:26:55"
"C:\Users\Dionisio Lima\OneDrive\Área de Trabalho\SOUSA_2.0_PRODUCAO\node_modules\@formatjs\intl-localematcher\abstract\InsertUnicodeExtensionAndCanonicalize.js","1486","03/08/2026 12:26:55"
"C:\Users\Dionisio Lima\OneDrive\Área de Trabalho\SOUSA_2.0_PRODUCAO\node_modules\@formatjs\intl-localematcher\abstract\languageMatching.js","78594","03/08/2026 12:26:55"
"C:\Users\Dionisio Lima\OneDrive\Área de Trabalho\SOUSA_2.0_PRODUCAO\node_modules\@formatjs\intl-localematcher\abstract\LookupMatcher.js","1145","03/08/2026 12:26:56"
"C:\Users\Dionisio Lima\OneDrive\Área de Trabalho\SOUSA_2.0_PRODUCAO\node_modules\@formatjs\intl-localematcher\abstract\LookupSupportedLocales.js","902","03/08/2026 12:26:56"
"C:\Users\Dionisio Lima\OneDrive\Área de Trabalho\SOUSA_2.0_PRODUCAO\node_modules\@formatjs\intl-localematcher\abstract\regions.generated.js","18630","03/08/2026 12:26:56"
"C:\Users\Dionisio Lima\OneDrive\Área de Trabalho\SOUSA_2.0_PRODUCAO\node_modules\@formatjs\intl-localematcher\abstract\ResolveLocale.js","4289","03/08/2026 12:26:56"
"C:\Users\Dionisio Lima\OneDrive\Área de Trabalho\SOUSA_2.0_PRODUCAO\node_modules\@formatjs\intl-localematcher\abstract\types.js","77","03/08/2026 12:26:56"
"C:\Users\Dionisio Lima\OneDrive\Área de Trabalho\SOUSA_2.0_PRODUCAO\node_modules\@formatjs\intl-localematcher\abstract\UnicodeExtensionComponents.js","1753","03/08/2026 12:26:57"
"C:\Users\Dionisio Lima\OneDrive\Área de Trabalho\SOUSA_2.0_PRODUCAO\node_modules\@formatjs\intl-localematcher\abstract\UnicodeExtensionValue.js","1359","03/08/2026 12:26:57"
"C:\Users\Dionisio Lima\OneDrive\Área de Trabalho\SOUSA_2.0_PRODUCAO\node_modules\@formatjs\intl-localematcher\abstract\utils.js","7124","03/08/2026 12:26:57"
"C:\Users\Dionisio Lima\OneDrive\Área de Trabalho\SOUSA_2.0_PRODUCAO\node_modules\@formatjs\intl-localematcher\lib\abstract\BestAvailableLocale.js","557","03/08/2026 12:26:52"
"C:\Users\Dionisio Lima\OneDrive\Área de Trabalho\SOUSA_2.0_PRODUCAO\node_modules\@formatjs\intl-localematcher\lib\abstract\BestFitMatcher.js","1144","03/08/2026 12:26:53"
"C:\Users\Dionisio Lima\OneDrive\Área de Trabalho\SOUSA_2.0_PRODUCAO\node_modules\@formatjs\intl-localematcher\lib\abstract\CanonicalizeLocaleList.js","208","03/08/2026 12:26:54"
"C:\Users\Dionisio Lima\OneDrive\Área de Trabalho\SOUSA_2.0_PRODUCAO\node_modules\@formatjs\intl-localematcher\lib\abstract\CanonicalizeUnicodeLocaleId.js","104","03/08/2026 12:26:55"
"C:\Users\Dionisio Lima\OneDrive\Área de Trabalho\SOUSA_2.0_PRODUCAO\node_modules\@formatjs\intl-localematcher\lib\abstract\CanonicalizeUValue.js","362","03/08/2026 12:26:55"
"C:\Users\Dionisio Lima\OneDrive\Área de Trabalho\SOUSA_2.0_PRODUCAO\node_modules\@formatjs\intl-localematcher\lib\abstract\InsertUnicodeExtensionAndCanonicalize.js","1248","03/08/2026 12:26:55"
"C:\Users\Dionisio Lima\OneDrive\Área de Trabalho\SOUSA_2.0_PRODUCAO\node_modules\@formatjs\intl-localematcher\lib\abstract\languageMatching.js","78497","03/08/2026 12:26:56"
"C:\Users\Dionisio Lima\OneDrive\Área de Trabalho\SOUSA_2.0_PRODUCAO\node_modules\@formatjs\intl-localematcher\lib\abstract\LookupMatcher.js","1026","03/08/2026 12:26:56"
"C:\Users\Dionisio Lima\OneDrive\Área de Trabalho\SOUSA_2.0_PRODUCAO\node_modules\@formatjs\intl-localematcher\lib\abstract\LookupSupportedLocales.js","765","03/08/2026 12:26:56"
"C:\Users\Dionisio Lima\OneDrive\Área de Trabalho\SOUSA_2.0_PRODUCAO\node_modules\@formatjs\intl-localematcher\lib\abstract\regions.generated.js","18530","03/08/2026 12:26:56"
"C:\Users\Dionisio Lima\OneDrive\Área de Trabalho\SOUSA_2.0_PRODUCAO\node_modules\@formatjs\intl-localematcher\lib\abstract\ResolveLocale.js","3991","03/08/2026 12:26:56"
"C:\Users\Dionisio Lima\OneDrive\Área de Trabalho\SOUSA_2.0_PRODUCAO\node_modules\@formatjs\intl-localematcher\lib\abstract\types.js","11","03/08/2026 12:26:57"
"C:\Users\Dionisio Lima\OneDrive\Área de Trabalho\SOUSA_2.0_PRODUCAO\node_modules\@formatjs\intl-localematcher\lib\abstract\UnicodeExtensionComponents (1).js","1569","03/08/2026 12:26:57"
"C:\Users\Dionisio Lima\OneDrive\Área de Trabalho\SOUSA_2.0_PRODUCAO\node_modules\@formatjs\intl-localematcher\lib\abstract\UnicodeExtensionComponents.js","1569","03/08/2026 12:26:57"
"C:\Users\Dionisio Lima\OneDrive\Área de Trabalho\SOUSA_2.0_PRODUCAO\node_modules\@formatjs\intl-localematcher\lib\abstract\UnicodeExtensionValue.js","1224","03/08/2026 12:26:57"
"C:\Users\Dionisio Lima\OneDrive\Área de Trabalho\SOUSA_2.0_PRODUCAO\node_modules\@formatjs\intl-localematcher\lib\abstract\utils.js","6795","03/08/2026 12:26:57"
"C:\Users\Dionisio Lima\OneDrive\Área de Trabalho\SOUSA_2.0_PRODUCAO\node_modules\@formatjs\intl-localematcher\lib\index.js","599","03/08/2026 12:26:55"
"C:\Users\Dionisio Lima\OneDrive\Área de Trabalho\SOUSA_2.0_PRODUCAO\node_modules\@formatjs\intl-localematcher\index.js","1101","03/08/2026 12:26:55"
"C:\Users\Dionisio Lima\OneDrive\Área de Trabalho\SOUSA_2.0_PRODUCAO\node_modules\@formatjs\intl-localematcher\package (1).json","582","03/08/2026 12:26:57"
"C:\Users\Dionisio Lima\OneDrive\Área de Trabalho\SOUSA_2.0_PRODUCAO\node_modules\@formatjs\intl-localematcher\package.json","582","03/08/2026 12:26:57"
"C:\Users\Dionisio Lima\OneDrive\Área de Trabalho\SOUSA_2.0_PRODUCAO\node_modules\@google\clasp\build\src\auth\auth.js","10973","03/08/2026 12:26:54"
"C:\Users\Dionisio Lima\OneDrive\Área de Trabalho\SOUSA_2.0_PRODUCAO\node_modules\@google\clasp\build\src\auth\auth_code_flow.js","3614","03/08/2026 12:26:53"
"C:\Users\Dionisio Lima\OneDrive\Área de Trabalho\SOUSA_2.0_PRODUCAO\node_modules\@google\clasp\build\src\auth\credential_store.js","599","03/08/2026 12:26:56"
"C:\Users\Dionisio Lima\OneDrive\Área de Trabalho\SOUSA_2.0_PRODUCAO\node_modules\@google\clasp\build\src\auth\file_credential_store.js","5855","03/08/2026 12:26:56"
"C:\Users\Dionisio Lima\OneDrive\Área de Trabalho\SOUSA_2.0_PRODUCAO\node_modules\@google\clasp\build\src\auth\localhost_auth_code_flow.js","5498","03/08/2026 12:26:57"
"C:\Users\Dionisio Lima\OneDrive\Área de Trabalho\SOUSA_2.0_PRODUCAO\node_modules\@google\clasp\build\src\auth\oauth_client.js","1051","03/08/2026 12:26:57"
"C:\Users\Dionisio Lima\OneDrive\Área de Trabalho\SOUSA_2.0_PRODUCAO\node_modules\@google\clasp\build\src\auth\serverless_auth_code_flow.js","3231","03/08/2026 12:26:59"
"C:\Users\Dionisio Lima\OneDrive\Área de Trabalho\SOUSA_2.0_PRODUCAO\node_modules\@google\clasp\build\src\commands\clone-script.js","5210","03/08/2026 12:26:55"
"C:\Users\Dionisio Lima\OneDrive\Área de Trabalho\SOUSA_2.0_PRODUCAO\node_modules\@google\clasp\build\src\commands\create-deployment.js","3028","03/08/2026 12:26:55"
"C:\Users\Dionisio Lima\OneDrive\Área de Trabalho\SOUSA_2.0_PRODUCAO\node_modules\@google\clasp\build\src\commands\create-script.js","6999","03/08/2026 12:26:55"
"C:\Users\Dionisio Lima\OneDrive\Área de Trabalho\SOUSA_2.0_PRODUCAO\node_modules\@google\clasp\build\src\commands\create-version.js","2174","03/08/2026 12:26:55"
"C:\Users\Dionisio Lima\OneDrive\Área de Trabalho\SOUSA_2.0_PRODUCAO\node_modules\@google\clasp\build\src\commands\delete-deployment.js","4728","03/08/2026 12:26:56"
"C:\Users\Dionisio Lima\OneDrive\Área de Trabalho\SOUSA_2.0_PRODUCAO\node_modules\@google\clasp\build\src\commands\delete-script.js","1935","03/08/2026 12:26:56"
"C:\Users\Dionisio Lima\OneDrive\Área de Trabalho\SOUSA_2.0_PRODUCAO\node_modules\@google\clasp\build\src\commands\disable-api.js","1804","03/08/2026 12:26:56"
"C:\Users\Dionisio Lima\OneDrive\Área de Trabalho\SOUSA_2.0_PRODUCAO\node_modules\@google\clasp\build\src\commands\enable-api.js","2254","03/08/2026 12:26:56"
"C:\Users\Dionisio Lima\OneDrive\Área de Trabalho\SOUSA_2.0_PRODUCAO\node_modules\@google\clasp\build\src\commands\list-apis.js","2413","03/08/2026 12:26:57"
"C:\Users\Dionisio Lima\OneDrive\Área de Trabalho\SOUSA_2.0_PRODUCAO\node_modules\@google\clasp\build\src\commands\list-deployments.js","3122","03/08/2026 12:26:57"
"C:\Users\Dionisio Lima\OneDrive\Área de Trabalho\SOUSA_2.0_PRODUCAO\node_modules\@google\clasp\build\src\commands\list-scripts.js","2406","03/08/2026 12:26:57"
"C:\Users\Dionisio Lima\OneDrive\Área de Trabalho\SOUSA_2.0_PRODUCAO\node_modules\@google\clasp\build\src\commands\list-versions.js","2885","03/08/2026 12:26:57"
"C:\Users\Dionisio Lima\OneDrive\Área de Trabalho\SOUSA_2.0_PRODUCAO\node_modules\@google\clasp\build\src\commands\login.js","6239","03/08/2026 12:26:57"
"C:\Users\Dionisio Lima\OneDrive\Área de Trabalho\SOUSA_2.0_PRODUCAO\node_modules\@google\clasp\build\src\commands\logout.js","1656","03/08/2026 12:26:57"
"C:\Users\Dionisio Lima\OneDrive\Área de Trabalho\SOUSA_2.0_PRODUCAO\node_modules\@google\clasp\build\src\commands\open-apis.js","1717","03/08/2026 12:26:57"
"C:\Users\Dionisio Lima\OneDrive\Área de Trabalho\SOUSA_2.0_PRODUCAO\node_modules\@google\clasp\build\src\commands\open-container.js","1761","03/08/2026 12:26:57"
"C:\Users\Dionisio Lima\OneDrive\Área de Trabalho\SOUSA_2.0_PRODUCAO\node_modules\@google\clasp\build\src\commands\open-credentials.js","1736","03/08/2026 12:26:58"
"C:\Users\Dionisio Lima\OneDrive\Área de Trabalho\SOUSA_2.0_PRODUCAO\node_modules\@google\clasp\build\src\commands\open-logs.js","1745","03/08/2026 12:26:58"
"C:\Users\Dionisio Lima\OneDrive\Área de Trabalho\SOUSA_2.0_PRODUCAO\node_modules\@google\clasp\build\src\commands\open-script.js","1785","03/08/2026 12:26:58"
"C:\Users\Dionisio Lima\OneDrive\Área de Trabalho\SOUSA_2.0_PRODUCAO\node_modules\@google\clasp\build\src\commands\open-webapp.js","3991","03/08/2026 12:26:58"
"C:\Users\Dionisio Lima\OneDrive\Área de Trabalho\SOUSA_2.0_PRODUCAO\node_modules\@google\clasp\build\src\commands\program.js","7824","03/08/2026 12:26:58"
"C:\Users\Dionisio Lima\OneDrive\Área de Trabalho\SOUSA_2.0_PRODUCAO\node_modules\@google\clasp\build\src\commands\pull.js","5374","03/08/2026 12:26:58"
"C:\Users\Dionisio Lima\OneDrive\Área de Trabalho\SOUSA_2.0_PRODUCAO\node_modules\@google\clasp\build\src\commands\push.js","5738","03/08/2026 12:26:58"
"C:\Users\Dionisio Lima\OneDrive\Área de Trabalho\SOUSA_2.0_PRODUCAO\node_modules\@google\clasp\build\src\commands\run-function.js","5333","03/08/2026 12:26:58"
"C:\Users\Dionisio Lima\OneDrive\Área de Trabalho\SOUSA_2.0_PRODUCAO\node_modules\@google\clasp\build\src\commands\setup-logs.js","1458","03/08/2026 12:26:59"
"C:\Users\Dionisio Lima\OneDrive\Área de Trabalho\SOUSA_2.0_PRODUCAO\node_modules\@google\clasp\build\src\commands\show-authorized-user.js","2929","03/08/2026 12:26:59"
"C:\Users\Dionisio Lima\OneDrive\Área de Trabalho\SOUSA_2.0_PRODUCAO\node_modules\@google\clasp\build\src\commands\show-file-status.js","2207","03/08/2026 12:26:59"
"C:\Users\Dionisio Lima\OneDrive\Área de Trabalho\SOUSA_2.0_PRODUCAO\node_modules\@google\clasp\build\src\commands\start-mcp.js","1237","03/08/2026 12:26:59"
"C:\Users\Dionisio Lima\OneDrive\Área de Trabalho\SOUSA_2.0_PRODUCAO\node_modules\@google\clasp\build\src\commands\tail-logs.js","4540","03/08/2026 12:26:59"
"C:\Users\Dionisio Lima\OneDrive\Área de Trabalho\SOUSA_2.0_PRODUCAO\node_modules\@google\clasp\build\src\commands\update-deployment.js","3240","03/08/2026 12:26:59"
"C:\Users\Dionisio Lima\OneDrive\Área de Trabalho\SOUSA_2.0_PRODUCAO\node_modules\@google\clasp\build\src\commands\utils.js","6670","03/08/2026 12:26:59"
"C:\Users\Dionisio Lima\OneDrive\Área de Trabalho\SOUSA_2.0_PRODUCAO\node_modules\@google\clasp\build\src\commands\validate.js","1699","03/08/2026 12:26:59"
"C:\Users\Dionisio Lima\OneDrive\Área de Trabalho\SOUSA_2.0_PRODUCAO\node_modules\@google\clasp\build\src\core\apis.js","4236","03/08/2026 12:26:53"
"C:\Users\Dionisio Lima\OneDrive\Área de Trabalho\SOUSA_2.0_PRODUCAO\node_modules\@google\clasp\build\src\core\clasp.js","12397","03/08/2026 12:26:54"
"C:\Users\Dionisio Lima\OneDrive\Área de Trabalho\SOUSA_2.0_PRODUCAO\node_modules\@google\clasp\build\src\core\files.js","25087","03/08/2026 12:26:56"
"C:\Users\Dionisio Lima\OneDrive\Área de Trabalho\SOUSA_2.0_PRODUCAO\node_modules\@google\clasp\build\src\core\functions.js","4008","03/08/2026 12:26:57"
"C:\Users\Dionisio Lima\OneDrive\Área de Trabalho\SOUSA_2.0_PRODUCAO\node_modules\@google\clasp\build\src\core\logs.js","3167","03/08/2026 12:26:57"
"C:\Users\Dionisio Lima\OneDrive\Área de Trabalho\SOUSA_2.0_PRODUCAO\node_modules\@google\clasp\build\src\core\manifest.js","599","03/08/2026 12:26:57"
"C:\Users\Dionisio Lima\OneDrive\Área de Trabalho\SOUSA_2.0_PRODUCAO\node_modules\@google\clasp\build\src\core\project.js","21675","03/08/2026 12:26:58"
"C:\Users\Dionisio Lima\OneDrive\Área de Trabalho\SOUSA_2.0_PRODUCAO\node_modules\@google\clasp\build\src\core\services.js","14672","03/08/2026 12:26:59"
"C:\Users\Dionisio Lima\OneDrive\Área de Trabalho\SOUSA_2.0_PRODUCAO\node_modules\@google\clasp\build\src\core\utils.js","7265","03/08/2026 12:26:59"
"C:\Users\Dionisio Lima\OneDrive\Área de Trabalho\SOUSA_2.0_PRODUCAO\node_modules\@google\clasp\build\src\mcp\server.js","16163","03/08/2026 12:26:58"
"C:\Users\Dionisio Lima\OneDrive\Área de Trabalho\SOUSA_2.0_PRODUCAO\node_modules\@google\clasp\build\src\constants.js","916","03/08/2026 12:26:55"
"C:\Users\Dionisio Lima\OneDrive\Área de Trabalho\SOUSA_2.0_PRODUCAO\node_modules\@google\clasp\build\src\experiments.js","1713","03/08/2026 12:26:56"
"C:\Users\Dionisio Lima\OneDrive\Área de Trabalho\SOUSA_2.0_PRODUCAO\node_modules\@google\clasp\build\src\index.js","1783","03/08/2026 12:26:57"
"C:\Users\Dionisio Lima\OneDrive\Área de Trabalho\SOUSA_2.0_PRODUCAO\node_modules\@google\clasp\build\src\intl.js","2388","03/08/2026 12:26:57"
"C:\Users\Dionisio Lima\OneDrive\Área de Trabalho\SOUSA_2.0_PRODUCAO\node_modules\@google\clasp\docs\Gitpod\Code.gs","51","03/08/2026 12:26:52"
"C:\Users\Dionisio Lima\OneDrive\Área de Trabalho\SOUSA_2.0_PRODUCAO\node_modules\@google\clasp\package.json","3148","03/08/2026 12:26:59"
"C:\Users\Dionisio Lima\OneDrive\Área de Trabalho\SOUSA_2.0_PRODUCAO\node_modules\@hono\node-server\package.json","2793","03/08/2026 12:26:55"
"C:\Users\Dionisio Lima\OneDrive\Área de Trabalho\SOUSA_2.0_PRODUCAO\node_modules\@inquirer\ansi\dist\commonjs\index.js","1196","03/08/2026 12:26:52"
"C:\Users\Dionisio Lima\OneDrive\Área de Trabalho\SOUSA_2.0_PRODUCAO\node_modules\@inquirer\ansi\dist\commonjs\package.json","25","03/08/2026 12:26:53"
"C:\Users\Dionisio Lima\OneDrive\Área de Trabalho\SOUSA_2.0_PRODUCAO\node_modules\@inquirer\ansi\dist\esm\index.js","866","03/08/2026 12:26:53"
"C:\Users\Dionisio Lima\OneDrive\Área de Trabalho\SOUSA_2.0_PRODUCAO\node_modules\@inquirer\ansi\dist\esm\package.json","23","03/08/2026 12:26:53"
"C:\Users\Dionisio Lima\OneDrive\Área de Trabalho\SOUSA_2.0_PRODUCAO\node_modules\@inquirer\ansi\package.json","1870","03/08/2026 12:26:53"
"C:\Users\Dionisio Lima\OneDrive\Área de Trabalho\SOUSA_2.0_PRODUCAO\node_modules\@inquirer\checkbox\dist\commonjs\index.js","8543","03/08/2026 12:26:52"
"C:\Users\Dionisio Lima\OneDrive\Área de Trabalho\SOUSA_2.0_PRODUCAO\node_modules\@inquirer\checkbox\dist\commonjs\package.json","25","03/08/2026 12:26:53"
"C:\Users\Dionisio Lima\OneDrive\Área de Trabalho\SOUSA_2.0_PRODUCAO\node_modules\@inquirer\checkbox\dist\esm\index.js","7890","03/08/2026 12:26:53"
"C:\Users\Dionisio Lima\OneDrive\Área de Trabalho\SOUSA_2.0_PRODUCAO\node_modules\@inquirer\checkbox\dist\esm\package.json","23","03/08/2026 12:26:53"
"C:\Users\Dionisio Lima\OneDrive\Área de Trabalho\SOUSA_2.0_PRODUCAO\node_modules\@inquirer\checkbox\package.json","2276","03/08/2026 12:26:54"
"C:\Users\Dionisio Lima\OneDrive\Área de Trabalho\SOUSA_2.0_PRODUCAO\node_modules\@inquirer\confirm\dist\commonjs\index.js","1792","03/08/2026 12:26:52"
"C:\Users\Dionisio Lima\OneDrive\Área de Trabalho\SOUSA_2.0_PRODUCAO\node_modules\@inquirer\confirm\dist\commonjs\package.json","25","03/08/2026 12:26:53"
"C:\Users\Dionisio Lima\OneDrive\Área de Trabalho\SOUSA_2.0_PRODUCAO\node_modules\@inquirer\confirm\dist\esm\index.js","1689","03/08/2026 12:26:53"
"C:\Users\Dionisio Lima\OneDrive\Área de Trabalho\SOUSA_2.0_PRODUCAO\node_modules\@inquirer\confirm\dist\esm\package.json","23","03/08/2026 12:26:53"
"C:\Users\Dionisio Lima\OneDrive\Área de Trabalho\SOUSA_2.0_PRODUCAO\node_modules\@inquirer\confirm\package.json","2173","03/08/2026 12:26:53"
"C:\Users\Dionisio Lima\OneDrive\Área de Trabalho\SOUSA_2.0_PRODUCAO\node_modules\@inquirer\core\dist\commonjs\lib\pagination\use-pagination.js","6510","03/08/2026 12:26:57"
"C:\Users\Dionisio Lima\OneDrive\Área de Trabalho\SOUSA_2.0_PRODUCAO\node_modules\@inquirer\core\dist\commonjs\lib\create-prompt.js","7519","03/08/2026 12:26:52"
"C:\Users\Dionisio Lima\OneDrive\Área de Trabalho\SOUSA_2.0_PRODUCAO\node_modules\@inquirer\core\dist\commonjs\lib\errors.js","925","03/08/2026 12:26:53"
"C:\Users\Dionisio Lima\OneDrive\Área de Trabalho\SOUSA_2.0_PRODUCAO\node_modules\@inquirer\core\dist\commonjs\lib\hook-engine.js","3590","03/08/2026 12:26:55"
"C:\Users\Dionisio Lima\OneDrive\Área de Trabalho\SOUSA_2.0_PRODUCAO\node_modules\@inquirer\core\dist\commonjs\lib\key.js","1443","03/08/2026 12:26:55"
"C:\Users\Dionisio Lima\OneDrive\Área de Trabalho\SOUSA_2.0_PRODUCAO\node_modules\@inquirer\core\dist\commonjs\lib\make-theme.js","1028","03/08/2026 12:26:56"
"C:\Users\Dionisio Lima\OneDrive\Área de Trabalho\SOUSA_2.0_PRODUCAO\node_modules\@inquirer\core\dist\commonjs\lib\promise-polyfill.js","678","03/08/2026 12:26:56"
"C:\Users\Dionisio Lima\OneDrive\Área de Trabalho\SOUSA_2.0_PRODUCAO\node_modules\@inquirer\core\dist\commonjs\lib\screen-manager.js","3595","03/08/2026 12:26:56"
"C:\Users\Dionisio Lima\OneDrive\Área de Trabalho\SOUSA_2.0_PRODUCAO\node_modules\@inquirer\core\dist\commonjs\lib\Separator.js","925","03/08/2026 12:26:56"
"C:\Users\Dionisio Lima\OneDrive\Área de Trabalho\SOUSA_2.0_PRODUCAO\node_modules\@inquirer\core\dist\commonjs\lib\theme.js","1201","03/08/2026 12:26:57"
"C:\Users\Dionisio Lima\OneDrive\Área de Trabalho\SOUSA_2.0_PRODUCAO\node_modules\@inquirer\core\dist\commonjs\lib\use-effect.js","532","03/08/2026 12:26:57"
"C:\Users\Dionisio Lima\OneDrive\Área de Trabalho\SOUSA_2.0_PRODUCAO\node_modules\@inquirer\core\dist\commonjs\lib\use-keypress.js","823","03/08/2026 12:26:57"
"C:\Users\Dionisio Lima\OneDrive\Área de Trabalho\SOUSA_2.0_PRODUCAO\node_modules\@inquirer\core\dist\commonjs\lib\use-memo.js","606","03/08/2026 12:26:57"
"C:\Users\Dionisio Lima\OneDrive\Área de Trabalho\SOUSA_2.0_PRODUCAO\node_modules\@inquirer\core\dist\commonjs\lib\use-prefix.js","1561","03/08/2026 12:26:57"
"C:\Users\Dionisio Lima\OneDrive\Área de Trabalho\SOUSA_2.0_PRODUCAO\node_modules\@inquirer\core\dist\commonjs\lib\use-ref.js","239","03/08/2026 12:26:57"
"C:\Users\Dionisio Lima\OneDrive\Área de Trabalho\SOUSA_2.0_PRODUCAO\node_modules\@inquirer\core\dist\commonjs\lib\use-state.js","910","03/08/2026 12:26:57"
"C:\Users\Dionisio Lima\OneDrive\Área de Trabalho\SOUSA_2.0_PRODUCAO\node_modules\@inquirer\core\dist\commonjs\lib\utils.js","1168","03/08/2026 12:26:58"
"C:\Users\Dionisio Lima\OneDrive\Área de Trabalho\SOUSA_2.0_PRODUCAO\node_modules\@inquirer\core\dist\commonjs\index.js","3822","03/08/2026 12:26:55"
"C:\Users\Dionisio Lima\OneDrive\Área de Trabalho\SOUSA_2.0_PRODUCAO\node_modules\@inquirer\core\dist\commonjs\package.json","25","03/08/2026 12:26:58"
"C:\Users\Dionisio Lima\OneDrive\Área de Trabalho\SOUSA_2.0_PRODUCAO\node_modules\@inquirer\core\dist\esm\lib\pagination\use-pagination.js","6358","03/08/2026 12:26:57"
"C:\Users\Dionisio Lima\OneDrive\Área de Trabalho\SOUSA_2.0_PRODUCAO\node_modules\@inquirer\core\dist\esm\lib\create-prompt.js","5674","03/08/2026 12:26:53"
"C:\Users\Dionisio Lima\OneDrive\Área de Trabalho\SOUSA_2.0_PRODUCAO\node_modules\@inquirer\core\dist\esm\lib\errors.js","539","03/08/2026 12:26:54"
"C:\Users\Dionisio Lima\OneDrive\Área de Trabalho\SOUSA_2.0_PRODUCAO\node_modules\@inquirer\core\dist\esm\lib\hook-engine.js","3317","03/08/2026 12:26:55"
"C:\Users\Dionisio Lima\OneDrive\Área de Trabalho\SOUSA_2.0_PRODUCAO\node_modules\@inquirer\core\dist\esm\lib\key.js","1032","03/08/2026 12:26:55"
"C:\Users\Dionisio Lima\OneDrive\Área de Trabalho\SOUSA_2.0_PRODUCAO\node_modules\@inquirer\core\dist\esm\lib\make-theme.js","917","03/08/2026 12:26:56"
"C:\Users\Dionisio Lima\OneDrive\Área de Trabalho\SOUSA_2.0_PRODUCAO\node_modules\@inquirer\core\dist\esm\lib\promise-polyfill.js","531","03/08/2026 12:26:56"
"C:\Users\Dionisio Lima\OneDrive\Área de Trabalho\SOUSA_2.0_PRODUCAO\node_modules\@inquirer\core\dist\esm\lib\screen-manager.js","3417","03/08/2026 12:26:56"
"C:\Users\Dionisio Lima\OneDrive\Área de Trabalho\SOUSA_2.0_PRODUCAO\node_modules\@inquirer\core\dist\esm\lib\Separator.js","571","03/08/2026 12:26:56"
"C:\Users\Dionisio Lima\OneDrive\Área de Trabalho\SOUSA_2.0_PRODUCAO\node_modules\@inquirer\core\dist\esm\lib\theme.js","683","03/08/2026 12:26:57"
"C:\Users\Dionisio Lima\OneDrive\Área de Trabalho\SOUSA_2.0_PRODUCAO\node_modules\@inquirer\core\dist\esm\lib\use-effect.js","403","03/08/2026 12:26:57"
"C:\Users\Dionisio Lima\OneDrive\Área de Trabalho\SOUSA_2.0_PRODUCAO\node_modules\@inquirer\core\dist\esm\lib\use-keypress.js","637","03/08/2026 12:26:57"
"C:\Users\Dionisio Lima\OneDrive\Área de Trabalho\SOUSA_2.0_PRODUCAO\node_modules\@inquirer\core\dist\esm\lib\use-memo.js","481","03/08/2026 12:26:57"
"C:\Users\Dionisio Lima\OneDrive\Área de Trabalho\SOUSA_2.0_PRODUCAO\node_modules\@inquirer\core\dist\esm\lib\use-prefix.js","1357","03/08/2026 12:26:57"
"C:\Users\Dionisio Lima\OneDrive\Área de Trabalho\SOUSA_2.0_PRODUCAO\node_modules\@inquirer\core\dist\esm\lib\use-ref.js","117","03/08/2026 12:26:57"
"C:\Users\Dionisio Lima\OneDrive\Área de Trabalho\SOUSA_2.0_PRODUCAO\node_modules\@inquirer\core\dist\esm\lib\use-state.js","750","03/08/2026 12:26:58"
"C:\Users\Dionisio Lima\OneDrive\Área de Trabalho\SOUSA_2.0_PRODUCAO\node_modules\@inquirer\core\dist\esm\lib\utils.js","781","03/08/2026 12:26:58"
"C:\Users\Dionisio Lima\OneDrive\Área de Trabalho\SOUSA_2.0_PRODUCAO\node_modules\@inquirer\core\dist\esm\index.js","654","03/08/2026 12:26:55"
"C:\Users\Dionisio Lima\OneDrive\Área de Trabalho\SOUSA_2.0_PRODUCAO\node_modules\@inquirer\core\dist\esm\package.json","23","03/08/2026 12:26:58"
"C:\Users\Dionisio Lima\OneDrive\Área de Trabalho\SOUSA_2.0_PRODUCAO\node_modules\@inquirer\core\package.json","2449","03/08/2026 12:26:58"
"C:\Users\Dionisio Lima\OneDrive\Área de Trabalho\SOUSA_2.0_PRODUCAO\node_modules\@inquirer\editor\dist\commonjs\index.js","2817","03/08/2026 12:26:52"
"C:\Users\Dionisio Lima\OneDrive\Área de Trabalho\SOUSA_2.0_PRODUCAO\node_modules\@inquirer\editor\dist\commonjs\package.json","25","03/08/2026 12:26:53"
"C:\Users\Dionisio Lima\OneDrive\Área de Trabalho\SOUSA_2.0_PRODUCAO\node_modules\@inquirer\editor\dist\esm\index.js","2671","03/08/2026 12:26:53"
"C:\Users\Dionisio Lima\OneDrive\Área de Trabalho\SOUSA_2.0_PRODUCAO\node_modules\@inquirer\editor\dist\esm\package.json","23","03/08/2026 12:26:53"
"C:\Users\Dionisio Lima\OneDrive\Área de Trabalho\SOUSA_2.0_PRODUCAO\node_modules\@inquirer\editor\package.json","2223","03/08/2026 12:26:53"
"C:\Users\Dionisio Lima\OneDrive\Área de Trabalho\SOUSA_2.0_PRODUCAO\node_modules\@inquirer\expand\dist\commonjs\index.js","4534","03/08/2026 12:26:52"
"C:\Users\Dionisio Lima\OneDrive\Área de Trabalho\SOUSA_2.0_PRODUCAO\node_modules\@inquirer\expand\dist\commonjs\package.json","25","03/08/2026 12:26:53"
"C:\Users\Dionisio Lima\OneDrive\Área de Trabalho\SOUSA_2.0_PRODUCAO\node_modules\@inquirer\expand\dist\esm\index.js","4027","03/08/2026 12:26:53"
"C:\Users\Dionisio Lima\OneDrive\Área de Trabalho\SOUSA_2.0_PRODUCAO\node_modules\@inquirer\expand\dist\esm\package.json","23","03/08/2026 12:26:53"
"C:\Users\Dionisio Lima\OneDrive\Área de Trabalho\SOUSA_2.0_PRODUCAO\node_modules\@inquirer\expand\package.json","2205","03/08/2026 12:26:53"
"C:\Users\Dionisio Lima\OneDrive\Área de Trabalho\SOUSA_2.0_PRODUCAO\node_modules\@inquirer\external-editor\dist\commonjs\errors\CreateFileError.js","455","03/08/2026 12:26:52"
"C:\Users\Dionisio Lima\OneDrive\Área de Trabalho\SOUSA_2.0_PRODUCAO\node_modules\@inquirer\external-editor\dist\commonjs\errors\LaunchEditorError.js","455","03/08/2026 12:26:54"
"C:\Users\Dionisio Lima\OneDrive\Área de Trabalho\SOUSA_2.0_PRODUCAO\node_modules\@inquirer\external-editor\dist\commonjs\errors\ReadFileError.js","445","03/08/2026 12:26:55"
"C:\Users\Dionisio Lima\OneDrive\Área de Trabalho\SOUSA_2.0_PRODUCAO\node_modules\@inquirer\external-editor\dist\commonjs\errors\RemoveFileError.js","455","03/08/2026 12:26:55"
"C:\Users\Dionisio Lima\OneDrive\Área de Trabalho\SOUSA_2.0_PRODUCAO\node_modules\@inquirer\external-editor\dist\commonjs\index.js","7767","03/08/2026 12:26:53"
"C:\Users\Dionisio Lima\OneDrive\Área de Trabalho\SOUSA_2.0_PRODUCAO\node_modules\@inquirer\external-editor\dist\commonjs\package.json","25","03/08/2026 12:26:55"
"C:\Users\Dionisio Lima\OneDrive\Área de Trabalho\SOUSA_2.0_PRODUCAO\node_modules\@inquirer\external-editor\dist\esm\errors\CreateFileError.js","308","03/08/2026 12:26:53"
"C:\Users\Dionisio Lima\OneDrive\Área de Trabalho\SOUSA_2.0_PRODUCAO\node_modules\@inquirer\external-editor\dist\esm\errors\LaunchEditorError.js","302","03/08/2026 12:26:55"
"C:\Users\Dionisio Lima\OneDrive\Área de Trabalho\SOUSA_2.0_PRODUCAO\node_modules\@inquirer\external-editor\dist\esm\errors\ReadFileError.js","304","03/08/2026 12:26:55"
"C:\Users\Dionisio Lima\OneDrive\Área de Trabalho\SOUSA_2.0_PRODUCAO\node_modules\@inquirer\external-editor\dist\esm\errors\RemoveFileError.js","308","03/08/2026 12:26:55"
"C:\Users\Dionisio Lima\OneDrive\Área de Trabalho\SOUSA_2.0_PRODUCAO\node_modules\@inquirer\external-editor\dist\esm\index.js","6473","03/08/2026 12:26:53"
"C:\Users\Dionisio Lima\OneDrive\Área de Trabalho\SOUSA_2.0_PRODUCAO\node_modules\@inquirer\external-editor\dist\esm\package.json","23","03/08/2026 12:26:56"
"C:\Users\Dionisio Lima\OneDrive\Área de Trabalho\SOUSA_2.0_PRODUCAO\node_modules\@inquirer\external-editor\package.json","2307","03/08/2026 12:26:56"
"C:\Users\Dionisio Lima\OneDrive\Área de Trabalho\SOUSA_2.0_PRODUCAO\node_modules\@inquirer\figures\dist\commonjs\index.js","9773","03/08/2026 12:26:52"
"C:\Users\Dionisio Lima\OneDrive\Área de Trabalho\SOUSA_2.0_PRODUCAO\node_modules\@inquirer\figures\dist\commonjs\package.json","25","03/08/2026 12:26:53"
"C:\Users\Dionisio Lima\OneDrive\Área de Trabalho\SOUSA_2.0_PRODUCAO\node_modules\@inquirer\figures\dist\esm\index.js","9246","03/08/2026 12:26:53"
"C:\Users\Dionisio Lima\OneDrive\Área de Trabalho\SOUSA_2.0_PRODUCAO\node_modules\@inquirer\figures\dist\esm\package.json","23","03/08/2026 12:26:53"
"C:\Users\Dionisio Lima\OneDrive\Área de Trabalho\SOUSA_2.0_PRODUCAO\node_modules\@inquirer\figures\package.json","1872","03/08/2026 12:26:54"
"C:\Users\Dionisio Lima\OneDrive\Área de Trabalho\SOUSA_2.0_PRODUCAO\node_modules\@inquirer\input\dist\commonjs\index.js","3711","03/08/2026 12:26:52"
"C:\Users\Dionisio Lima\OneDrive\Área de Trabalho\SOUSA_2.0_PRODUCAO\node_modules\@inquirer\input\dist\commonjs\package.json","25","03/08/2026 12:26:53"
"C:\Users\Dionisio Lima\OneDrive\Área de Trabalho\SOUSA_2.0_PRODUCAO\node_modules\@inquirer\input\dist\esm\index.js","3587","03/08/2026 12:26:53"
"C:\Users\Dionisio Lima\OneDrive\Área de Trabalho\SOUSA_2.0_PRODUCAO\node_modules\@inquirer\input\dist\esm\package.json","23","03/08/2026 12:26:53"
"C:\Users\Dionisio Lima\OneDrive\Área de Trabalho\SOUSA_2.0_PRODUCAO\node_modules\@inquirer\input\package.json","2171","03/08/2026 12:26:53"
"C:\Users\Dionisio Lima\OneDrive\Área de Trabalho\SOUSA_2.0_PRODUCAO\node_modules\@inquirer\number\dist\commonjs\index.js","3801","03/08/2026 12:26:52"
"C:\Users\Dionisio Lima\OneDrive\Área de Trabalho\SOUSA_2.0_PRODUCAO\node_modules\@inquirer\number\dist\commonjs\package.json","25","03/08/2026 12:26:53"
"C:\Users\Dionisio Lima\OneDrive\Área de Trabalho\SOUSA_2.0_PRODUCAO\node_modules\@inquirer\number\dist\esm\index.js","3678","03/08/2026 12:26:53"
"C:\Users\Dionisio Lima\OneDrive\Área de Trabalho\SOUSA_2.0_PRODUCAO\node_modules\@inquirer\number\dist\esm\package.json","23","03/08/2026 12:26:53"
"C:\Users\Dionisio Lima\OneDrive\Área de Trabalho\SOUSA_2.0_PRODUCAO\node_modules\@inquirer\number\package.json","2170","03/08/2026 12:26:53"
"C:\Users\Dionisio Lima\OneDrive\Área de Trabalho\SOUSA_2.0_PRODUCAO\node_modules\@inquirer\password\dist\commonjs\index.js","2201","03/08/2026 12:26:52"
"C:\Users\Dionisio Lima\OneDrive\Área de Trabalho\SOUSA_2.0_PRODUCAO\node_modules\@inquirer\password\dist\commonjs\package.json","25","03/08/2026 12:26:53"
"C:\Users\Dionisio Lima\OneDrive\Área de Trabalho\SOUSA_2.0_PRODUCAO\node_modules\@inquirer\password\dist\esm\index.js","2084","03/08/2026 12:26:53"
"C:\Users\Dionisio Lima\OneDrive\Área de Trabalho\SOUSA_2.0_PRODUCAO\node_modules\@inquirer\password\dist\esm\package.json","23","03/08/2026 12:26:53"
"C:\Users\Dionisio Lima\OneDrive\Área de Trabalho\SOUSA_2.0_PRODUCAO\node_modules\@inquirer\password\package.json","2208","03/08/2026 12:26:53"
"C:\Users\Dionisio Lima\OneDrive\Área de Trabalho\SOUSA_2.0_PRODUCAO\node_modules\@inquirer\prompts\dist\commonjs\index.js","2277","03/08/2026 12:26:52"
"C:\Users\Dionisio Lima\OneDrive\Área de Trabalho\SOUSA_2.0_PRODUCAO\node_modules\@inquirer\prompts\dist\commonjs\package.json","25","03/08/2026 12:26:53"
"C:\Users\Dionisio Lima\OneDrive\Área de Trabalho\SOUSA_2.0_PRODUCAO\node_modules\@inquirer\prompts\dist\esm\index.js","561","03/08/2026 12:26:53"
"C:\Users\Dionisio Lima\OneDrive\Área de Trabalho\SOUSA_2.0_PRODUCAO\node_modules\@inquirer\prompts\dist\esm\package.json","23","03/08/2026 12:26:53"
"C:\Users\Dionisio Lima\OneDrive\Área de Trabalho\SOUSA_2.0_PRODUCAO\node_modules\@inquirer\prompts\package.json","2509","03/08/2026 12:26:53"
"C:\Users\Dionisio Lima\OneDrive\Área de Trabalho\SOUSA_2.0_PRODUCAO\node_modules\@inquirer\rawlist\dist\commonjs\index.js","5186","03/08/2026 12:26:52"
"C:\Users\Dionisio Lima\OneDrive\Área de Trabalho\SOUSA_2.0_PRODUCAO\node_modules\@inquirer\rawlist\dist\commonjs\package.json","25","03/08/2026 12:26:53"
"C:\Users\Dionisio Lima\OneDrive\Área de Trabalho\SOUSA_2.0_PRODUCAO\node_modules\@inquirer\rawlist\dist\esm\index.js","4677","03/08/2026 12:26:53"
"C:\Users\Dionisio Lima\OneDrive\Área de Trabalho\SOUSA_2.0_PRODUCAO\node_modules\@inquirer\rawlist\dist\esm\package.json","23","03/08/2026 12:26:53"
"C:\Users\Dionisio Lima\OneDrive\Área de Trabalho\SOUSA_2.0_PRODUCAO\node_modules\@inquirer\rawlist\package.json","2206","03/08/2026 12:26:53"
"C:\Users\Dionisio Lima\OneDrive\Área de Trabalho\SOUSA_2.0_PRODUCAO\node_modules\@inquirer\search\dist\commonjs\index.js","8198","03/08/2026 12:26:52"
"C:\Users\Dionisio Lima\OneDrive\Área de Trabalho\SOUSA_2.0_PRODUCAO\node_modules\@inquirer\search\dist\commonjs\package.json","25","03/08/2026 12:26:53"
"C:\Users\Dionisio Lima\OneDrive\Área de Trabalho\SOUSA_2.0_PRODUCAO\node_modules\@inquirer\search\dist\esm\index.js","7550","03/08/2026 12:26:53"
"C:\Users\Dionisio Lima\OneDrive\Área de Trabalho\SOUSA_2.0_PRODUCAO\node_modules\@inquirer\search\dist\esm\package.json","23","03/08/2026 12:26:53"
"C:\Users\Dionisio Lima\OneDrive\Área de Trabalho\SOUSA_2.0_PRODUCAO\node_modules\@inquirer\search\package.json","2238","03/08/2026 12:26:53"
"C:\Users\Dionisio Lima\OneDrive\Área de Trabalho\SOUSA_2.0_PRODUCAO\node_modules\@inquirer\select\dist\commonjs\index.js","7970","03/08/2026 12:26:52"
"C:\Users\Dionisio Lima\OneDrive\Área de Trabalho\SOUSA_2.0_PRODUCAO\node_modules\@inquirer\select\dist\commonjs\package.json","25","03/08/2026 12:26:53"
"C:\Users\Dionisio Lima\OneDrive\Área de Trabalho\SOUSA_2.0_PRODUCAO\node_modules\@inquirer\select\dist\esm\index.js","7348","03/08/2026 12:26:53"
"C:\Users\Dionisio Lima\OneDrive\Área de Trabalho\SOUSA_2.0_PRODUCAO\node_modules\@inquirer\select\dist\esm\package.json","23","03/08/2026 12:26:53"
"C:\Users\Dionisio Lima\OneDrive\Área de Trabalho\SOUSA_2.0_PRODUCAO\node_modules\@inquirer\select\package.json","2275","03/08/2026 12:26:53"
"C:\Users\Dionisio Lima\OneDrive\Área de Trabalho\SOUSA_2.0_PRODUCAO\node_modules\@inquirer\type\dist\commonjs\index.js","852","03/08/2026 12:26:52"
"C:\Users\Dionisio Lima\OneDrive\Área de Trabalho\SOUSA_2.0_PRODUCAO\node_modules\@inquirer\type\dist\commonjs\inquirer.js","77","03/08/2026 12:26:53"
"C:\Users\Dionisio Lima\OneDrive\Área de Trabalho\SOUSA_2.0_PRODUCAO\node_modules\@inquirer\type\dist\commonjs\package.json","25","03/08/2026 12:26:55"
"C:\Users\Dionisio Lima\OneDrive\Área de Trabalho\SOUSA_2.0_PRODUCAO\node_modules\@inquirer\type\dist\commonjs\utils.js","133","03/08/2026 12:26:54"
"C:\Users\Dionisio Lima\OneDrive\Área de Trabalho\SOUSA_2.0_PRODUCAO\node_modules\@inquirer\type\dist\esm\index.js","59","03/08/2026 12:26:53"
"C:\Users\Dionisio Lima\OneDrive\Área de Trabalho\SOUSA_2.0_PRODUCAO\node_modules\@inquirer\type\dist\esm\inquirer.js","11","03/08/2026 12:26:53"
"C:\Users\Dionisio Lima\OneDrive\Área de Trabalho\SOUSA_2.0_PRODUCAO\node_modules\@inquirer\type\dist\esm\package.json","23","03/08/2026 12:26:55"
"C:\Users\Dionisio Lima\OneDrive\Área de Trabalho\SOUSA_2.0_PRODUCAO\node_modules\@inquirer\type\dist\esm\utils.js","67","03/08/2026 12:26:54"
"C:\Users\Dionisio Lima\OneDrive\Área de Trabalho\SOUSA_2.0_PRODUCAO\node_modules\@inquirer\type\package.json","1979","03/08/2026 12:26:55"
"C:\Users\Dionisio Lima\OneDrive\Área de Trabalho\SOUSA_2.0_PRODUCAO\node_modules\@modelcontextprotocol\sdk\dist\cjs\client\auth-extensions.js","10650","03/08/2026 12:26:55"
"C:\Users\Dionisio Lima\OneDrive\Área de Trabalho\SOUSA_2.0_PRODUCAO\node_modules\@modelcontextprotocol\sdk\dist\cjs\client\auth.js","41502","03/08/2026 12:26:55"
"C:\Users\Dionisio Lima\OneDrive\Área de Trabalho\SOUSA_2.0_PRODUCAO\node_modules\@modelcontextprotocol\sdk\dist\cjs\client\index.js","29575","03/08/2026 12:26:59"
"C:\Users\Dionisio Lima\OneDrive\Área de Trabalho\SOUSA_2.0_PRODUCAO\node_modules\@modelcontextprotocol\sdk\dist\cjs\client\middleware.js","10264","03/08/2026 12:27:01"
"C:\Users\Dionisio Lima\OneDrive\Área de Trabalho\SOUSA_2.0_PRODUCAO\node_modules\@modelcontextprotocol\sdk\dist\cjs\client\sse.js","8750","03/08/2026 12:27:03"
"C:\Users\Dionisio Lima\OneDrive\Área de Trabalho\SOUSA_2.0_PRODUCAO\node_modules\@modelcontextprotocol\sdk\dist\cjs\client\stdio.js","7110","03/08/2026 12:27:03"
"C:\Users\Dionisio Lima\OneDrive\Área de Trabalho\SOUSA_2.0_PRODUCAO\node_modules\@modelcontextprotocol\sdk\dist\cjs\client\streamableHttp.js","22968","03/08/2026 12:27:03"
"C:\Users\Dionisio Lima\OneDrive\Área de Trabalho\SOUSA_2.0_PRODUCAO\node_modules\@modelcontextprotocol\sdk\dist\cjs\client\websocket.js","1976","03/08/2026 12:27:04"
"C:\Users\Dionisio Lima\OneDrive\Área de Trabalho\SOUSA_2.0_PRODUCAO\node_modules\@modelcontextprotocol\sdk\dist\cjs\examples\client\elicitationUrlExample.js","26524","03/08/2026 12:26:58"
"C:\Users\Dionisio Lima\OneDrive\Área de Trabalho\SOUSA_2.0_PRODUCAO\node_modules\@modelcontextprotocol\sdk\dist\cjs\examples\client\multipleClientsParallel.js","5103","03/08/2026 12:27:01"
"C:\Users\Dionisio Lima\OneDrive\Área de Trabalho\SOUSA_2.0_PRODUCAO\node_modules\@modelcontextprotocol\sdk\dist\cjs\examples\client\parallelToolCallsClient.js","6733","03/08/2026 12:27:01"
"C:\Users\Dionisio Lima\OneDrive\Área de Trabalho\SOUSA_2.0_PRODUCAO\node_modules\@modelcontextprotocol\sdk\dist\cjs\examples\client\simpleClientCredentials.js","2856","03/08/2026 12:27:02"
"C:\Users\Dionisio Lima\OneDrive\Área de Trabalho\SOUSA_2.0_PRODUCAO\node_modules\@modelcontextprotocol\sdk\dist\cjs\examples\client\simpleOAuthClient.js","15035","03/08/2026 12:27:02"
"C:\Users\Dionisio Lima\OneDrive\Área de Trabalho\SOUSA_2.0_PRODUCAO\node_modules\@modelcontextprotocol\sdk\dist\cjs\examples\client\simpleOAuthClientProvider.js","1568","03/08/2026 12:27:02"
"C:\Users\Dionisio Lima\OneDrive\Área de Trabalho\SOUSA_2.0_PRODUCAO\node_modules\@modelcontextprotocol\sdk\dist\cjs\examples\client\simpleStreamableHttp.js","35279","03/08/2026 12:27:02"
"C:\Users\Dionisio Lima\OneDrive\Área de Trabalho\SOUSA_2.0_PRODUCAO\node_modules\@modelcontextprotocol\sdk\dist\cjs\examples\client\simpleTaskInteractiveClient.js","6377","03/08/2026 12:27:03"
"C:\Users\Dionisio Lima\OneDrive\Área de Trabalho\SOUSA_2.0_PRODUCAO\node_modules\@modelcontextprotocol\sdk\dist\cjs\examples\client\ssePollingClient.js","3689","03/08/2026 12:27:03"
"C:\Users\Dionisio Lima\OneDrive\Área de Trabalho\SOUSA_2.0_PRODUCAO\node_modules\@modelcontextprotocol\sdk\dist\cjs\examples\client\streamableHttpWithSseFallbackClient.js","6420","03/08/2026 12:27:03"
"C:\Users\Dionisio Lima\OneDrive\Área de Trabalho\SOUSA_2.0_PRODUCAO\node_modules\@modelcontextprotocol\sdk\dist\cjs\examples\server\demoInMemoryOAuthProvider.js","8014","03/08/2026 12:26:57"
"C:\Users\Dionisio Lima\OneDrive\Área de Trabalho\SOUSA_2.0_PRODUCAO\node_modules\@modelcontextprotocol\sdk\dist\cjs\examples\server\elicitationFormExample.js","18545","03/08/2026 12:26:58"
"C:\Users\Dionisio Lima\OneDrive\Área de Trabalho\SOUSA_2.0_PRODUCAO\node_modules\@modelcontextprotocol\sdk\dist\cjs\examples\server\elicitationUrlExample.js","28687","03/08/2026 12:26:58"
"C:\Users\Dionisio Lima\OneDrive\Área de Trabalho\SOUSA_2.0_PRODUCAO\node_modules\@modelcontextprotocol\sdk\dist\cjs\examples\server\honoWebStandardStreamableHttp.js","3528","03/08/2026 12:26:59"
"C:\Users\Dionisio Lima\OneDrive\Área de Trabalho\SOUSA_2.0_PRODUCAO\node_modules\@modelcontextprotocol\sdk\dist\cjs\examples\server\jsonResponseStreamableHttp.js","6557","03/08/2026 12:27:00"
"C:\Users\Dionisio Lima\OneDrive\Área de Trabalho\SOUSA_2.0_PRODUCAO\node_modules\@modelcontextprotocol\sdk\dist\cjs\examples\server\mcpServerOutputSchema.js","3494","03/08/2026 12:27:00"
"C:\Users\Dionisio Lima\OneDrive\Área de Trabalho\SOUSA_2.0_PRODUCAO\node_modules\@modelcontextprotocol\sdk\dist\cjs\examples\server\progressExample.js","1784","03/08/2026 12:27:01"
"C:\Users\Dionisio Lima\OneDrive\Área de Trabalho\SOUSA_2.0_PRODUCAO\node_modules\@modelcontextprotocol\sdk\dist\cjs\examples\server\simpleSseServer.js","6503","03/08/2026 12:27:02"
"C:\Users\Dionisio Lima\OneDrive\Área de Trabalho\SOUSA_2.0_PRODUCAO\node_modules\@modelcontextprotocol\sdk\dist\cjs\examples\server\simpleStatelessStreamableHttp.js","5811","03/08/2026 12:27:02"
"C:\Users\Dionisio Lima\OneDrive\Área de Trabalho\SOUSA_2.0_PRODUCAO\node_modules\@modelcontextprotocol\sdk\dist\cjs\examples\server\simpleStreamableHttp.js","30701","03/08/2026 12:27:02"
"C:\Users\Dionisio Lima\OneDrive\Área de Trabalho\SOUSA_2.0_PRODUCAO\node_modules\@modelcontextprotocol\sdk\dist\cjs\examples\server\simpleTaskInteractive.js","23571","03/08/2026 12:27:03"
"C:\Users\Dionisio Lima\OneDrive\Área de Trabalho\SOUSA_2.0_PRODUCAO\node_modules\@modelcontextprotocol\sdk\dist\cjs\examples\server\sseAndStreamableHttpCompatibleServer.js","10312","03/08/2026 12:27:03"
"C:\Users\Dionisio Lima\OneDrive\Área de Trabalho\SOUSA_2.0_PRODUCAO\node_modules\@modelcontextprotocol\sdk\dist\cjs\examples\server\ssePollingExample.js","4741","03/08/2026 12:27:03"
"C:\Users\Dionisio Lima\OneDrive\Área de Trabalho\SOUSA_2.0_PRODUCAO\node_modules\@modelcontextprotocol\sdk\dist\cjs\examples\server\standaloneSseWithGetStreamableHttp.js","4953","03/08/2026 12:27:03"
"C:\Users\Dionisio Lima\OneDrive\Área de Trabalho\SOUSA_2.0_PRODUCAO\node_modules\@modelcontextprotocol\sdk\dist\cjs\examples\server\toolWithSampleServer.js","2683","03/08/2026 12:27:03"
"C:\Users\Dionisio Lima\OneDrive\Área de Trabalho\SOUSA_2.0_PRODUCAO\node_modules\@modelcontextprotocol\sdk\dist\cjs\examples\shared\inMemoryEventStore.js","2414","03/08/2026 12:27:00"
"C:\Users\Dionisio Lima\OneDrive\Área de Trabalho\SOUSA_2.0_PRODUCAO\node_modules\@modelcontextprotocol\sdk\dist\cjs\experimental\tasks\stores\in-memory.js","9691","03/08/2026 12:26:59"
"C:\Users\Dionisio Lima\OneDrive\Área de Trabalho\SOUSA_2.0_PRODUCAO\node_modules\@modelcontextprotocol\sdk\dist\cjs\experimental\tasks\client.js","7876","03/08/2026 12:26:57"
"C:\Users\Dionisio Lima\OneDrive\Área de Trabalho\SOUSA_2.0_PRODUCAO\node_modules\@modelcontextprotocol\sdk\dist\cjs\experimental\tasks\helpers.js","2610","03/08/2026 12:26:59"
"C:\Users\Dionisio Lima\OneDrive\Área de Trabalho\SOUSA_2.0_PRODUCAO\node_modules\@modelcontextprotocol\sdk\dist\cjs\experimental\tasks\index.js","1804","03/08/2026 12:26:59"
"C:\Users\Dionisio Lima\OneDrive\Área de Trabalho\SOUSA_2.0_PRODUCAO\node_modules\@modelcontextprotocol\sdk\dist\cjs\experimental\tasks\interfaces.js","671","03/08/2026 12:27:00"
"C:\Users\Dionisio Lima\OneDrive\Área de Trabalho\SOUSA_2.0_PRODUCAO\node_modules\@modelcontextprotocol\sdk\dist\cjs\experimental\tasks\mcp-server.js","1421","03/08/2026 12:27:00"
"C:\Users\Dionisio Lima\OneDrive\Área de Trabalho\SOUSA_2.0_PRODUCAO\node_modules\@modelcontextprotocol\sdk\dist\cjs\experimental\tasks\server.js","10254","03/08/2026 12:27:02"
"C:\Users\Dionisio Lima\OneDrive\Área de Trabalho\SOUSA_2.0_PRODUCAO\node_modules\@modelcontextprotocol\sdk\dist\cjs\experimental\tasks\types.js","3202","03/08/2026 12:27:03"
"C:\Users\Dionisio Lima\OneDrive\Área de Trabalho\SOUSA_2.0_PRODUCAO\node_modules\@modelcontextprotocol\sdk\dist\cjs\experimental\index.js","1142","03/08/2026 12:26:59"
"C:\Users\Dionisio Lima\OneDrive\Área de Trabalho\SOUSA_2.0_PRODUCAO\node_modules\@modelcontextprotocol\sdk\dist\cjs\server\auth\handlers\authorize.js","9048","03/08/2026 12:26:56"
"C:\Users\Dionisio Lima\OneDrive\Área de Trabalho\SOUSA_2.0_PRODUCAO\node_modules\@modelcontextprotocol\sdk\dist\cjs\server\auth\handlers\metadata.js","940","03/08/2026 12:27:00"
"C:\Users\Dionisio Lima\OneDrive\Área de Trabalho\SOUSA_2.0_PRODUCAO\node_modules\@modelcontextprotocol\sdk\dist\cjs\server\auth\handlers\register.js","4062","03/08/2026 12:27:02"
"C:\Users\Dionisio Lima\OneDrive\Área de Trabalho\SOUSA_2.0_PRODUCAO\node_modules\@modelcontextprotocol\sdk\dist\cjs\server\auth\handlers\revoke.js","3063","03/08/2026 12:27:02"
"C:\Users\Dionisio Lima\OneDrive\Área de Trabalho\SOUSA_2.0_PRODUCAO\node_modules\@modelcontextprotocol\sdk\dist\cjs\server\auth\handlers\token.js","6792","03/08/2026 12:27:03"
"C:\Users\Dionisio Lima\OneDrive\Área de Trabalho\SOUSA_2.0_PRODUCAO\node_modules\@modelcontextprotocol\sdk\dist\cjs\server\auth\middleware\allowedMethods.js","891","03/08/2026 12:26:53"
"C:\Users\Dionisio Lima\OneDrive\Área de Trabalho\SOUSA_2.0_PRODUCAO\node_modules\@modelcontextprotocol\sdk\dist\cjs\server\auth\middleware\bearerAuth.js","3617","03/08/2026 12:26:56"
"C:\Users\Dionisio Lima\OneDrive\Área de Trabalho\SOUSA_2.0_PRODUCAO\node_modules\@modelcontextprotocol\sdk\dist\cjs\server\auth\middleware\clientAuth.js","3088","03/08/2026 12:26:57"
"C:\Users\Dionisio Lima\OneDrive\Área de Trabalho\SOUSA_2.0_PRODUCAO\node_modules\@modelcontextprotocol\sdk\dist\cjs\server\auth\providers\proxyProvider.js","6467","03/08/2026 12:27:02"
"C:\Users\Dionisio Lima\OneDrive\Área de Trabalho\SOUSA_2.0_PRODUCAO\node_modules\@modelcontextprotocol\sdk\dist\cjs\server\auth\clients.js","112","03/08/2026 12:26:57"
"C:\Users\Dionisio Lima\OneDrive\Área de Trabalho\SOUSA_2.0_PRODUCAO\node_modules\@modelcontextprotocol\sdk\dist\cjs\server\auth\errors.js","7999","03/08/2026 12:26:58"
"C:\Users\Dionisio Lima\OneDrive\Área de Trabalho\SOUSA_2.0_PRODUCAO\node_modules\@modelcontextprotocol\sdk\dist\cjs\server\auth\provider.js","113","03/08/2026 12:27:01"
"C:\Users\Dionisio Lima\OneDrive\Área de Trabalho\SOUSA_2.0_PRODUCAO\node_modules\@modelcontextprotocol\sdk\dist\cjs\server\auth\router.js","7008","03/08/2026 12:27:02"
"C:\Users\Dionisio Lima\OneDrive\Área de Trabalho\SOUSA_2.0_PRODUCAO\node_modules\@modelcontextprotocol\sdk\dist\cjs\server\auth\types.js","110","03/08/2026 12:27:03"
"C:\Users\Dionisio Lima\OneDrive\Área de Trabalho\SOUSA_2.0_PRODUCAO\node_modules\@modelcontextprotocol\sdk\dist\cjs\server\middleware\hostHeaderValidation.js","2610","03/08/2026 12:26:59"
"C:\Users\Dionisio Lima\OneDrive\Área de Trabalho\SOUSA_2.0_PRODUCAO\node_modules\@modelcontextprotocol\sdk\dist\cjs\server\completable.js","1652","03/08/2026 12:26:57"
"C:\Users\Dionisio Lima\OneDrive\Área de Trabalho\SOUSA_2.0_PRODUCAO\node_modules\@modelcontextprotocol\sdk\dist\cjs\server\express.js","2538","03/08/2026 12:26:58"
"C:\Users\Dionisio Lima\OneDrive\Área de Trabalho\SOUSA_2.0_PRODUCAO\node_modules\@modelcontextprotocol\sdk\dist\cjs\server\index.js","20924","03/08/2026 12:26:59"
"C:\Users\Dionisio Lima\OneDrive\Área de Trabalho\SOUSA_2.0_PRODUCAO\node_modules\@modelcontextprotocol\sdk\dist\cjs\server\mcp.js","41771","03/08/2026 12:27:00"
"C:\Users\Dionisio Lima\OneDrive\Área de Trabalho\SOUSA_2.0_PRODUCAO\node_modules\@modelcontextprotocol\sdk\dist\cjs\server\sse.js","6922","03/08/2026 12:27:03"
"C:\Users\Dionisio Lima\OneDrive\Área de Trabalho\SOUSA_2.0_PRODUCAO\node_modules\@modelcontextprotocol\sdk\dist\cjs\server\sseKeepAlive.js","682","03/08/2026 12:27:03"
"C:\Users\Dionisio Lima\OneDrive\Área de Trabalho\SOUSA_2.0_PRODUCAO\node_modules\@modelcontextprotocol\sdk\dist\cjs\server\stdio.js","3195","03/08/2026 12:27:03"
"C:\Users\Dionisio Lima\OneDrive\Área de Trabalho\SOUSA_2.0_PRODUCAO\node_modules\@modelcontextprotocol\sdk\dist\cjs\server\streamableHttp.js","6779","03/08/2026 12:27:03"
"C:\Users\Dionisio Lima\OneDrive\Área de Trabalho\SOUSA_2.0_PRODUCAO\node_modules\@modelcontextprotocol\sdk\dist\cjs\server\webStandardStreamableHttp.js","45617","03/08/2026 12:27:04"
"C:\Users\Dionisio Lima\OneDrive\Área de Trabalho\SOUSA_2.0_PRODUCAO\node_modules\@modelcontextprotocol\sdk\dist\cjs\server\zod-compat.js","8923","03/08/2026 12:27:04"
"C:\Users\Dionisio Lima\OneDrive\Área de Trabalho\SOUSA_2.0_PRODUCAO\node_modules\@modelcontextprotocol\sdk\dist\cjs\server\zod-json-schema-compat.js","3145","03/08/2026 12:27:04"
"C:\Users\Dionisio Lima\OneDrive\Área de Trabalho\SOUSA_2.0_PRODUCAO\node_modules\@modelcontextprotocol\sdk\dist\cjs\shared\auth-utils.js","2448","03/08/2026 12:26:55"
"C:\Users\Dionisio Lima\OneDrive\Área de Trabalho\SOUSA_2.0_PRODUCAO\node_modules\@modelcontextprotocol\sdk\dist\cjs\shared\auth.js","9967","03/08/2026 12:26:55"
"C:\Users\Dionisio Lima\OneDrive\Área de Trabalho\SOUSA_2.0_PRODUCAO\node_modules\@modelcontextprotocol\sdk\dist\cjs\shared\mediaType.js","2844","03/08/2026 12:27:00"
"C:\Users\Dionisio Lima\OneDrive\Área de Trabalho\SOUSA_2.0_PRODUCAO\node_modules\@modelcontextprotocol\sdk\dist\cjs\shared\metadataUtils.js","954","03/08/2026 12:27:01"
"C:\Users\Dionisio Lima\OneDrive\Área de Trabalho\SOUSA_2.0_PRODUCAO\node_modules\@modelcontextprotocol\sdk\dist\cjs\shared\protocol.js","52787","03/08/2026 12:27:01"
"C:\Users\Dionisio Lima\OneDrive\Área de Trabalho\SOUSA_2.0_PRODUCAO\node_modules\@modelcontextprotocol\sdk\dist\cjs\shared\responseMessage.js","588","03/08/2026 12:27:02"
"C:\Users\Dionisio Lima\OneDrive\Área de Trabalho\SOUSA_2.0_PRODUCAO\node_modules\@modelcontextprotocol\sdk\dist\cjs\shared\stdio.js","1614","03/08/2026 12:27:03"
"C:\Users\Dionisio Lima\OneDrive\Área de Trabalho\SOUSA_2.0_PRODUCAO\node_modules\@modelcontextprotocol\sdk\dist\cjs\shared\toolNameValidation.js","4003","03/08/2026 12:27:03"
"C:\Users\Dionisio Lima\OneDrive\Área de Trabalho\SOUSA_2.0_PRODUCAO\node_modules\@modelcontextprotocol\sdk\dist\cjs\shared\transport.js","1637","03/08/2026 12:27:03"
"C:\Users\Dionisio Lima\OneDrive\Área de Trabalho\SOUSA_2.0_PRODUCAO\node_modules\@modelcontextprotocol\sdk\dist\cjs\shared\uriTemplate.js","8859","03/08/2026 12:27:04"
"C:\Users\Dionisio Lima\OneDrive\Área de Trabalho\SOUSA_2.0_PRODUCAO\node_modules\@modelcontextprotocol\sdk\dist\cjs\validation\ajv-provider.js","3189","03/08/2026 12:26:52"
"C:\Users\Dionisio Lima\OneDrive\Área de Trabalho\SOUSA_2.0_PRODUCAO\node_modules\@modelcontextprotocol\sdk\dist\cjs\validation\cfworker-provider.js","2371","03/08/2026 12:26:57"
"C:\Users\Dionisio Lima\OneDrive\Área de Trabalho\SOUSA_2.0_PRODUCAO\node_modules\@modelcontextprotocol\sdk\dist\cjs\validation\index.js","1047","03/08/2026 12:26:59"
"C:\Users\Dionisio Lima\OneDrive\Área de Trabalho\SOUSA_2.0_PRODUCAO\node_modules\@modelcontextprotocol\sdk\dist\cjs\validation\types.js","110","03/08/2026 12:27:03"
"C:\Users\Dionisio Lima\OneDrive\Área de Trabalho\SOUSA_2.0_PRODUCAO\node_modules\@modelcontextprotocol\sdk\dist\cjs\inMemory.js","1870","03/08/2026 12:27:00"
"C:\Users\Dionisio Lima\OneDrive\Área de Trabalho\SOUSA_2.0_PRODUCAO\node_modules\@modelcontextprotocol\sdk\dist\cjs\package.json","21","03/08/2026 12:27:04"
"C:\Users\Dionisio Lima\OneDrive\Área de Trabalho\SOUSA_2.0_PRODUCAO\node_modules\@modelcontextprotocol\sdk\dist\cjs\spec.types.js","1307","03/08/2026 12:27:03"
"C:\Users\Dionisio Lima\OneDrive\Área de Trabalho\SOUSA_2.0_PRODUCAO\node_modules\@modelcontextprotocol\sdk\dist\cjs\types.js","82159","03/08/2026 12:27:03"
"C:\Users\Dionisio Lima\OneDrive\Área de Trabalho\SOUSA_2.0_PRODUCAO\node_modules\@modelcontextprotocol\sdk\dist\esm\client\auth-extensions.js","9171","03/08/2026 12:26:55"
"C:\Users\Dionisio Lima\OneDrive\Área de Trabalho\SOUSA_2.0_PRODUCAO\node_modules\@modelcontextprotocol\sdk\dist\esm\client\auth.js","40372","03/08/2026 12:26:56"
"C:\Users\Dionisio Lima\OneDrive\Área de Trabalho\SOUSA_2.0_PRODUCAO\node_modules\@modelcontextprotocol\sdk\dist\esm\client\index.js","29275","03/08/2026 12:26:59"
"C:\Users\Dionisio Lima\OneDrive\Área de Trabalho\SOUSA_2.0_PRODUCAO\node_modules\@modelcontextprotocol\sdk\dist\esm\client\middleware.js","9918","03/08/2026 12:27:01"
"C:\Users\Dionisio Lima\OneDrive\Área de Trabalho\SOUSA_2.0_PRODUCAO\node_modules\@modelcontextprotocol\sdk\dist\esm\client\sse.js","8434","03/08/2026 12:27:03"
"C:\Users\Dionisio Lima\OneDrive\Área de Trabalho\SOUSA_2.0_PRODUCAO\node_modules\@modelcontextprotocol\sdk\dist\esm\client\stdio.js","6569","03/08/2026 12:27:03"
"C:\Users\Dionisio Lima\OneDrive\Área de Trabalho\SOUSA_2.0_PRODUCAO\node_modules\@modelcontextprotocol\sdk\dist\esm\client\streamableHttp.js","22564","03/08/2026 12:27:03"
"C:\Users\Dionisio Lima\OneDrive\Área de Trabalho\SOUSA_2.0_PRODUCAO\node_modules\@modelcontextprotocol\sdk\dist\esm\client\websocket.js","1800","03/08/2026 12:27:04"
"C:\Users\Dionisio Lima\OneDrive\Área de Trabalho\SOUSA_2.0_PRODUCAO\node_modules\@modelcontextprotocol\sdk\dist\esm\examples\client\elicitationUrlExample.js","26379","03/08/2026 12:26:58"
"C:\Users\Dionisio Lima\OneDrive\Área de Trabalho\SOUSA_2.0_PRODUCAO\node_modules\@modelcontextprotocol\sdk\dist\esm\examples\client\multipleClientsParallel.js","5020","03/08/2026 12:27:01"
"C:\Users\Dionisio Lima\OneDrive\Área de Trabalho\SOUSA_2.0_PRODUCAO\node_modules\@modelcontextprotocol\sdk\dist\esm\examples\client\parallelToolCallsClient.js","6662","03/08/2026 12:27:01"
"C:\Users\Dionisio Lima\OneDrive\Área de Trabalho\SOUSA_2.0_PRODUCAO\node_modules\@modelcontextprotocol\sdk\dist\esm\examples\client\simpleClientCredentials.js","2737","03/08/2026 12:27:02"
"C:\Users\Dionisio Lima\OneDrive\Área de Trabalho\SOUSA_2.0_PRODUCAO\node_modules\@modelcontextprotocol\sdk\dist\esm\examples\client\simpleOAuthClient.js","14823","03/08/2026 12:27:02"
"C:\Users\Dionisio Lima\OneDrive\Área de Trabalho\SOUSA_2.0_PRODUCAO\node_modules\@modelcontextprotocol\sdk\dist\esm\examples\client\simpleOAuthClientProvider.js","1385","03/08/2026 12:27:02"
"C:\Users\Dionisio Lima\OneDrive\Área de Trabalho\SOUSA_2.0_PRODUCAO\node_modules\@modelcontextprotocol\sdk\dist\esm\examples\client\simpleStreamableHttp.js","35160","03/08/2026 12:27:02"
"C:\Users\Dionisio Lima\OneDrive\Área de Trabalho\SOUSA_2.0_PRODUCAO\node_modules\@modelcontextprotocol\sdk\dist\esm\examples\client\simpleTaskInteractiveClient.js","6264","03/08/2026 12:27:03"
"C:\Users\Dionisio Lima\OneDrive\Área de Trabalho\SOUSA_2.0_PRODUCAO\node_modules\@modelcontextprotocol\sdk\dist\esm\examples\client\ssePollingClient.js","3606","03/08/2026 12:27:03"
"C:\Users\Dionisio Lima\OneDrive\Área de Trabalho\SOUSA_2.0_PRODUCAO\node_modules\@modelcontextprotocol\sdk\dist\esm\examples\client\streamableHttpWithSseFallbackClient.js","6338","03/08/2026 12:27:03"
"C:\Users\Dionisio Lima\OneDrive\Área de Trabalho\SOUSA_2.0_PRODUCAO\node_modules\@modelcontextprotocol\sdk\dist\esm\examples\server\demoInMemoryOAuthProvider.js","7419","03/08/2026 12:26:57"
"C:\Users\Dionisio Lima\OneDrive\Área de Trabalho\SOUSA_2.0_PRODUCAO\node_modules\@modelcontextprotocol\sdk\dist\esm\examples\server\elicitationFormExample.js","18405","03/08/2026 12:26:58"
"C:\Users\Dionisio Lima\OneDrive\Área de Trabalho\SOUSA_2.0_PRODUCAO\node_modules\@modelcontextprotocol\sdk\dist\esm\examples\server\elicitationUrlExample.js","28190","03/08/2026 12:26:58"
"C:\Users\Dionisio Lima\OneDrive\Área de Trabalho\SOUSA_2.0_PRODUCAO\node_modules\@modelcontextprotocol\sdk\dist\esm\examples\server\honoWebStandardStreamableHttp.js","2326","03/08/2026 12:26:59"
"C:\Users\Dionisio Lima\OneDrive\Área de Trabalho\SOUSA_2.0_PRODUCAO\node_modules\@modelcontextprotocol\sdk\dist\esm\examples\server\jsonResponseStreamableHttp.js","5376","03/08/2026 12:27:00"
"C:\Users\Dionisio Lima\OneDrive\Área de Trabalho\SOUSA_2.0_PRODUCAO\node_modules\@modelcontextprotocol\sdk\dist\esm\examples\server\mcpServerOutputSchema.js","2365","03/08/2026 12:27:00"
"C:\Users\Dionisio Lima\OneDrive\Área de Trabalho\SOUSA_2.0_PRODUCAO\node_modules\@modelcontextprotocol\sdk\dist\esm\examples\server\progressExample.js","1685","03/08/2026 12:27:01"
"C:\Users\Dionisio Lima\OneDrive\Área de Trabalho\SOUSA_2.0_PRODUCAO\node_modules\@modelcontextprotocol\sdk\dist\esm\examples\server\simpleSseServer.js","5364","03/08/2026 12:27:02"
"C:\Users\Dionisio Lima\OneDrive\Área de Trabalho\SOUSA_2.0_PRODUCAO\node_modules\@modelcontextprotocol\sdk\dist\esm\examples\server\simpleStatelessStreamableHttp.js","4661","03/08/2026 12:27:02"
"C:\Users\Dionisio Lima\OneDrive\Área de Trabalho\SOUSA_2.0_PRODUCAO\node_modules\@modelcontextprotocol\sdk\dist\esm\examples\server\simpleStreamableHttp.js","29421","03/08/2026 12:27:02"
"C:\Users\Dionisio Lima\OneDrive\Área de Trabalho\SOUSA_2.0_PRODUCAO\node_modules\@modelcontextprotocol\sdk\dist\esm\examples\server\simpleTaskInteractive.js","23423","03/08/2026 12:27:03"
"C:\Users\Dionisio Lima\OneDrive\Área de Trabalho\SOUSA_2.0_PRODUCAO\node_modules\@modelcontextprotocol\sdk\dist\esm\examples\server\sseAndStreamableHttpCompatibleServer.js","9072","03/08/2026 12:27:03"
"C:\Users\Dionisio Lima\OneDrive\Área de Trabalho\SOUSA_2.0_PRODUCAO\node_modules\@modelcontextprotocol\sdk\dist\esm\examples\server\ssePollingExample.js","4401","03/08/2026 12:27:03"
"C:\Users\Dionisio Lima\OneDrive\Área de Trabalho\SOUSA_2.0_PRODUCAO\node_modules\@modelcontextprotocol\sdk\dist\esm\examples\server\standaloneSseWithGetStreamableHttp.js","4794","03/08/2026 12:27:03"
"C:\Users\Dionisio Lima\OneDrive\Área de Trabalho\SOUSA_2.0_PRODUCAO\node_modules\@modelcontextprotocol\sdk\dist\esm\examples\server\toolWithSampleServer.js","1554","03/08/2026 12:27:03"
"C:\Users\Dionisio Lima\OneDrive\Área de Trabalho\SOUSA_2.0_PRODUCAO\node_modules\@modelcontextprotocol\sdk\dist\esm\examples\shared\inMemoryEventStore.js","2258","03/08/2026 12:27:00"
"C:\Users\Dionisio Lima\OneDrive\Área de Trabalho\SOUSA_2.0_PRODUCAO\node_modules\@modelcontextprotocol\sdk\dist\esm\experimental\tasks\stores\in-memory.js","9358","03/08/2026 12:26:59"
"C:\Users\Dionisio Lima\OneDrive\Área de Trabalho\SOUSA_2.0_PRODUCAO\node_modules\@modelcontextprotocol\sdk\dist\esm\experimental\tasks\client.js","7647","03/08/2026 12:26:57"
"C:\Users\Dionisio Lima\OneDrive\Área de Trabalho\SOUSA_2.0_PRODUCAO\node_modules\@modelcontextprotocol\sdk\dist\esm\experimental\tasks\helpers.js","2397","03/08/2026 12:26:59"
"C:\Users\Dionisio Lima\OneDrive\Área de Trabalho\SOUSA_2.0_PRODUCAO\node_modules\@modelcontextprotocol\sdk\dist\esm\experimental\tasks\index.js","610","03/08/2026 12:26:59"
"C:\Users\Dionisio Lima\OneDrive\Área de Trabalho\SOUSA_2.0_PRODUCAO\node_modules\@modelcontextprotocol\sdk\dist\esm\experimental\tasks\interfaces.js","568","03/08/2026 12:27:00"
"C:\Users\Dionisio Lima\OneDrive\Área de Trabalho\SOUSA_2.0_PRODUCAO\node_modules\@modelcontextprotocol\sdk\dist\esm\experimental\tasks\mcp-server.js","1241","03/08/2026 12:27:00"
"C:\Users\Dionisio Lima\OneDrive\Área de Trabalho\SOUSA_2.0_PRODUCAO\node_modules\@modelcontextprotocol\sdk\dist\esm\experimental\tasks\server.js","10095","03/08/2026 12:27:02"
"C:\Users\Dionisio Lima\OneDrive\Área de Trabalho\SOUSA_2.0_PRODUCAO\node_modules\@modelcontextprotocol\sdk\dist\esm\experimental\tasks\types.js","769","03/08/2026 12:27:03"
"C:\Users\Dionisio Lima\OneDrive\Área de Trabalho\SOUSA_2.0_PRODUCAO\node_modules\@modelcontextprotocol\sdk\dist\esm\experimental\index.js","367","03/08/2026 12:26:59"
"C:\Users\Dionisio Lima\OneDrive\Área de Trabalho\SOUSA_2.0_PRODUCAO\node_modules\@modelcontextprotocol\sdk\dist\esm\server\auth\handlers\authorize.js","7532","03/08/2026 12:26:56"
"C:\Users\Dionisio Lima\OneDrive\Área de Trabalho\SOUSA_2.0_PRODUCAO\node_modules\@modelcontextprotocol\sdk\dist\esm\server\auth\handlers\metadata.js","584","03/08/2026 12:27:00"
"C:\Users\Dionisio Lima\OneDrive\Área de Trabalho\SOUSA_2.0_PRODUCAO\node_modules\@modelcontextprotocol\sdk\dist\esm\server\auth\handlers\register.js","3585","03/08/2026 12:27:02"
"C:\Users\Dionisio Lima\OneDrive\Área de Trabalho\SOUSA_2.0_PRODUCAO\node_modules\@modelcontextprotocol\sdk\dist\esm\server\auth\handlers\revoke.js","2631","03/08/2026 12:27:02"
"C:\Users\Dionisio Lima\OneDrive\Área de Trabalho\SOUSA_2.0_PRODUCAO\node_modules\@modelcontextprotocol\sdk\dist\esm\server\auth\handlers\token.js","5290","03/08/2026 12:27:03"
"C:\Users\Dionisio Lima\OneDrive\Área de Trabalho\SOUSA_2.0_PRODUCAO\node_modules\@modelcontextprotocol\sdk\dist\esm\server\auth\middleware\allowedMethods.js","777","03/08/2026 12:26:54"
"C:\Users\Dionisio Lima\OneDrive\Área de Trabalho\SOUSA_2.0_PRODUCAO\node_modules\@modelcontextprotocol\sdk\dist\esm\server\auth\middleware\bearerAuth.js","3434","03/08/2026 12:26:56"
"C:\Users\Dionisio Lima\OneDrive\Área de Trabalho\SOUSA_2.0_PRODUCAO\node_modules\@modelcontextprotocol\sdk\dist\esm\server\auth\middleware\clientAuth.js","1884","03/08/2026 12:26:57"
"C:\Users\Dionisio Lima\OneDrive\Área de Trabalho\SOUSA_2.0_PRODUCAO\node_modules\@modelcontextprotocol\sdk\dist\esm\server\auth\providers\proxyProvider.js","6255","03/08/2026 12:27:02"
"C:\Users\Dionisio Lima\OneDrive\Área de Trabalho\SOUSA_2.0_PRODUCAO\node_modules\@modelcontextprotocol\sdk\dist\esm\server\auth\clients.js","46","03/08/2026 12:26:57"
"C:\Users\Dionisio Lima\OneDrive\Área de Trabalho\SOUSA_2.0_PRODUCAO\node_modules\@modelcontextprotocol\sdk\dist\esm\server\auth\errors.js","6442","03/08/2026 12:26:58"
"C:\Users\Dionisio Lima\OneDrive\Área de Trabalho\SOUSA_2.0_PRODUCAO\node_modules\@modelcontextprotocol\sdk\dist\esm\server\auth\provider.js","47","03/08/2026 12:27:01"
"C:\Users\Dionisio Lima\OneDrive\Área de Trabalho\SOUSA_2.0_PRODUCAO\node_modules\@modelcontextprotocol\sdk\dist\esm\server\auth\router.js","6408","03/08/2026 12:27:02"
"C:\Users\Dionisio Lima\OneDrive\Área de Trabalho\SOUSA_2.0_PRODUCAO\node_modules\@modelcontextprotocol\sdk\dist\esm\server\auth\types.js","44","03/08/2026 12:27:03"
"C:\Users\Dionisio Lima\OneDrive\Área de Trabalho\SOUSA_2.0_PRODUCAO\node_modules\@modelcontextprotocol\sdk\dist\esm\server\middleware\hostHeaderValidation.js","2435","03/08/2026 12:26:59"
"C:\Users\Dionisio Lima\OneDrive\Área de Trabalho\SOUSA_2.0_PRODUCAO\node_modules\@modelcontextprotocol\sdk\dist\esm\server\completable.js","1346","03/08/2026 12:26:57"
"C:\Users\Dionisio Lima\OneDrive\Área de Trabalho\SOUSA_2.0_PRODUCAO\node_modules\@modelcontextprotocol\sdk\dist\esm\server\express.js","2186","03/08/2026 12:26:59"
"C:\Users\Dionisio Lima\OneDrive\Área de Trabalho\SOUSA_2.0_PRODUCAO\node_modules\@modelcontextprotocol\sdk\dist\esm\server\index.js","20763","03/08/2026 12:26:59"
"C:\Users\Dionisio Lima\OneDrive\Área de Trabalho\SOUSA_2.0_PRODUCAO\node_modules\@modelcontextprotocol\sdk\dist\esm\server\mcp.js","40694","03/08/2026 12:27:00"
"C:\Users\Dionisio Lima\OneDrive\Área de Trabalho\SOUSA_2.0_PRODUCAO\node_modules\@modelcontextprotocol\sdk\dist\esm\server\sse.js","6488","03/08/2026 12:27:03"
"C:\Users\Dionisio Lima\OneDrive\Área de Trabalho\SOUSA_2.0_PRODUCAO\node_modules\@modelcontextprotocol\sdk\dist\esm\server\sseKeepAlive.js","530","03/08/2026 12:27:03"
"C:\Users\Dionisio Lima\OneDrive\Área de Trabalho\SOUSA_2.0_PRODUCAO\node_modules\@modelcontextprotocol\sdk\dist\esm\server\stdio.js","2825","03/08/2026 12:27:03"
"C:\Users\Dionisio Lima\OneDrive\Área de Trabalho\SOUSA_2.0_PRODUCAO\node_modules\@modelcontextprotocol\sdk\dist\esm\server\streamableHttp.js","6534","03/08/2026 12:27:03"
"C:\Users\Dionisio Lima\OneDrive\Área de Trabalho\SOUSA_2.0_PRODUCAO\node_modules\@modelcontextprotocol\sdk\dist\esm\server\webStandardStreamableHttp.js","45259","03/08/2026 12:27:04"
"C:\Users\Dionisio Lima\OneDrive\Área de Trabalho\SOUSA_2.0_PRODUCAO\node_modules\@modelcontextprotocol\sdk\dist\esm\server\zod-compat.js","7423","03/08/2026 12:27:04"
"C:\Users\Dionisio Lima\OneDrive\Área de Trabalho\SOUSA_2.0_PRODUCAO\node_modules\@modelcontextprotocol\sdk\dist\esm\server\zod-json-schema-compat.js","1833","03/08/2026 12:27:04"
"C:\Users\Dionisio Lima\OneDrive\Área de Trabalho\SOUSA_2.0_PRODUCAO\node_modules\@modelcontextprotocol\sdk\dist\esm\shared\auth-utils.js","2271","03/08/2026 12:26:55"
"C:\Users\Dionisio Lima\OneDrive\Área de Trabalho\SOUSA_2.0_PRODUCAO\node_modules\@modelcontextprotocol\sdk\dist\esm\shared\auth.js","8232","03/08/2026 12:26:56"
"C:\Users\Dionisio Lima\OneDrive\Área de Trabalho\SOUSA_2.0_PRODUCAO\node_modules\@modelcontextprotocol\sdk\dist\esm\shared\mediaType.js","2514","03/08/2026 12:27:00"
"C:\Users\Dionisio Lima\OneDrive\Área de Trabalho\SOUSA_2.0_PRODUCAO\node_modules\@modelcontextprotocol\sdk\dist\esm\shared\metadataUtils.js","843","03/08/2026 12:27:01"
"C:\Users\Dionisio Lima\OneDrive\Área de Trabalho\SOUSA_2.0_PRODUCAO\node_modules\@modelcontextprotocol\sdk\dist\esm\shared\protocol.js","51762","03/08/2026 12:27:01"
"C:\Users\Dionisio Lima\OneDrive\Área de Trabalho\SOUSA_2.0_PRODUCAO\node_modules\@modelcontextprotocol\sdk\dist\esm\shared\responseMessage.js","455","03/08/2026 12:27:02"
"C:\Users\Dionisio Lima\OneDrive\Área de Trabalho\SOUSA_2.0_PRODUCAO\node_modules\@modelcontextprotocol\sdk\dist\esm\shared\stdio.js","1357","03/08/2026 12:27:03"
"C:\Users\Dionisio Lima\OneDrive\Área de Trabalho\SOUSA_2.0_PRODUCAO\node_modules\@modelcontextprotocol\sdk\dist\esm\shared\toolNameValidation.js","3790","03/08/2026 12:27:03"
"C:\Users\Dionisio Lima\OneDrive\Área de Trabalho\SOUSA_2.0_PRODUCAO\node_modules\@modelcontextprotocol\sdk\dist\esm\shared\transport.js","1478","03/08/2026 12:27:03"
"C:\Users\Dionisio Lima\OneDrive\Área de Trabalho\SOUSA_2.0_PRODUCAO\node_modules\@modelcontextprotocol\sdk\dist\esm\shared\uriTemplate.js","8724","03/08/2026 12:27:04"
"C:\Users\Dionisio Lima\OneDrive\Área de Trabalho\SOUSA_2.0_PRODUCAO\node_modules\@modelcontextprotocol\sdk\dist\esm\validation\ajv-provider.js","2814","03/08/2026 12:26:53"
"C:\Users\Dionisio Lima\OneDrive\Área de Trabalho\SOUSA_2.0_PRODUCAO\node_modules\@modelcontextprotocol\sdk\dist\esm\validation\cfworker-provider.js","2169","03/08/2026 12:26:57"
"C:\Users\Dionisio Lima\OneDrive\Área de Trabalho\SOUSA_2.0_PRODUCAO\node_modules\@modelcontextprotocol\sdk\dist\esm\validation\index.js","981","03/08/2026 12:27:00"
"C:\Users\Dionisio Lima\OneDrive\Área de Trabalho\SOUSA_2.0_PRODUCAO\node_modules\@modelcontextprotocol\sdk\dist\esm\validation\types.js","44","03/08/2026 12:27:04"
"C:\Users\Dionisio Lima\OneDrive\Área de Trabalho\SOUSA_2.0_PRODUCAO\node_modules\@modelcontextprotocol\sdk\dist\esm\inMemory.js","1717","03/08/2026 12:27:00"
"C:\Users\Dionisio Lima\OneDrive\Área de Trabalho\SOUSA_2.0_PRODUCAO\node_modules\@modelcontextprotocol\sdk\dist\esm\package.json","19","03/08/2026 12:27:04"
"C:\Users\Dionisio Lima\OneDrive\Área de Trabalho\SOUSA_2.0_PRODUCAO\node_modules\@modelcontextprotocol\sdk\dist\esm\spec.types.js","1042","03/08/2026 12:27:03"
"C:\Users\Dionisio Lima\OneDrive\Área de Trabalho\SOUSA_2.0_PRODUCAO\node_modules\@modelcontextprotocol\sdk\dist\esm\types.js","73271","03/08/2026 12:27:04"
"C:\Users\Dionisio Lima\OneDrive\Área de Trabalho\SOUSA_2.0_PRODUCAO\node_modules\@modelcontextprotocol\sdk\package.json","6511","03/08/2026 12:27:04"
"C:\Users\Dionisio Lima\OneDrive\Área de Trabalho\SOUSA_2.0_PRODUCAO\node_modules\@types\google-apps-script\package.json","1324","03/08/2026 12:26:57"
"C:\Users\Dionisio Lima\OneDrive\Área de Trabalho\SOUSA_2.0_PRODUCAO\node_modules\@types\mute-stream\package.json","837","03/08/2026 12:26:52"
"C:\Users\Dionisio Lima\OneDrive\Área de Trabalho\SOUSA_2.0_PRODUCAO\node_modules\@types\node\package.json","4128","03/08/2026 12:26:57"
"C:\Users\Dionisio Lima\OneDrive\Área de Trabalho\SOUSA_2.0_PRODUCAO\node_modules\@types\normalize-package-data\package.json","843","03/08/2026 12:26:52"
"C:\Users\Dionisio Lima\OneDrive\Área de Trabalho\SOUSA_2.0_PRODUCAO\node_modules\@types\wrap-ansi\package.json","629","03/08/2026 12:26:52"
"C:\Users\Dionisio Lima\OneDrive\Área de Trabalho\SOUSA_2.0_PRODUCAO\node_modules\accepts\index.js","5253","03/08/2026 12:26:52"
"C:\Users\Dionisio Lima\OneDrive\Área de Trabalho\SOUSA_2.0_PRODUCAO\node_modules\accepts\package.json","1157","03/08/2026 12:26:52"
"C:\Users\Dionisio Lima\OneDrive\Área de Trabalho\SOUSA_2.0_PRODUCAO\node_modules\agent-base\dist\helpers.js","2314","03/08/2026 12:26:52"
"C:\Users\Dionisio Lima\OneDrive\Área de Trabalho\SOUSA_2.0_PRODUCAO\node_modules\agent-base\dist\index.js","7324","03/08/2026 12:26:53"
"C:\Users\Dionisio Lima\OneDrive\Área de Trabalho\SOUSA_2.0_PRODUCAO\node_modules\agent-base\package.json","1059","03/08/2026 12:26:53"
"C:\Users\Dionisio Lima\OneDrive\Área de Trabalho\SOUSA_2.0_PRODUCAO\node_modules\ajv\dist\compile\codegen\code.js","4676","03/08/2026 12:26:55"
"C:\Users\Dionisio Lima\OneDrive\Área de Trabalho\SOUSA_2.0_PRODUCAO\node_modules\ajv\dist\compile\codegen\index.js","23127","03/08/2026 12:26:57"
"C:\Users\Dionisio Lima\OneDrive\Área de Trabalho\SOUSA_2.0_PRODUCAO\node_modules\ajv\dist\compile\codegen\scope.js","5198","03/08/2026 12:27:00"
"C:\Users\Dionisio Lima\OneDrive\Área de Trabalho\SOUSA_2.0_PRODUCAO\node_modules\ajv\dist\compile\jtd\parse.js","13727","03/08/2026 12:27:00"
"C:\Users\Dionisio Lima\OneDrive\Área de Trabalho\SOUSA_2.0_PRODUCAO\node_modules\ajv\dist\compile\jtd\serialize.js","9391","03/08/2026 12:27:00"
"C:\Users\Dionisio Lima\OneDrive\Área de Trabalho\SOUSA_2.0_PRODUCAO\node_modules\ajv\dist\compile\jtd\types.js","291","03/08/2026 12:27:01"
"C:\Users\Dionisio Lima\OneDrive\Área de Trabalho\SOUSA_2.0_PRODUCAO\node_modules\ajv\dist\compile\validate\applicability.js","853","03/08/2026 12:26:55"
"C:\Users\Dionisio Lima\OneDrive\Área de Trabalho\SOUSA_2.0_PRODUCAO\node_modules\ajv\dist\compile\validate\boolSchema.js","1531","03/08/2026 12:26:55"
"C:\Users\Dionisio Lima\OneDrive\Área de Trabalho\SOUSA_2.0_PRODUCAO\node_modules\ajv\dist\compile\validate\dataType.js","8409","03/08/2026 12:26:56"
"C:\Users\Dionisio Lima\OneDrive\Área de Trabalho\SOUSA_2.0_PRODUCAO\node_modules\ajv\dist\compile\validate\defaults.js","1448","03/08/2026 12:26:56"
"C:\Users\Dionisio Lima\OneDrive\Área de Trabalho\SOUSA_2.0_PRODUCAO\node_modules\ajv\dist\compile\validate\index.js","20552","03/08/2026 12:26:58"
"C:\Users\Dionisio Lima\OneDrive\Área de Trabalho\SOUSA_2.0_PRODUCAO\node_modules\ajv\dist\compile\validate\keyword.js","5695","03/08/2026 12:26:59"
"C:\Users\Dionisio Lima\OneDrive\Área de Trabalho\SOUSA_2.0_PRODUCAO\node_modules\ajv\dist\compile\validate\subschema.js","3858","03/08/2026 12:27:00"
"C:\Users\Dionisio Lima\OneDrive\Área de Trabalho\SOUSA_2.0_PRODUCAO\node_modules\ajv\dist\compile\errors.js","5771","03/08/2026 12:26:57"
"C:\Users\Dionisio Lima\OneDrive\Área de Trabalho\SOUSA_2.0_PRODUCAO\node_modules\ajv\dist\compile\index.js","10046","03/08/2026 12:26:58"
"C:\Users\Dionisio Lima\OneDrive\Área de Trabalho\SOUSA_2.0_PRODUCAO\node_modules\ajv\dist\compile\names.js","1440","03/08/2026 12:26:59"
"C:\Users\Dionisio Lima\OneDrive\Área de Trabalho\SOUSA_2.0_PRODUCAO\node_modules\ajv\dist\compile\ref_error.js","543","03/08/2026 12:27:00"
"C:\Users\Dionisio Lima\OneDrive\Área de Trabalho\SOUSA_2.0_PRODUCAO\node_modules\ajv\dist\compile\resolve.js","5006","03/08/2026 12:27:00"
"C:\Users\Dionisio Lima\OneDrive\Área de Trabalho\SOUSA_2.0_PRODUCAO\node_modules\ajv\dist\compile\rules.js","918","03/08/2026 12:27:00"
"C:\Users\Dionisio Lima\OneDrive\Área de Trabalho\SOUSA_2.0_PRODUCAO\node_modules\ajv\dist\compile\util.js","7103","03/08/2026 12:27:01"
"C:\Users\Dionisio Lima\OneDrive\Área de Trabalho\SOUSA_2.0_PRODUCAO\node_modules\ajv\dist\refs\json-schema-2019-09\meta\applicator.json","1566","03/08/2026 12:27:01"
"C:\Users\Dionisio Lima\OneDrive\Área de Trabalho\SOUSA_2.0_PRODUCAO\node_modules\ajv\dist\refs\json-schema-2019-09\meta\content.json","477","03/08/2026 12:27:01"
"C:\Users\Dionisio Lima\OneDrive\Área de Trabalho\SOUSA_2.0_PRODUCAO\node_modules\ajv\dist\refs\json-schema-2019-09\meta\core.json","1273","03/08/2026 12:27:02"
"C:\Users\Dionisio Lima\OneDrive\Área de Trabalho\SOUSA_2.0_PRODUCAO\node_modules\ajv\dist\refs\json-schema-2019-09\meta\format.json","375","03/08/2026 12:27:02"
"C:\Users\Dionisio Lima\OneDrive\Área de Trabalho\SOUSA_2.0_PRODUCAO\node_modules\ajv\dist\refs\json-schema-2019-09\meta\meta-data.json","758","03/08/2026 12:27:02"
"C:\Users\Dionisio Lima\OneDrive\Área de Trabalho\SOUSA_2.0_PRODUCAO\node_modules\ajv\dist\refs\json-schema-2019-09\meta\validation.json","2264","03/08/2026 12:27:02"
"C:\Users\Dionisio Lima\OneDrive\Área de Trabalho\SOUSA_2.0_PRODUCAO\node_modules\ajv\dist\refs\json-schema-2019-09\index.js","938","03/08/2026 12:26:58"
"C:\Users\Dionisio Lima\OneDrive\Área de Trabalho\SOUSA_2.0_PRODUCAO\node_modules\ajv\dist\refs\json-schema-2019-09\schema.json","1579","03/08/2026 12:27:02"
"C:\Users\Dionisio Lima\OneDrive\Área de Trabalho\SOUSA_2.0_PRODUCAO\node_modules\ajv\dist\refs\json-schema-2020-12\meta\applicator.json","1441","03/08/2026 12:27:01"
"C:\Users\Dionisio Lima\OneDrive\Área de Trabalho\SOUSA_2.0_PRODUCAO\node_modules\ajv\dist\refs\json-schema-2020-12\meta\content.json","479","03/08/2026 12:27:02"
"C:\Users\Dionisio Lima\OneDrive\Área de Trabalho\SOUSA_2.0_PRODUCAO\node_modules\ajv\dist\refs\json-schema-2020-12\meta\core.json","1344","03/08/2026 12:27:02"
"C:\Users\Dionisio Lima\OneDrive\Área de Trabalho\SOUSA_2.0_PRODUCAO\node_modules\ajv\dist\refs\json-schema-2020-12\meta\format-annotation.json","420","03/08/2026 12:27:02"
"C:\Users\Dionisio Lima\OneDrive\Área de Trabalho\SOUSA_2.0_PRODUCAO\node_modules\ajv\dist\refs\json-schema-2020-12\meta\meta-data.json","758","03/08/2026 12:27:02"
"C:\Users\Dionisio Lima\OneDrive\Área de Trabalho\SOUSA_2.0_PRODUCAO\node_modules\ajv\dist\refs\json-schema-2020-12\meta\unevaluated.json","472","03/08/2026 12:27:02"
"C:\Users\Dionisio Lima\OneDrive\Área de Trabalho\SOUSA_2.0_PRODUCAO\node_modules\ajv\dist\refs\json-schema-2020-12\meta\validation.json","2264","03/08/2026 12:27:02"
"C:\Users\Dionisio Lima\OneDrive\Área de Trabalho\SOUSA_2.0_PRODUCAO\node_modules\ajv\dist\refs\json-schema-2020-12\index.js","1026","03/08/2026 12:26:58"
"C:\Users\Dionisio Lima\OneDrive\Área de Trabalho\SOUSA_2.0_PRODUCAO\node_modules\ajv\dist\refs\json-schema-2020-12\schema.json","2166","03/08/2026 12:27:02"
"C:\Users\Dionisio Lima\OneDrive\Área de Trabalho\SOUSA_2.0_PRODUCAO\node_modules\ajv\dist\refs\data.json","409","03/08/2026 12:27:02"
"C:\Users\Dionisio Lima\OneDrive\Área de Trabalho\SOUSA_2.0_PRODUCAO\node_modules\ajv\dist\refs\json-schema-draft-06.json","3449","03/08/2026 12:27:02"
"C:\Users\Dionisio Lima\OneDrive\Área de Trabalho\SOUSA_2.0_PRODUCAO\node_modules\ajv\dist\refs\json-schema-draft-07.json","3811","03/08/2026 12:27:02"
"C:\Users\Dionisio Lima\OneDrive\Área de Trabalho\SOUSA_2.0_PRODUCAO\node_modules\ajv\dist\refs\json-schema-secure.json","2521","03/08/2026 12:27:02"
"C:\Users\Dionisio Lima\OneDrive\Área de Trabalho\SOUSA_2.0_PRODUCAO\node_modules\ajv\dist\refs\jtd-schema.js","2882","03/08/2026 12:26:59"
"C:\Users\Dionisio Lima\OneDrive\Área de Trabalho\SOUSA_2.0_PRODUCAO\node_modules\ajv\dist\runtime\equal.js","286","03/08/2026 12:26:57"
"C:\Users\Dionisio Lima\OneDrive\Área de Trabalho\SOUSA_2.0_PRODUCAO\node_modules\ajv\dist\runtime\parseJson.js","5401","03/08/2026 12:27:00"
"C:\Users\Dionisio Lima\OneDrive\Área de Trabalho\SOUSA_2.0_PRODUCAO\node_modules\ajv\dist\runtime\quote.js","943","03/08/2026 12:27:00"
"C:\Users\Dionisio Lima\OneDrive\Área de Trabalho\SOUSA_2.0_PRODUCAO\node_modules\ajv\dist\runtime\re2.js","213","03/08/2026 12:27:00"
"C:\Users\Dionisio Lima\OneDrive\Área de Trabalho\SOUSA_2.0_PRODUCAO\node_modules\ajv\dist\runtime\timestamp.js","1536","03/08/2026 12:27:00"
"C:\Users\Dionisio Lima\OneDrive\Área de Trabalho\SOUSA_2.0_PRODUCAO\node_modules\ajv\dist\runtime\ucs2length.js","808","03/08/2026 12:27:01"
"C:\Users\Dionisio Lima\OneDrive\Área de Trabalho\SOUSA_2.0_PRODUCAO\node_modules\ajv\dist\runtime\uri.js","218","03/08/2026 12:27:01"
"C:\Users\Dionisio Lima\OneDrive\Área de Trabalho\SOUSA_2.0_PRODUCAO\node_modules\ajv\dist\runtime\validation_error.js","337","03/08/2026 12:27:01"
"C:\Users\Dionisio Lima\OneDrive\Área de Trabalho\SOUSA_2.0_PRODUCAO\node_modules\ajv\dist\standalone\index.js","4480","03/08/2026 12:26:58"
"C:\Users\Dionisio Lima\OneDrive\Área de Trabalho\SOUSA_2.0_PRODUCAO\node_modules\ajv\dist\standalone\instance.js","1015","03/08/2026 12:26:59"
"C:\Users\Dionisio Lima\OneDrive\Área de Trabalho\SOUSA_2.0_PRODUCAO\node_modules\ajv\dist\types\index.js","110","03/08/2026 12:26:58"
"C:\Users\Dionisio Lima\OneDrive\Área de Trabalho\SOUSA_2.0_PRODUCAO\node_modules\ajv\dist\types\json-schema.js","116","03/08/2026 12:26:59"
"C:\Users\Dionisio Lima\OneDrive\Área de Trabalho\SOUSA_2.0_PRODUCAO\node_modules\ajv\dist\types\jtd-schema.js","115","03/08/2026 12:26:59"
"C:\Users\Dionisio Lima\OneDrive\Área de Trabalho\SOUSA_2.0_PRODUCAO\node_modules\ajv\dist\vocabularies\applicator\additionalItems.js","1931","03/08/2026 12:26:53"
"C:\Users\Dionisio Lima\OneDrive\Área de Trabalho\SOUSA_2.0_PRODUCAO\node_modules\ajv\dist\vocabularies\applicator\additionalProperties.js","4309","03/08/2026 12:26:54"
"C:\Users\Dionisio Lima\OneDrive\Área de Trabalho\SOUSA_2.0_PRODUCAO\node_modules\ajv\dist\vocabularies\applicator\allOf.js","756","03/08/2026 12:26:55"
"C:\Users\Dionisio Lima\OneDrive\Área de Trabalho\SOUSA_2.0_PRODUCAO\node_modules\ajv\dist\vocabularies\applicator\anyOf.js","343","03/08/2026 12:26:55"
"C:\Users\Dionisio Lima\OneDrive\Área de Trabalho\SOUSA_2.0_PRODUCAO\node_modules\ajv\dist\vocabularies\applicator\contains.js","3680","03/08/2026 12:26:56"
"C:\Users\Dionisio Lima\OneDrive\Área de Trabalho\SOUSA_2.0_PRODUCAO\node_modules\ajv\dist\vocabularies\applicator\dependencies.js","3198","03/08/2026 12:26:56"
"C:\Users\Dionisio Lima\OneDrive\Área de Trabalho\SOUSA_2.0_PRODUCAO\node_modules\ajv\dist\vocabularies\applicator\dependentSchemas.js","354","03/08/2026 12:26:56"
"C:\Users\Dionisio Lima\OneDrive\Área de Trabalho\SOUSA_2.0_PRODUCAO\node_modules\ajv\dist\vocabularies\applicator\if.js","2438","03/08/2026 12:26:57"
"C:\Users\Dionisio Lima\OneDrive\Área de Trabalho\SOUSA_2.0_PRODUCAO\node_modules\ajv\dist\vocabularies\applicator\index.js","1529","03/08/2026 12:26:58"
"C:\Users\Dionisio Lima\OneDrive\Área de Trabalho\SOUSA_2.0_PRODUCAO\node_modules\ajv\dist\vocabularies\applicator\items.js","1993","03/08/2026 12:26:59"
"C:\Users\Dionisio Lima\OneDrive\Área de Trabalho\SOUSA_2.0_PRODUCAO\node_modules\ajv\dist\vocabularies\applicator\items2020.js","1037","03/08/2026 12:26:59"
"C:\Users\Dionisio Lima\OneDrive\Área de Trabalho\SOUSA_2.0_PRODUCAO\node_modules\ajv\dist\vocabularies\applicator\not.js","773","03/08/2026 12:26:59"
"C:\Users\Dionisio Lima\OneDrive\Área de Trabalho\SOUSA_2.0_PRODUCAO\node_modules\ajv\dist\vocabularies\applicator\oneOf.js","2257","03/08/2026 12:27:00"
"C:\Users\Dionisio Lima\OneDrive\Área de Trabalho\SOUSA_2.0_PRODUCAO\node_modules\ajv\dist\vocabularies\applicator\patternProperties.js","3236","03/08/2026 12:27:00"
"C:\Users\Dionisio Lima\OneDrive\Área de Trabalho\SOUSA_2.0_PRODUCAO\node_modules\ajv\dist\vocabularies\applicator\prefixItems.js","354","03/08/2026 12:27:00"
"C:\Users\Dionisio Lima\OneDrive\Área de Trabalho\SOUSA_2.0_PRODUCAO\node_modules\ajv\dist\vocabularies\applicator\properties.js","2153","03/08/2026 12:27:00"
"C:\Users\Dionisio Lima\OneDrive\Área de Trabalho\SOUSA_2.0_PRODUCAO\node_modules\ajv\dist\vocabularies\applicator\propertyNames.js","1221","03/08/2026 12:27:00"
"C:\Users\Dionisio Lima\OneDrive\Área de Trabalho\SOUSA_2.0_PRODUCAO\node_modules\ajv\dist\vocabularies\applicator\thenElse.js","446","03/08/2026 12:27:00"
"C:\Users\Dionisio Lima\OneDrive\Área de Trabalho\SOUSA_2.0_PRODUCAO\node_modules\ajv\dist\vocabularies\core\id.js","267","03/08/2026 12:26:57"
"C:\Users\Dionisio Lima\OneDrive\Área de Trabalho\SOUSA_2.0_PRODUCAO\node_modules\ajv\dist\vocabularies\core\index.js","357","03/08/2026 12:26:58"
"C:\Users\Dionisio Lima\OneDrive\Área de Trabalho\SOUSA_2.0_PRODUCAO\node_modules\ajv\dist\vocabularies\core\ref.js","5234","03/08/2026 12:27:00"
"C:\Users\Dionisio Lima\OneDrive\Área de Trabalho\SOUSA_2.0_PRODUCAO\node_modules\ajv\dist\vocabularies\discriminator\index.js","4845","03/08/2026 12:26:58"
"C:\Users\Dionisio Lima\OneDrive\Área de Trabalho\SOUSA_2.0_PRODUCAO\node_modules\ajv\dist\vocabularies\discriminator\types.js","308","03/08/2026 12:27:01"
"C:\Users\Dionisio Lima\OneDrive\Área de Trabalho\SOUSA_2.0_PRODUCAO\node_modules\ajv\dist\vocabularies\dynamic\dynamicAnchor.js","1261","03/08/2026 12:26:57"
"C:\Users\Dionisio Lima\OneDrive\Área de Trabalho\SOUSA_2.0_PRODUCAO\node_modules\ajv\dist\vocabularies\dynamic\dynamicRef.js","1985","03/08/2026 12:26:57"
"C:\Users\Dionisio Lima\OneDrive\Área de Trabalho\SOUSA_2.0_PRODUCAO\node_modules\ajv\dist\vocabularies\dynamic\index.js","457","03/08/2026 12:26:58"
"C:\Users\Dionisio Lima\OneDrive\Área de Trabalho\SOUSA_2.0_PRODUCAO\node_modules\ajv\dist\vocabularies\dynamic\recursiveAnchor.js","522","03/08/2026 12:27:00"
"C:\Users\Dionisio Lima\OneDrive\Área de Trabalho\SOUSA_2.0_PRODUCAO\node_modules\ajv\dist\vocabularies\dynamic\recursiveRef.js","325","03/08/2026 12:27:00"
"C:\Users\Dionisio Lima\OneDrive\Área de Trabalho\SOUSA_2.0_PRODUCAO\node_modules\ajv\dist\vocabularies\format\format.js","4317","03/08/2026 12:26:57"
"C:\Users\Dionisio Lima\OneDrive\Área de Trabalho\SOUSA_2.0_PRODUCAO\node_modules\ajv\dist\vocabularies\format\index.js","209","03/08/2026 12:26:58"
"C:\Users\Dionisio Lima\OneDrive\Área de Trabalho\SOUSA_2.0_PRODUCAO\node_modules\ajv\dist\vocabularies\jtd\discriminator.js","2785","03/08/2026 12:26:57"
"C:\Users\Dionisio Lima\OneDrive\Área de Trabalho\SOUSA_2.0_PRODUCAO\node_modules\ajv\dist\vocabularies\jtd\elements.js","949","03/08/2026 12:26:57"
"C:\Users\Dionisio Lima\OneDrive\Área de Trabalho\SOUSA_2.0_PRODUCAO\node_modules\ajv\dist\vocabularies\jtd\enum.js","1745","03/08/2026 12:26:57"
"C:\Users\Dionisio Lima\OneDrive\Área de Trabalho\SOUSA_2.0_PRODUCAO\node_modules\ajv\dist\vocabularies\jtd\error.js","893","03/08/2026 12:26:57"
"C:\Users\Dionisio Lima\OneDrive\Área de Trabalho\SOUSA_2.0_PRODUCAO\node_modules\ajv\dist\vocabularies\jtd\index.js","962","03/08/2026 12:26:59"
"C:\Users\Dionisio Lima\OneDrive\Área de Trabalho\SOUSA_2.0_PRODUCAO\node_modules\ajv\dist\vocabularies\jtd\metadata.js","810","03/08/2026 12:26:59"
"C:\Users\Dionisio Lima\OneDrive\Área de Trabalho\SOUSA_2.0_PRODUCAO\node_modules\ajv\dist\vocabularies\jtd\nullable.js","859","03/08/2026 12:26:59"
"C:\Users\Dionisio Lima\OneDrive\Área de Trabalho\SOUSA_2.0_PRODUCAO\node_modules\ajv\dist\vocabularies\jtd\optionalProperties.js","436","03/08/2026 12:27:00"
"C:\Users\Dionisio Lima\OneDrive\Área de Trabalho\SOUSA_2.0_PRODUCAO\node_modules\ajv\dist\vocabularies\jtd\properties.js","6320","03/08/2026 12:27:00"
"C:\Users\Dionisio Lima\OneDrive\Área de Trabalho\SOUSA_2.0_PRODUCAO\node_modules\ajv\dist\vocabularies\jtd\ref.js","2648","03/08/2026 12:27:00"
"C:\Users\Dionisio Lima\OneDrive\Área de Trabalho\SOUSA_2.0_PRODUCAO\node_modules\ajv\dist\vocabularies\jtd\type.js","2706","03/08/2026 12:27:01"
"C:\Users\Dionisio Lima\OneDrive\Área de Trabalho\SOUSA_2.0_PRODUCAO\node_modules\ajv\dist\vocabularies\jtd\union.js","343","03/08/2026 12:27:01"
"C:\Users\Dionisio Lima\OneDrive\Área de Trabalho\SOUSA_2.0_PRODUCAO\node_modules\ajv\dist\vocabularies\jtd\values.js","1838","03/08/2026 12:27:01"
"C:\Users\Dionisio Lima\OneDrive\Área de Trabalho\SOUSA_2.0_PRODUCAO\node_modules\ajv\dist\vocabularies\unevaluated\index.js","350","03/08/2026 12:26:59"
"C:\Users\Dionisio Lima\OneDrive\Área de Trabalho\SOUSA_2.0_PRODUCAO\node_modules\ajv\dist\vocabularies\unevaluated\unevaluatedItems.js","1588","03/08/2026 12:27:01"
"C:\Users\Dionisio Lima\OneDrive\Área de Trabalho\SOUSA_2.0_PRODUCAO\node_modules\ajv\dist\vocabularies\unevaluated\unevaluatedProperties.js","2608","03/08/2026 12:27:01"
"C:\Users\Dionisio Lima\OneDrive\Área de Trabalho\SOUSA_2.0_PRODUCAO\node_modules\ajv\dist\vocabularies\validation\const.js","852","03/08/2026 12:26:56"
"C:\Users\Dionisio Lima\OneDrive\Área de Trabalho\SOUSA_2.0_PRODUCAO\node_modules\ajv\dist\vocabularies\validation\dependentRequired.js","403","03/08/2026 12:26:56"
"C:\Users\Dionisio Lima\OneDrive\Área de Trabalho\SOUSA_2.0_PRODUCAO\node_modules\ajv\dist\vocabularies\validation\enum.js","1901","03/08/2026 12:26:57"
"C:\Users\Dionisio Lima\OneDrive\Área de Trabalho\SOUSA_2.0_PRODUCAO\node_modules\ajv\dist\vocabularies\validation\index.js","1036","03/08/2026 12:26:59"
"C:\Users\Dionisio Lima\OneDrive\Área de Trabalho\SOUSA_2.0_PRODUCAO\node_modules\ajv\dist\vocabularies\validation\limitContains.js","495","03/08/2026 12:26:59"
"C:\Users\Dionisio Lima\OneDrive\Área de Trabalho\SOUSA_2.0_PRODUCAO\node_modules\ajv\dist\vocabularies\validation\limitItems.js","852","03/08/2026 12:26:59"
"C:\Users\Dionisio Lima\OneDrive\Área de Trabalho\SOUSA_2.0_PRODUCAO\node_modules\ajv\dist\vocabularies\validation\limitLength.js","1130","03/08/2026 12:26:59"
"C:\Users\Dionisio Lima\OneDrive\Área de Trabalho\SOUSA_2.0_PRODUCAO\node_modules\ajv\dist\vocabularies\validation\limitNumber.js","1036","03/08/2026 12:26:59"
"C:\Users\Dionisio Lima\OneDrive\Área de Trabalho\SOUSA_2.0_PRODUCAO\node_modules\ajv\dist\vocabularies\validation\limitProperties.js","896","03/08/2026 12:26:59"
"C:\Users\Dionisio Lima\OneDrive\Área de Trabalho\SOUSA_2.0_PRODUCAO\node_modules\ajv\dist\vocabularies\validation\multipleOf.js","1023","03/08/2026 12:26:59"
"C:\Users\Dionisio Lima\OneDrive\Área de Trabalho\SOUSA_2.0_PRODUCAO\node_modules\ajv\dist\vocabularies\validation\pattern.js","1323","03/08/2026 12:27:00"
"C:\Users\Dionisio Lima\OneDrive\Área de Trabalho\SOUSA_2.0_PRODUCAO\node_modules\ajv\dist\vocabularies\validation\required.js","3188","03/08/2026 12:27:00"
"C:\Users\Dionisio Lima\OneDrive\Área de Trabalho\SOUSA_2.0_PRODUCAO\node_modules\ajv\dist\vocabularies\validation\uniqueItems.js","3037","03/08/2026 12:27:01"
"C:\Users\Dionisio Lima\OneDrive\Área de Trabalho\SOUSA_2.0_PRODUCAO\node_modules\ajv\dist\vocabularies\code.js","6216","03/08/2026 12:26:55"
"C:\Users\Dionisio Lima\OneDrive\Área de Trabalho\SOUSA_2.0_PRODUCAO\node_modules\ajv\dist\vocabularies\draft2020.js","762","03/08/2026 12:26:57"
"C:\Users\Dionisio Lima\OneDrive\Área de Trabalho\SOUSA_2.0_PRODUCAO\node_modules\ajv\dist\vocabularies\draft7.js","557","03/08/2026 12:26:57"
"C:\Users\Dionisio Lima\OneDrive\Área de Trabalho\SOUSA_2.0_PRODUCAO\node_modules\ajv\dist\vocabularies\errors.js","111","03/08/2026 12:26:57"
"C:\Users\Dionisio Lima\OneDrive\Área de Trabalho\SOUSA_2.0_PRODUCAO\node_modules\ajv\dist\vocabularies\metadata.js","427","03/08/2026 12:26:59"
"C:\Users\Dionisio Lima\OneDrive\Área de Trabalho\SOUSA_2.0_PRODUCAO\node_modules\ajv\dist\vocabularies\next.js","433","03/08/2026 12:26:59"
"C:\Users\Dionisio Lima\OneDrive\Área de Trabalho\SOUSA_2.0_PRODUCAO\node_modules\ajv\dist\2019.js","3188","03/08/2026 12:26:52"
"C:\Users\Dionisio Lima\OneDrive\Área de Trabalho\SOUSA_2.0_PRODUCAO\node_modules\ajv\dist\2020.js","2894","03/08/2026 12:26:53"
"C:\Users\Dionisio Lima\OneDrive\Área de Trabalho\SOUSA_2.0_PRODUCAO\node_modules\ajv\dist\ajv.js","2841","03/08/2026 12:26:54"
"C:\Users\Dionisio Lima\OneDrive\Área de Trabalho\SOUSA_2.0_PRODUCAO\node_modules\ajv\dist\core.js","25202","03/08/2026 12:26:56"
"C:\Users\Dionisio Lima\OneDrive\Área de Trabalho\SOUSA_2.0_PRODUCAO\node_modules\ajv\dist\jtd.js","3360","03/08/2026 12:26:59"
"C:\Users\Dionisio Lima\OneDrive\Área de Trabalho\SOUSA_2.0_PRODUCAO\node_modules\ajv\lib\refs\json-schema-2019-09\meta\applicator.json","1566","03/08/2026 12:27:01"
"C:\Users\Dionisio Lima\OneDrive\Área de Trabalho\SOUSA_2.0_PRODUCAO\node_modules\ajv\lib\refs\json-schema-2019-09\meta\content.json","477","03/08/2026 12:27:02"
"C:\Users\Dionisio Lima\OneDrive\Área de Trabalho\SOUSA_2.0_PRODUCAO\node_modules\ajv\lib\refs\json-schema-2019-09\meta\core.json","1273","03/08/2026 12:27:02"
"C:\Users\Dionisio Lima\OneDrive\Área de Trabalho\SOUSA_2.0_PRODUCAO\node_modules\ajv\lib\refs\json-schema-2019-09\meta\format.json","375","03/08/2026 12:27:02"
"C:\Users\Dionisio Lima\OneDrive\Área de Trabalho\SOUSA_2.0_PRODUCAO\node_modules\ajv\lib\refs\json-schema-2019-09\meta\meta-data.json","758","03/08/2026 12:27:02"
"C:\Users\Dionisio Lima\OneDrive\Área de Trabalho\SOUSA_2.0_PRODUCAO\node_modules\ajv\lib\refs\json-schema-2019-09\meta\validation.json","2264","03/08/2026 12:27:02"
"C:\Users\Dionisio Lima\OneDrive\Área de Trabalho\SOUSA_2.0_PRODUCAO\node_modules\ajv\lib\refs\json-schema-2019-09\schema.json","1579","03/08/2026 12:27:02"
"C:\Users\Dionisio Lima\OneDrive\Área de Trabalho\SOUSA_2.0_PRODUCAO\node_modules\ajv\lib\refs\json-schema-2020-12\meta\applicator.json","1441","03/08/2026 12:27:01"
"C:\Users\Dionisio Lima\OneDrive\Área de Trabalho\SOUSA_2.0_PRODUCAO\node_modules\ajv\lib\refs\json-schema-2020-12\meta\content.json","479","03/08/2026 12:27:02"
"C:\Users\Dionisio Lima\OneDrive\Área de Trabalho\SOUSA_2.0_PRODUCAO\node_modules\ajv\lib\refs\json-schema-2020-12\meta\core.json","1344","03/08/2026 12:27:02"
"C:\Users\Dionisio Lima\OneDrive\Área de Trabalho\SOUSA_2.0_PRODUCAO\node_modules\ajv\lib\refs\json-schema-2020-12\meta\format-annotation.json","420","03/08/2026 12:27:02"
"C:\Users\Dionisio Lima\OneDrive\Área de Trabalho\SOUSA_2.0_PRODUCAO\node_modules\ajv\lib\refs\json-schema-2020-12\meta\meta-data.json","758","03/08/2026 12:27:02"
"C:\Users\Dionisio Lima\OneDrive\Área de Trabalho\SOUSA_2.0_PRODUCAO\node_modules\ajv\lib\refs\json-schema-2020-12\meta\unevaluated.json","472","03/08/2026 12:27:02"
"C:\Users\Dionisio Lima\OneDrive\Área de Trabalho\SOUSA_2.0_PRODUCAO\node_modules\ajv\lib\refs\json-schema-2020-12\meta\validation.json","2264","03/08/2026 12:27:03"
"C:\Users\Dionisio Lima\OneDrive\Área de Trabalho\SOUSA_2.0_PRODUCAO\node_modules\ajv\lib\refs\json-schema-2020-12\schema.json","2166","03/08/2026 12:27:02"
"C:\Users\Dionisio Lima\OneDrive\Área de Trabalho\SOUSA_2.0_PRODUCAO\node_modules\ajv\lib\refs\data.json","409","03/08/2026 12:27:02"
"C:\Users\Dionisio Lima\OneDrive\Área de Trabalho\SOUSA_2.0_PRODUCAO\node_modules\ajv\lib\refs\json-schema-draft-06.json","3449","03/08/2026 12:27:02"
"C:\Users\Dionisio Lima\OneDrive\Área de Trabalho\SOUSA_2.0_PRODUCAO\node_modules\ajv\lib\refs\json-schema-draft-07.json","3811","03/08/2026 12:27:02"
"C:\Users\Dionisio Lima\OneDrive\Área de Trabalho\SOUSA_2.0_PRODUCAO\node_modules\ajv\lib\refs\json-schema-secure.json","2521","03/08/2026 12:27:02"
"C:\Users\Dionisio Lima\OneDrive\Área de Trabalho\SOUSA_2.0_PRODUCAO\node_modules\ajv\.runkit_example.js","496","03/08/2026 12:26:52"
"C:\Users\Dionisio Lima\OneDrive\Área de Trabalho\SOUSA_2.0_PRODUCAO\node_modules\ajv\package.json","4405","03/08/2026 12:27:02"
"C:\Users\Dionisio Lima\OneDrive\Área de Trabalho\SOUSA_2.0_PRODUCAO\node_modules\ajv-formats\dist\formats.js","12263","03/08/2026 12:26:52"
"C:\Users\Dionisio Lima\OneDrive\Área de Trabalho\SOUSA_2.0_PRODUCAO\node_modules\ajv-formats\dist\index.js","1508","03/08/2026 12:26:52"
"C:\Users\Dionisio Lima\OneDrive\Área de Trabalho\SOUSA_2.0_PRODUCAO\node_modules\ajv-formats\dist\limit.js","2900","03/08/2026 12:26:53"
"C:\Users\Dionisio Lima\OneDrive\Área de Trabalho\SOUSA_2.0_PRODUCAO\node_modules\ajv-formats\package.json","1897","03/08/2026 12:26:53"
"C:\Users\Dionisio Lima\OneDrive\Área de Trabalho\SOUSA_2.0_PRODUCAO\node_modules\ansi-escapes\node_modules\type-fest\package.json","1042","03/08/2026 12:26:52"
"C:\Users\Dionisio Lima\OneDrive\Área de Trabalho\SOUSA_2.0_PRODUCAO\node_modules\ansi-escapes\index.js","3750","03/08/2026 12:26:52"
"C:\Users\Dionisio Lima\OneDrive\Área de Trabalho\SOUSA_2.0_PRODUCAO\node_modules\ansi-escapes\package.json","929","03/08/2026 12:26:52"
"C:\Users\Dionisio Lima\OneDrive\Área de Trabalho\SOUSA_2.0_PRODUCAO\node_modules\ansi-regex\index.js","590","03/08/2026 12:26:52"
"C:\Users\Dionisio Lima\OneDrive\Área de Trabalho\SOUSA_2.0_PRODUCAO\node_modules\ansi-regex\package.json","1035","03/08/2026 12:26:52"
"C:\Users\Dionisio Lima\OneDrive\Área de Trabalho\SOUSA_2.0_PRODUCAO\node_modules\ansi-styles\index.js","5256","03/08/2026 12:26:52"
"C:\Users\Dionisio Lima\OneDrive\Área de Trabalho\SOUSA_2.0_PRODUCAO\node_modules\ansi-styles\package.json","1021","03/08/2026 12:26:52"
"C:\Users\Dionisio Lima\OneDrive\Área de Trabalho\SOUSA_2.0_PRODUCAO\node_modules\array-find-index\index.js","464","03/08/2026 12:26:52"
"C:\Users\Dionisio Lima\OneDrive\Área de Trabalho\SOUSA_2.0_PRODUCAO\node_modules\array-find-index\package.json","608","03/08/2026 12:26:52"
"C:\Users\Dionisio Lima\OneDrive\Área de Trabalho\SOUSA_2.0_PRODUCAO\node_modules\base64-js\base64js.min.js","2192","03/08/2026 12:26:52"
"C:\Users\Dionisio Lima\OneDrive\Área de Trabalho\SOUSA_2.0_PRODUCAO\node_modules\base64-js\index.js","3932","03/08/2026 12:26:52"
"C:\Users\Dionisio Lima\OneDrive\Área de Trabalho\SOUSA_2.0_PRODUCAO\node_modules\base64-js\package.json","1115","03/08/2026 12:26:52"
"C:\Users\Dionisio Lima\OneDrive\Área de Trabalho\SOUSA_2.0_PRODUCAO\node_modules\bignumber.js\doc\API.html","87315","03/08/2026 12:26:52"
"C:\Users\Dionisio Lima\OneDrive\Área de Trabalho\SOUSA_2.0_PRODUCAO\node_modules\bignumber.js\bignumber.js","89684","03/08/2026 12:26:53"
"C:\Users\Dionisio Lima\OneDrive\Área de Trabalho\SOUSA_2.0_PRODUCAO\node_modules\bignumber.js\package.json","1309","03/08/2026 12:26:53"
"C:\Users\Dionisio Lima\OneDrive\Área de Trabalho\SOUSA_2.0_PRODUCAO\node_modules\body-parser\lib\types\json.js","4260","03/08/2026 12:26:52"
"C:\Users\Dionisio Lima\OneDrive\Área de Trabalho\SOUSA_2.0_PRODUCAO\node_modules\body-parser\lib\types\raw.js","805","03/08/2026 12:26:53"
"C:\Users\Dionisio Lima\OneDrive\Área de Trabalho\SOUSA_2.0_PRODUCAO\node_modules\body-parser\lib\types\text.js","669","03/08/2026 12:26:53"
"C:\Users\Dionisio Lima\OneDrive\Área de Trabalho\SOUSA_2.0_PRODUCAO\node_modules\body-parser\lib\types\urlencoded.js","3548","03/08/2026 12:26:54"
"C:\Users\Dionisio Lima\OneDrive\Área de Trabalho\SOUSA_2.0_PRODUCAO\node_modules\body-parser\lib\read.js","5425","03/08/2026 12:26:53"
"C:\Users\Dionisio Lima\OneDrive\Área de Trabalho\SOUSA_2.0_PRODUCAO\node_modules\body-parser\lib\utils.js","2209","03/08/2026 12:26:55"
"C:\Users\Dionisio Lima\OneDrive\Área de Trabalho\SOUSA_2.0_PRODUCAO\node_modules\body-parser\node_modules\content-type\dist\index.js","5351","03/08/2026 12:26:52"
"C:\Users\Dionisio Lima\OneDrive\Área de Trabalho\SOUSA_2.0_PRODUCAO\node_modules\body-parser\node_modules\content-type\package.json","1126","03/08/2026 12:26:52"
"C:\Users\Dionisio Lima\OneDrive\Área de Trabalho\SOUSA_2.0_PRODUCAO\node_modules\body-parser\index.js","976","03/08/2026 12:26:52"
"C:\Users\Dionisio Lima\OneDrive\Área de Trabalho\SOUSA_2.0_PRODUCAO\node_modules\body-parser\package.json","1767","03/08/2026 12:26:55"
"C:\Users\Dionisio Lima\OneDrive\Área de Trabalho\SOUSA_2.0_PRODUCAO\node_modules\braces\lib\compile.js","1501","03/08/2026 12:26:52"
"C:\Users\Dionisio Lima\OneDrive\Área de Trabalho\SOUSA_2.0_PRODUCAO\node_modules\braces\lib\constants.js","1589","03/08/2026 12:26:52"
"C:\Users\Dionisio Lima\OneDrive\Área de Trabalho\SOUSA_2.0_PRODUCAO\node_modules\braces\lib\expand.js","2797","03/08/2026 12:26:53"
"C:\Users\Dionisio Lima\OneDrive\Área de Trabalho\SOUSA_2.0_PRODUCAO\node_modules\braces\lib\parse.js","6899","03/08/2026 12:26:53"
"C:\Users\Dionisio Lima\OneDrive\Área de Trabalho\SOUSA_2.0_PRODUCAO\node_modules\braces\lib\stringify.js","708","03/08/2026 12:26:53"
"C:\Users\Dionisio Lima\OneDrive\Área de Trabalho\SOUSA_2.0_PRODUCAO\node_modules\braces\lib\utils.js","2518","03/08/2026 12:26:54"
"C:\Users\Dionisio Lima\OneDrive\Área de Trabalho\SOUSA_2.0_PRODUCAO\node_modules\braces\index.js","4380","03/08/2026 12:26:53"
"C:\Users\Dionisio Lima\OneDrive\Área de Trabalho\SOUSA_2.0_PRODUCAO\node_modules\braces\package.json","1647","03/08/2026 12:26:54"
"C:\Users\Dionisio Lima\OneDrive\Área de Trabalho\SOUSA_2.0_PRODUCAO\node_modules\buffer-equal-constant-time\index.js","1045","03/08/2026 12:26:52"
"C:\Users\Dionisio Lima\OneDrive\Área de Trabalho\SOUSA_2.0_PRODUCAO\node_modules\buffer-equal-constant-time\package.json","484","03/08/2026 12:26:52"
"C:\Users\Dionisio Lima\OneDrive\Área de Trabalho\SOUSA_2.0_PRODUCAO\node_modules\buffer-equal-constant-time\test.js","1013","03/08/2026 12:26:53"
"C:\Users\Dionisio Lima\OneDrive\Área de Trabalho\SOUSA_2.0_PRODUCAO\node_modules\bundle-name\index.js","362","03/08/2026 12:26:52"
"C:\Users\Dionisio Lima\OneDrive\Área de Trabalho\SOUSA_2.0_PRODUCAO\node_modules\bundle-name\package.json","846","03/08/2026 12:26:52"
"C:\Users\Dionisio Lima\OneDrive\Área de Trabalho\SOUSA_2.0_PRODUCAO\node_modules\bytes\index.js","3613","03/08/2026 12:26:52"
"C:\Users\Dionisio Lima\OneDrive\Área de Trabalho\SOUSA_2.0_PRODUCAO\node_modules\bytes\package.json","959","03/08/2026 12:26:52"
"C:\Users\Dionisio Lima\OneDrive\Área de Trabalho\SOUSA_2.0_PRODUCAO\node_modules\call-bind-apply-helpers\test\index.js","2658","03/08/2026 12:26:53"
"C:\Users\Dionisio Lima\OneDrive\Área de Trabalho\SOUSA_2.0_PRODUCAO\node_modules\call-bind-apply-helpers\actualApply.js","280","03/08/2026 12:26:52"
"C:\Users\Dionisio Lima\OneDrive\Área de Trabalho\SOUSA_2.0_PRODUCAO\node_modules\call-bind-apply-helpers\applyBind.js","264","03/08/2026 12:26:53"
"C:\Users\Dionisio Lima\OneDrive\Área de Trabalho\SOUSA_2.0_PRODUCAO\node_modules\call-bind-apply-helpers\functionApply.js","99","03/08/2026 12:26:53"
"C:\Users\Dionisio Lima\OneDrive\Área de Trabalho\SOUSA_2.0_PRODUCAO\node_modules\call-bind-apply-helpers\functionCall.js","97","03/08/2026 12:26:53"
"C:\Users\Dionisio Lima\OneDrive\Área de Trabalho\SOUSA_2.0_PRODUCAO\node_modules\call-bind-apply-helpers\index.js","511","03/08/2026 12:26:53"
"C:\Users\Dionisio Lima\OneDrive\Área de Trabalho\SOUSA_2.0_PRODUCAO\node_modules\call-bind-apply-helpers\package.json","2480","03/08/2026 12:26:54"
"C:\Users\Dionisio Lima\OneDrive\Área de Trabalho\SOUSA_2.0_PRODUCAO\node_modules\call-bind-apply-helpers\reflectApply.js","132","03/08/2026 12:26:54"
"C:\Users\Dionisio Lima\OneDrive\Área de Trabalho\SOUSA_2.0_PRODUCAO\node_modules\call-bind-apply-helpers\tsconfig.json","115","03/08/2026 12:26:54"
"C:\Users\Dionisio Lima\OneDrive\Área de Trabalho\SOUSA_2.0_PRODUCAO\node_modules\call-bound\test\index.js","2418","03/08/2026 12:26:53"
"C:\Users\Dionisio Lima\OneDrive\Área de Trabalho\SOUSA_2.0_PRODUCAO\node_modules\call-bound\index.js","687","03/08/2026 12:26:52"
"C:\Users\Dionisio Lima\OneDrive\Área de Trabalho\SOUSA_2.0_PRODUCAO\node_modules\call-bound\package.json","2507","03/08/2026 12:26:53"
"C:\Users\Dionisio Lima\OneDrive\Área de Trabalho\SOUSA_2.0_PRODUCAO\node_modules\call-bound\tsconfig.json","137","03/08/2026 12:26:53"
"C:\Users\Dionisio Lima\OneDrive\Área de Trabalho\SOUSA_2.0_PRODUCAO\node_modules\chalk\source\vendor\ansi-styles\index.js","5256","03/08/2026 12:26:53"
"C:\Users\Dionisio Lima\OneDrive\Área de Trabalho\SOUSA_2.0_PRODUCAO\node_modules\chalk\source\vendor\supports-color\browser.js","607","03/08/2026 12:26:52"
"C:\Users\Dionisio Lima\OneDrive\Área de Trabalho\SOUSA_2.0_PRODUCAO\node_modules\chalk\source\vendor\supports-color\index.js","3965","03/08/2026 12:26:53"
"C:\Users\Dionisio Lima\OneDrive\Área de Trabalho\SOUSA_2.0_PRODUCAO\node_modules\chalk\source\index.js","5902","03/08/2026 12:26:53"
"C:\Users\Dionisio Lima\OneDrive\Área de Trabalho\SOUSA_2.0_PRODUCAO\node_modules\chalk\source\utilities.js","997","03/08/2026 12:26:54"
"C:\Users\Dionisio Lima\OneDrive\Área de Trabalho\SOUSA_2.0_PRODUCAO\node_modules\chalk\package.json","1640","03/08/2026 12:26:54"
"C:\Users\Dionisio Lima\OneDrive\Área de Trabalho\SOUSA_2.0_PRODUCAO\node_modules\chardet\lib\encoding\ascii.js","698","03/08/2026 12:26:52"
"C:\Users\Dionisio Lima\OneDrive\Área de Trabalho\SOUSA_2.0_PRODUCAO\node_modules\chardet\lib\encoding\index.js","110","03/08/2026 12:26:53"
"C:\Users\Dionisio Lima\OneDrive\Área de Trabalho\SOUSA_2.0_PRODUCAO\node_modules\chardet\lib\encoding\iso2022.js","3366","03/08/2026 12:26:54"
"C:\Users\Dionisio Lima\OneDrive\Área de Trabalho\SOUSA_2.0_PRODUCAO\node_modules\chardet\lib\encoding\mbcs.js","13065","03/08/2026 12:26:55"
"C:\Users\Dionisio Lima\OneDrive\Área de Trabalho\SOUSA_2.0_PRODUCAO\node_modules\chardet\lib\encoding\sbcs.js","50859","03/08/2026 12:26:55"
"C:\Users\Dionisio Lima\OneDrive\Área de Trabalho\SOUSA_2.0_PRODUCAO\node_modules\chardet\lib\encoding\unicode.js","3146","03/08/2026 12:26:55"
"C:\Users\Dionisio Lima\OneDrive\Área de Trabalho\SOUSA_2.0_PRODUCAO\node_modules\chardet\lib\encoding\utf8.js","2250","03/08/2026 12:26:55"
"C:\Users\Dionisio Lima\OneDrive\Área de Trabalho\SOUSA_2.0_PRODUCAO\node_modules\chardet\lib\fs\browser.js","194","03/08/2026 12:26:53"
"C:\Users\Dionisio Lima\OneDrive\Área de Trabalho\SOUSA_2.0_PRODUCAO\node_modules\chardet\lib\fs\node.js","368","03/08/2026 12:26:55"
"C:\Users\Dionisio Lima\OneDrive\Área de Trabalho\SOUSA_2.0_PRODUCAO\node_modules\chardet\lib\index.js","5917","03/08/2026 12:26:53"
"C:\Users\Dionisio Lima\OneDrive\Área de Trabalho\SOUSA_2.0_PRODUCAO\node_modules\chardet\lib\match.js","255","03/08/2026 12:26:54"
"C:\Users\Dionisio Lima\OneDrive\Área de Trabalho\SOUSA_2.0_PRODUCAO\node_modules\chardet\lib\utils.js","340","03/08/2026 12:26:55"
"C:\Users\Dionisio Lima\OneDrive\Área de Trabalho\SOUSA_2.0_PRODUCAO\node_modules\chardet\package.json","2151","03/08/2026 12:26:55"
"C:\Users\Dionisio Lima\OneDrive\Área de Trabalho\SOUSA_2.0_PRODUCAO\node_modules\chokidar\esm\handler.js","24734","03/08/2026 12:26:52"
"C:\Users\Dionisio Lima\OneDrive\Área de Trabalho\SOUSA_2.0_PRODUCAO\node_modules\chokidar\esm\index.js","29229","03/08/2026 12:26:53"
"C:\Users\Dionisio Lima\OneDrive\Área de Trabalho\SOUSA_2.0_PRODUCAO\node_modules\chokidar\esm\package.json","43","03/08/2026 12:26:53"
"C:\Users\Dionisio Lima\OneDrive\Área de Trabalho\SOUSA_2.0_PRODUCAO\node_modules\chokidar\handler.js","25231","03/08/2026 12:26:52"
"C:\Users\Dionisio Lima\OneDrive\Área de Trabalho\SOUSA_2.0_PRODUCAO\node_modules\chokidar\index.js","29865","03/08/2026 12:26:53"
"C:\Users\Dionisio Lima\OneDrive\Área de Trabalho\SOUSA_2.0_PRODUCAO\node_modules\chokidar\package.json","1517","03/08/2026 12:26:54"
"C:\Users\Dionisio Lima\OneDrive\Área de Trabalho\SOUSA_2.0_PRODUCAO\node_modules\cli-cursor\index.js","694","03/08/2026 12:26:52"
"C:\Users\Dionisio Lima\OneDrive\Área de Trabalho\SOUSA_2.0_PRODUCAO\node_modules\cli-cursor\package.json","952","03/08/2026 12:26:52"
"C:\Users\Dionisio Lima\OneDrive\Área de Trabalho\SOUSA_2.0_PRODUCAO\node_modules\cli-spinners\index.js","406","03/08/2026 12:26:52"
"C:\Users\Dionisio Lima\OneDrive\Área de Trabalho\SOUSA_2.0_PRODUCAO\node_modules\cli-spinners\package.json","939","03/08/2026 12:26:52"
"C:\Users\Dionisio Lima\OneDrive\Área de Trabalho\SOUSA_2.0_PRODUCAO\node_modules\cli-spinners\spinners.json","26268","03/08/2026 12:26:53"
"C:\Users\Dionisio Lima\OneDrive\Área de Trabalho\SOUSA_2.0_PRODUCAO\node_modules\cli-truncate\index.js","2656","03/08/2026 12:26:52"
"C:\Users\Dionisio Lima\OneDrive\Área de Trabalho\SOUSA_2.0_PRODUCAO\node_modules\cli-truncate\package.json","889","03/08/2026 12:26:52"
"C:\Users\Dionisio Lima\OneDrive\Área de Trabalho\SOUSA_2.0_PRODUCAO\node_modules\cli-width\index.js","903","03/08/2026 12:26:52"
"C:\Users\Dionisio Lima\OneDrive\Área de Trabalho\SOUSA_2.0_PRODUCAO\node_modules\cli-width\package.json","977","03/08/2026 12:26:52"
"C:\Users\Dionisio Lima\OneDrive\Área de Trabalho\SOUSA_2.0_PRODUCAO\node_modules\color-convert\conversions.js","17040","03/08/2026 12:26:52"
"C:\Users\Dionisio Lima\OneDrive\Área de Trabalho\SOUSA_2.0_PRODUCAO\node_modules\color-convert\index.js","1708","03/08/2026 12:26:52"
"C:\Users\Dionisio Lima\OneDrive\Área de Trabalho\SOUSA_2.0_PRODUCAO\node_modules\color-convert\package.json","827","03/08/2026 12:26:52"
"C:\Users\Dionisio Lima\OneDrive\Área de Trabalho\SOUSA_2.0_PRODUCAO\node_modules\color-convert\route.js","2257","03/08/2026 12:26:53"
"C:\Users\Dionisio Lima\OneDrive\Área de Trabalho\SOUSA_2.0_PRODUCAO\node_modules\color-name\index.js","4617","03/08/2026 12:26:52"
"C:\Users\Dionisio Lima\OneDrive\Área de Trabalho\SOUSA_2.0_PRODUCAO\node_modules\color-name\package.json","607","03/08/2026 12:26:52"
"C:\Users\Dionisio Lima\OneDrive\Área de Trabalho\SOUSA_2.0_PRODUCAO\node_modules\commander\lib\argument.js","3223","03/08/2026 12:26:52"
"C:\Users\Dionisio Lima\OneDrive\Área de Trabalho\SOUSA_2.0_PRODUCAO\node_modules\commander\lib\command.js","83721","03/08/2026 12:26:53"
"C:\Users\Dionisio Lima\OneDrive\Área de Trabalho\SOUSA_2.0_PRODUCAO\node_modules\commander\lib\error.js","1170","03/08/2026 12:26:53"
"C:\Users\Dionisio Lima\OneDrive\Área de Trabalho\SOUSA_2.0_PRODUCAO\node_modules\commander\lib\help.js","19750","03/08/2026 12:26:53"
"C:\Users\Dionisio Lima\OneDrive\Área de Trabalho\SOUSA_2.0_PRODUCAO\node_modules\commander\lib\option.js","10004","03/08/2026 12:26:54"
"C:\Users\Dionisio Lima\OneDrive\Área de Trabalho\SOUSA_2.0_PRODUCAO\node_modules\commander\lib\suggestSimilar.js","2774","03/08/2026 12:26:55"
"C:\Users\Dionisio Lima\OneDrive\Área de Trabalho\SOUSA_2.0_PRODUCAO\node_modules\commander\index.js","812","03/08/2026 12:26:53"
"C:\Users\Dionisio Lima\OneDrive\Área de Trabalho\SOUSA_2.0_PRODUCAO\node_modules\commander\package-support.json","231","03/08/2026 12:26:55"
"C:\Users\Dionisio Lima\OneDrive\Área de Trabalho\SOUSA_2.0_PRODUCAO\node_modules\commander\package.json","2096","03/08/2026 12:26:55"
"C:\Users\Dionisio Lima\OneDrive\Área de Trabalho\SOUSA_2.0_PRODUCAO\node_modules\content-disposition\index.js","12563","03/08/2026 12:26:52"
"C:\Users\Dionisio Lima\OneDrive\Área de Trabalho\SOUSA_2.0_PRODUCAO\node_modules\content-disposition\package.json","1039","03/08/2026 12:26:52"
"C:\Users\Dionisio Lima\OneDrive\Área de Trabalho\SOUSA_2.0_PRODUCAO\node_modules\content-type\index.js","5002","03/08/2026 12:26:52"
"C:\Users\Dionisio Lima\OneDrive\Área de Trabalho\SOUSA_2.0_PRODUCAO\node_modules\content-type\package.json","1075","03/08/2026 12:26:52"
"C:\Users\Dionisio Lima\OneDrive\Área de Trabalho\SOUSA_2.0_PRODUCAO\node_modules\cookie\index.js","8166","03/08/2026 12:26:52"
"C:\Users\Dionisio Lima\OneDrive\Área de Trabalho\SOUSA_2.0_PRODUCAO\node_modules\cookie\package.json","1092","03/08/2026 12:26:52"
"C:\Users\Dionisio Lima\OneDrive\Área de Trabalho\SOUSA_2.0_PRODUCAO\node_modules\cookie-signature\index.js","1413","03/08/2026 12:26:52"
"C:\Users\Dionisio Lima\OneDrive\Área de Trabalho\SOUSA_2.0_PRODUCAO\node_modules\cookie-signature\package.json","548","03/08/2026 12:26:52"
"C:\Users\Dionisio Lima\OneDrive\Área de Trabalho\SOUSA_2.0_PRODUCAO\node_modules\cors\lib\index.js","6587","03/08/2026 12:26:52"
"C:\Users\Dionisio Lima\OneDrive\Área de Trabalho\SOUSA_2.0_PRODUCAO\node_modules\cors\package.json","926","03/08/2026 12:26:52"
"C:\Users\Dionisio Lima\OneDrive\Área de Trabalho\SOUSA_2.0_PRODUCAO\node_modules\cross-spawn\lib\util\escape.js","1383","03/08/2026 12:26:52"
"C:\Users\Dionisio Lima\OneDrive\Área de Trabalho\SOUSA_2.0_PRODUCAO\node_modules\cross-spawn\lib\util\readShebang.js","549","03/08/2026 12:26:53"
"C:\Users\Dionisio Lima\OneDrive\Área de Trabalho\SOUSA_2.0_PRODUCAO\node_modules\cross-spawn\lib\util\resolveCommand.js","1557","03/08/2026 12:26:54"
"C:\Users\Dionisio Lima\OneDrive\Área de Trabalho\SOUSA_2.0_PRODUCAO\node_modules\cross-spawn\lib\enoent.js","1471","03/08/2026 12:26:52"
"C:\Users\Dionisio Lima\OneDrive\Área de Trabalho\SOUSA_2.0_PRODUCAO\node_modules\cross-spawn\lib\parse.js","3065","03/08/2026 12:26:53"
"C:\Users\Dionisio Lima\OneDrive\Área de Trabalho\SOUSA_2.0_PRODUCAO\node_modules\cross-spawn\index.js","1192","03/08/2026 12:26:53"
"C:\Users\Dionisio Lima\OneDrive\Área de Trabalho\SOUSA_2.0_PRODUCAO\node_modules\cross-spawn\package.json","1655","03/08/2026 12:26:54"
"C:\Users\Dionisio Lima\OneDrive\Área de Trabalho\SOUSA_2.0_PRODUCAO\node_modules\currently-unhandled\browser.js","561","03/08/2026 12:26:52"
"C:\Users\Dionisio Lima\OneDrive\Área de Trabalho\SOUSA_2.0_PRODUCAO\node_modules\currently-unhandled\core.js","747","03/08/2026 12:26:52"
"C:\Users\Dionisio Lima\OneDrive\Área de Trabalho\SOUSA_2.0_PRODUCAO\node_modules\currently-unhandled\index.js","250","03/08/2026 12:26:52"
"C:\Users\Dionisio Lima\OneDrive\Área de Trabalho\SOUSA_2.0_PRODUCAO\node_modules\currently-unhandled\package.json","1368","03/08/2026 12:26:52"
"C:\Users\Dionisio Lima\OneDrive\Área de Trabalho\SOUSA_2.0_PRODUCAO\node_modules\debug\src\browser.js","6103","03/08/2026 12:26:52"
"C:\Users\Dionisio Lima\OneDrive\Área de Trabalho\SOUSA_2.0_PRODUCAO\node_modules\debug\src\common.js","6915","03/08/2026 12:26:52"
"C:\Users\Dionisio Lima\OneDrive\Área de Trabalho\SOUSA_2.0_PRODUCAO\node_modules\debug\src\index.js","314","03/08/2026 12:26:53"
"C:\Users\Dionisio Lima\OneDrive\Área de Trabalho\SOUSA_2.0_PRODUCAO\node_modules\debug\src\node.js","4728","03/08/2026 12:26:53"
"C:\Users\Dionisio Lima\OneDrive\Área de Trabalho\SOUSA_2.0_PRODUCAO\node_modules\debug\package.json","1479","03/08/2026 12:26:53"
"C:\Users\Dionisio Lima\OneDrive\Área de Trabalho\SOUSA_2.0_PRODUCAO\node_modules\decimal.js\decimal.js","136673","03/08/2026 12:26:52"
"C:\Users\Dionisio Lima\OneDrive\Área de Trabalho\SOUSA_2.0_PRODUCAO\node_modules\decimal.js\package.json","1190","03/08/2026 12:26:52"
"C:\Users\Dionisio Lima\OneDrive\Área de Trabalho\SOUSA_2.0_PRODUCAO\node_modules\default-browser\index.js","1094","03/08/2026 12:26:52"
"C:\Users\Dionisio Lima\OneDrive\Área de Trabalho\SOUSA_2.0_PRODUCAO\node_modules\default-browser\package.json","936","03/08/2026 12:26:52"
"C:\Users\Dionisio Lima\OneDrive\Área de Trabalho\SOUSA_2.0_PRODUCAO\node_modules\default-browser\windows.js","2640","03/08/2026 12:26:52"
"C:\Users\Dionisio Lima\OneDrive\Área de Trabalho\SOUSA_2.0_PRODUCAO\node_modules\default-browser-id\index.js","807","03/08/2026 12:26:52"
"C:\Users\Dionisio Lima\OneDrive\Área de Trabalho\SOUSA_2.0_PRODUCAO\node_modules\default-browser-id\package.json","769","03/08/2026 12:26:52"
"C:\Users\Dionisio Lima\OneDrive\Área de Trabalho\SOUSA_2.0_PRODUCAO\node_modules\define-lazy-prop\index.js","429","03/08/2026 12:26:52"
"C:\Users\Dionisio Lima\OneDrive\Área de Trabalho\SOUSA_2.0_PRODUCAO\node_modules\define-lazy-prop\package.json","867","03/08/2026 12:26:52"
"C:\Users\Dionisio Lima\OneDrive\Área de Trabalho\SOUSA_2.0_PRODUCAO\node_modules\depd\lib\browser\index.js","1512","03/08/2026 12:26:53"
"C:\Users\Dionisio Lima\OneDrive\Área de Trabalho\SOUSA_2.0_PRODUCAO\node_modules\depd\index.js","10932","03/08/2026 12:26:52"
"C:\Users\Dionisio Lima\OneDrive\Área de Trabalho\SOUSA_2.0_PRODUCAO\node_modules\depd\package.json","1335","03/08/2026 12:26:52"
"C:\Users\Dionisio Lima\OneDrive\Área de Trabalho\SOUSA_2.0_PRODUCAO\node_modules\dunder-proto\test\get.js","1143","03/08/2026 12:26:53"
"C:\Users\Dionisio Lima\OneDrive\Área de Trabalho\SOUSA_2.0_PRODUCAO\node_modules\dunder-proto\test\index.js","51","03/08/2026 12:26:53"
"C:\Users\Dionisio Lima\OneDrive\Área de Trabalho\SOUSA_2.0_PRODUCAO\node_modules\dunder-proto\test\set.js","1695","03/08/2026 12:26:53"
"C:\Users\Dionisio Lima\OneDrive\Área de Trabalho\SOUSA_2.0_PRODUCAO\node_modules\dunder-proto\get.js","980","03/08/2026 12:26:52"
"C:\Users\Dionisio Lima\OneDrive\Área de Trabalho\SOUSA_2.0_PRODUCAO\node_modules\dunder-proto\package.json","2108","03/08/2026 12:26:54"
"C:\Users\Dionisio Lima\OneDrive\Área de Trabalho\SOUSA_2.0_PRODUCAO\node_modules\dunder-proto\set.js","1276","03/08/2026 12:26:53"
"C:\Users\Dionisio Lima\OneDrive\Área de Trabalho\SOUSA_2.0_PRODUCAO\node_modules\dunder-proto\tsconfig.json","116","03/08/2026 12:26:54"
"C:\Users\Dionisio Lima\OneDrive\Área de Trabalho\SOUSA_2.0_PRODUCAO\node_modules\ecdsa-sig-formatter\src\ecdsa-sig-formatter.js","5009","03/08/2026 12:26:53"
"C:\Users\Dionisio Lima\OneDrive\Área de Trabalho\SOUSA_2.0_PRODUCAO\node_modules\ecdsa-sig-formatter\src\param-bytes-for-alg.js","456","03/08/2026 12:26:53"
"C:\Users\Dionisio Lima\OneDrive\Área de Trabalho\SOUSA_2.0_PRODUCAO\node_modules\ecdsa-sig-formatter\package.json","1234","03/08/2026 12:26:52"
"C:\Users\Dionisio Lima\OneDrive\Área de Trabalho\SOUSA_2.0_PRODUCAO\node_modules\ee-first\index.js","1684","03/08/2026 12:26:52"
"C:\Users\Dionisio Lima\OneDrive\Área de Trabalho\SOUSA_2.0_PRODUCAO\node_modules\ee-first\package.json","859","03/08/2026 12:26:52"
"C:\Users\Dionisio Lima\OneDrive\Área de Trabalho\SOUSA_2.0_PRODUCAO\node_modules\emoji-regex\index.js","14183","03/08/2026 12:26:52"
"C:\Users\Dionisio Lima\OneDrive\Área de Trabalho\SOUSA_2.0_PRODUCAO\node_modules\emoji-regex\package.json","984","03/08/2026 12:26:52"
"C:\Users\Dionisio Lima\OneDrive\Área de Trabalho\SOUSA_2.0_PRODUCAO\node_modules\encodeurl\index.js","1578","03/08/2026 12:26:52"
"C:\Users\Dionisio Lima\OneDrive\Área de Trabalho\SOUSA_2.0_PRODUCAO\node_modules\encodeurl\package.json","1092","03/08/2026 12:26:52"
"C:\Users\Dionisio Lima\OneDrive\Área de Trabalho\SOUSA_2.0_PRODUCAO\node_modules\es-define-property\test\index.js","1299","03/08/2026 12:26:53"
"C:\Users\Dionisio Lima\OneDrive\Área de Trabalho\SOUSA_2.0_PRODUCAO\node_modules\es-define-property\index.js","288","03/08/2026 12:26:52"
"C:\Users\Dionisio Lima\OneDrive\Área de Trabalho\SOUSA_2.0_PRODUCAO\node_modules\es-define-property\package.json","2129","03/08/2026 12:26:53"
"C:\Users\Dionisio Lima\OneDrive\Área de Trabalho\SOUSA_2.0_PRODUCAO\node_modules\es-define-property\tsconfig.json","138","03/08/2026 12:26:53"
"C:\Users\Dionisio Lima\OneDrive\Área de Trabalho\SOUSA_2.0_PRODUCAO\node_modules\es-errors\test\index.js","356","03/08/2026 12:26:53"
"C:\Users\Dionisio Lima\OneDrive\Área de Trabalho\SOUSA_2.0_PRODUCAO\node_modules\es-errors\eval.js","75","03/08/2026 12:26:52"
"C:\Users\Dionisio Lima\OneDrive\Área de Trabalho\SOUSA_2.0_PRODUCAO\node_modules\es-errors\index.js","66","03/08/2026 12:26:52"
"C:\Users\Dionisio Lima\OneDrive\Área de Trabalho\SOUSA_2.0_PRODUCAO\node_modules\es-errors\package.json","2174","03/08/2026 12:26:54"
"C:\Users\Dionisio Lima\OneDrive\Área de Trabalho\SOUSA_2.0_PRODUCAO\node_modules\es-errors\range.js","77","03/08/2026 12:26:53"
"C:\Users\Dionisio Lima\OneDrive\Área de Trabalho\SOUSA_2.0_PRODUCAO\node_modules\es-errors\ref.js","79","03/08/2026 12:26:53"
"C:\Users\Dionisio Lima\OneDrive\Área de Trabalho\SOUSA_2.0_PRODUCAO\node_modules\es-errors\syntax.js","79","03/08/2026 12:26:53"
"C:\Users\Dionisio Lima\OneDrive\Área de Trabalho\SOUSA_2.0_PRODUCAO\node_modules\es-errors\tsconfig.json","3170","03/08/2026 12:26:54"
"C:\Users\Dionisio Lima\OneDrive\Área de Trabalho\SOUSA_2.0_PRODUCAO\node_modules\es-errors\type.js","75","03/08/2026 12:26:53"
"C:\Users\Dionisio Lima\OneDrive\Área de Trabalho\SOUSA_2.0_PRODUCAO\node_modules\es-errors\uri.js","73","03/08/2026 12:26:54"
"C:\Users\Dionisio Lima\OneDrive\Área de Trabalho\SOUSA_2.0_PRODUCAO\node_modules\es-object-atoms\test\index.js","1097","03/08/2026 12:26:53"
"C:\Users\Dionisio Lima\OneDrive\Área de Trabalho\SOUSA_2.0_PRODUCAO\node_modules\es-object-atoms\index.js","67","03/08/2026 12:26:52"
"C:\Users\Dionisio Lima\OneDrive\Área de Trabalho\SOUSA_2.0_PRODUCAO\node_modules\es-object-atoms\isObject.js","161","03/08/2026 12:26:53"
"C:\Users\Dionisio Lima\OneDrive\Área de Trabalho\SOUSA_2.0_PRODUCAO\node_modules\es-object-atoms\package.json","2249","03/08/2026 12:26:53"
"C:\Users\Dionisio Lima\OneDrive\Área de Trabalho\SOUSA_2.0_PRODUCAO\node_modules\es-object-atoms\RequireObjectCoercible.js","313","03/08/2026 12:26:53"
"C:\Users\Dionisio Lima\OneDrive\Área de Trabalho\SOUSA_2.0_PRODUCAO\node_modules\es-object-atoms\ToObject.js","250","03/08/2026 12:26:53"
"C:\Users\Dionisio Lima\OneDrive\Área de Trabalho\SOUSA_2.0_PRODUCAO\node_modules\es-object-atoms\tsconfig.json","112","03/08/2026 12:26:53"
"C:\Users\Dionisio Lima\OneDrive\Área de Trabalho\SOUSA_2.0_PRODUCAO\node_modules\escape-html\index.js","1362","03/08/2026 12:26:52"
"C:\Users\Dionisio Lima\OneDrive\Área de Trabalho\SOUSA_2.0_PRODUCAO\node_modules\escape-html\package.json","434","03/08/2026 12:26:52"
"C:\Users\Dionisio Lima\OneDrive\Área de Trabalho\SOUSA_2.0_PRODUCAO\node_modules\escape-string-regexp\index.js","469","03/08/2026 12:26:52"
"C:\Users\Dionisio Lima\OneDrive\Área de Trabalho\SOUSA_2.0_PRODUCAO\node_modules\escape-string-regexp\package.json","732","03/08/2026 12:26:52"
"C:\Users\Dionisio Lima\OneDrive\Área de Trabalho\SOUSA_2.0_PRODUCAO\node_modules\etag\index.js","2479","03/08/2026 12:26:52"
"C:\Users\Dionisio Lima\OneDrive\Área de Trabalho\SOUSA_2.0_PRODUCAO\node_modules\etag\package.json","1306","03/08/2026 12:26:52"
"C:\Users\Dionisio Lima\OneDrive\Área de Trabalho\SOUSA_2.0_PRODUCAO\node_modules\eventsource\dist\index.js","14842","03/08/2026 12:26:53"
"C:\Users\Dionisio Lima\OneDrive\Área de Trabalho\SOUSA_2.0_PRODUCAO\node_modules\eventsource\package.json","3334","03/08/2026 12:26:53"
"C:\Users\Dionisio Lima\OneDrive\Área de Trabalho\SOUSA_2.0_PRODUCAO\node_modules\eventsource-parser\dist\index.js","7814","03/08/2026 12:26:53"
"C:\Users\Dionisio Lima\OneDrive\Área de Trabalho\SOUSA_2.0_PRODUCAO\node_modules\eventsource-parser\dist\stream.js","825","03/08/2026 12:26:54"
"C:\Users\Dionisio Lima\OneDrive\Área de Trabalho\SOUSA_2.0_PRODUCAO\node_modules\eventsource-parser\package.json","2734","03/08/2026 12:26:54"
"C:\Users\Dionisio Lima\OneDrive\Área de Trabalho\SOUSA_2.0_PRODUCAO\node_modules\eventsource-parser\stream.js","129","03/08/2026 12:26:54"
"C:\Users\Dionisio Lima\OneDrive\Área de Trabalho\SOUSA_2.0_PRODUCAO\node_modules\express\lib\application.js","13971","03/08/2026 12:26:52"
"C:\Users\Dionisio Lima\OneDrive\Área de Trabalho\SOUSA_2.0_PRODUCAO\node_modules\express\lib\express.js","1636","03/08/2026 12:26:52"
"C:\Users\Dionisio Lima\OneDrive\Área de Trabalho\SOUSA_2.0_PRODUCAO\node_modules\express\lib\request.js","11688","03/08/2026 12:26:53"
"C:\Users\Dionisio Lima\OneDrive\Área de Trabalho\SOUSA_2.0_PRODUCAO\node_modules\express\lib\response.js","24876","03/08/2026 12:26:53"
"C:\Users\Dionisio Lima\OneDrive\Área de Trabalho\SOUSA_2.0_PRODUCAO\node_modules\express\lib\utils.js","5293","03/08/2026 12:26:54"
"C:\Users\Dionisio Lima\OneDrive\Área de Trabalho\SOUSA_2.0_PRODUCAO\node_modules\express\lib\view.js","3809","03/08/2026 12:26:54"
"C:\Users\Dionisio Lima\OneDrive\Área de Trabalho\SOUSA_2.0_PRODUCAO\node_modules\express\index.js","224","03/08/2026 12:26:53"
"C:\Users\Dionisio Lima\OneDrive\Área de Trabalho\SOUSA_2.0_PRODUCAO\node_modules\express\package.json","2731","03/08/2026 12:26:55"
"C:\Users\Dionisio Lima\OneDrive\Área de Trabalho\SOUSA_2.0_PRODUCAO\node_modules\express-rate-limit\package.json","3296","03/08/2026 12:26:53"
"C:\Users\Dionisio Lima\OneDrive\Área de Trabalho\SOUSA_2.0_PRODUCAO\node_modules\express-rate-limit\tsconfig.json","150","03/08/2026 12:26:53"
"C:\Users\Dionisio Lima\OneDrive\Área de Trabalho\SOUSA_2.0_PRODUCAO\node_modules\extend\.jscs.json","4096","03/08/2026 12:26:52"
"C:\Users\Dionisio Lima\OneDrive\Área de Trabalho\SOUSA_2.0_PRODUCAO\node_modules\extend\component.json","581","03/08/2026 12:26:53"
"C:\Users\Dionisio Lima\OneDrive\Área de Trabalho\SOUSA_2.0_PRODUCAO\node_modules\extend\index.js","3321","03/08/2026 12:26:53"
"C:\Users\Dionisio Lima\OneDrive\Área de Trabalho\SOUSA_2.0_PRODUCAO\node_modules\extend\package.json","987","03/08/2026 12:26:52"
"C:\Users\Dionisio Lima\OneDrive\Área de Trabalho\SOUSA_2.0_PRODUCAO\node_modules\fast-deep-equal\es6\index.js","1935","03/08/2026 12:26:52"
"C:\Users\Dionisio Lima\OneDrive\Área de Trabalho\SOUSA_2.0_PRODUCAO\node_modules\fast-deep-equal\es6\react.js","2209","03/08/2026 12:26:53"
"C:\Users\Dionisio Lima\OneDrive\Área de Trabalho\SOUSA_2.0_PRODUCAO\node_modules\fast-deep-equal\index.js","1177","03/08/2026 12:26:52"
"C:\Users\Dionisio Lima\OneDrive\Área de Trabalho\SOUSA_2.0_PRODUCAO\node_modules\fast-deep-equal\package.json","1496","03/08/2026 12:26:53"
"C:\Users\Dionisio Lima\OneDrive\Área de Trabalho\SOUSA_2.0_PRODUCAO\node_modules\fast-deep-equal\react.js","1451","03/08/2026 12:26:53"
"C:\Users\Dionisio Lima\OneDrive\Área de Trabalho\SOUSA_2.0_PRODUCAO\node_modules\fast-uri\benchmark\package.json","293","03/08/2026 12:26:56"
"C:\Users\Dionisio Lima\OneDrive\Área de Trabalho\SOUSA_2.0_PRODUCAO\node_modules\fast-uri\lib\schemes.js","7122","03/08/2026 12:26:55"
"C:\Users\Dionisio Lima\OneDrive\Área de Trabalho\SOUSA_2.0_PRODUCAO\node_modules\fast-uri\lib\utils.js","10762","03/08/2026 12:26:55"
"C:\Users\Dionisio Lima\OneDrive\Área de Trabalho\SOUSA_2.0_PRODUCAO\node_modules\fast-uri\test\fixtures\uri-js-parse.json","9806","03/08/2026 12:26:56"
"C:\Users\Dionisio Lima\OneDrive\Área de Trabalho\SOUSA_2.0_PRODUCAO\node_modules\fast-uri\test\fixtures\uri-js-serialize.json","1688","03/08/2026 12:26:56"
"C:\Users\Dionisio Lima\OneDrive\Área de Trabalho\SOUSA_2.0_PRODUCAO\node_modules\fast-uri\test\ajv.test.js","752","03/08/2026 12:26:52"
"C:\Users\Dionisio Lima\OneDrive\Área de Trabalho\SOUSA_2.0_PRODUCAO\node_modules\fast-uri\test\equal.test.js","3649","03/08/2026 12:26:53"
"C:\Users\Dionisio Lima\OneDrive\Área de Trabalho\SOUSA_2.0_PRODUCAO\node_modules\fast-uri\test\parse.test.js","14260","03/08/2026 12:26:53"
"C:\Users\Dionisio Lima\OneDrive\Área de Trabalho\SOUSA_2.0_PRODUCAO\node_modules\fast-uri\test\resolve.test.js","4480","03/08/2026 12:26:54"
"C:\Users\Dionisio Lima\OneDrive\Área de Trabalho\SOUSA_2.0_PRODUCAO\node_modules\fast-uri\test\rfc-3986.test.js","5279","03/08/2026 12:26:54"
"C:\Users\Dionisio Lima\OneDrive\Área de Trabalho\SOUSA_2.0_PRODUCAO\node_modules\fast-uri\test\security-normalization.test.js","931","03/08/2026 12:26:55"
"C:\Users\Dionisio Lima\OneDrive\Área de Trabalho\SOUSA_2.0_PRODUCAO\node_modules\fast-uri\test\security.test.js","12054","03/08/2026 12:26:55"
"C:\Users\Dionisio Lima\OneDrive\Área de Trabalho\SOUSA_2.0_PRODUCAO\node_modules\fast-uri\test\serialize.test.js","6283","03/08/2026 12:26:55"
"C:\Users\Dionisio Lima\OneDrive\Área de Trabalho\SOUSA_2.0_PRODUCAO\node_modules\fast-uri\test\uri-js-compatibility.test.js","1019","03/08/2026 12:26:55"
"C:\Users\Dionisio Lima\OneDrive\Área de Trabalho\SOUSA_2.0_PRODUCAO\node_modules\fast-uri\test\uri-js.test.js","42039","03/08/2026 12:26:55"
"C:\Users\Dionisio Lima\OneDrive\Área de Trabalho\SOUSA_2.0_PRODUCAO\node_modules\fast-uri\test\util.test.js","1147","03/08/2026 12:26:55"
"C:\Users\Dionisio Lima\OneDrive\Área de Trabalho\SOUSA_2.0_PRODUCAO\node_modules\fast-uri\eslint.config.js","135","03/08/2026 12:26:53"
"C:\Users\Dionisio Lima\OneDrive\Área de Trabalho\SOUSA_2.0_PRODUCAO\node_modules\fast-uri\index.js","15326","03/08/2026 12:26:53"
"C:\Users\Dionisio Lima\OneDrive\Área de Trabalho\SOUSA_2.0_PRODUCAO\node_modules\fast-uri\package.json","1983","03/08/2026 12:26:56"
"C:\Users\Dionisio Lima\OneDrive\Área de Trabalho\SOUSA_2.0_PRODUCAO\node_modules\fast-uri\tsconfig.json","166","03/08/2026 12:26:56"
"C:\Users\Dionisio Lima\OneDrive\Área de Trabalho\SOUSA_2.0_PRODUCAO\node_modules\fdir\package.json","2694","03/08/2026 12:26:53"
"C:\Users\Dionisio Lima\OneDrive\Área de Trabalho\SOUSA_2.0_PRODUCAO\node_modules\figures\index.js","8068","03/08/2026 12:26:52"
"C:\Users\Dionisio Lima\OneDrive\Área de Trabalho\SOUSA_2.0_PRODUCAO\node_modules\figures\package.json","841","03/08/2026 12:26:52"
"C:\Users\Dionisio Lima\OneDrive\Área de Trabalho\SOUSA_2.0_PRODUCAO\node_modules\fill-range\index.js","6406","03/08/2026 12:26:52"
"C:\Users\Dionisio Lima\OneDrive\Área de Trabalho\SOUSA_2.0_PRODUCAO\node_modules\fill-range\package.json","1760","03/08/2026 12:26:52"
"C:\Users\Dionisio Lima\OneDrive\Área de Trabalho\SOUSA_2.0_PRODUCAO\node_modules\finalhandler\index.js","5818","03/08/2026 12:26:52"
"C:\Users\Dionisio Lima\OneDrive\Área de Trabalho\SOUSA_2.0_PRODUCAO\node_modules\finalhandler\package.json","1287","03/08/2026 12:26:52"
"C:\Users\Dionisio Lima\OneDrive\Área de Trabalho\SOUSA_2.0_PRODUCAO\node_modules\find-up\index.js","2624","03/08/2026 12:26:52"
"C:\Users\Dionisio Lima\OneDrive\Área de Trabalho\SOUSA_2.0_PRODUCAO\node_modules\find-up\package.json","1059","03/08/2026 12:26:52"
"C:\Users\Dionisio Lima\OneDrive\Área de Trabalho\SOUSA_2.0_PRODUCAO\node_modules\find-up-simple\index.js","1699","03/08/2026 12:26:52"
"C:\Users\Dionisio Lima\OneDrive\Área de Trabalho\SOUSA_2.0_PRODUCAO\node_modules\find-up-simple\package.json","933","03/08/2026 12:26:52"
"C:\Users\Dionisio Lima\OneDrive\Área de Trabalho\SOUSA_2.0_PRODUCAO\node_modules\forwarded\index.js","1578","03/08/2026 12:26:52"
"C:\Users\Dionisio Lima\OneDrive\Área de Trabalho\SOUSA_2.0_PRODUCAO\node_modules\forwarded\package.json","1150","03/08/2026 12:26:52"
"C:\Users\Dionisio Lima\OneDrive\Área de Trabalho\SOUSA_2.0_PRODUCAO\node_modules\fresh\index.js","2705","03/08/2026 12:26:52"
"C:\Users\Dionisio Lima\OneDrive\Área de Trabalho\SOUSA_2.0_PRODUCAO\node_modules\fresh\package.json","1218","03/08/2026 12:26:52"
"C:\Users\Dionisio Lima\OneDrive\Área de Trabalho\SOUSA_2.0_PRODUCAO\node_modules\function-bind\test\index.js","8991","03/08/2026 12:26:53"
"C:\Users\Dionisio Lima\OneDrive\Área de Trabalho\SOUSA_2.0_PRODUCAO\node_modules\function-bind\implementation.js","2043","03/08/2026 12:26:53"
"C:\Users\Dionisio Lima\OneDrive\Área de Trabalho\SOUSA_2.0_PRODUCAO\node_modules\function-bind\index.js","126","03/08/2026 12:26:53"
"C:\Users\Dionisio Lima\OneDrive\Área de Trabalho\SOUSA_2.0_PRODUCAO\node_modules\function-bind\package.json","2262","03/08/2026 12:26:53"
"C:\Users\Dionisio Lima\OneDrive\Área de Trabalho\SOUSA_2.0_PRODUCAO\node_modules\fuzzy\lib\fuzzy.js","3926","03/08/2026 12:26:54"
"C:\Users\Dionisio Lima\OneDrive\Área de Trabalho\SOUSA_2.0_PRODUCAO\node_modules\fuzzy\bower.json","680","03/08/2026 12:26:53"
"C:\Users\Dionisio Lima\OneDrive\Área de Trabalho\SOUSA_2.0_PRODUCAO\node_modules\fuzzy\component.json","687","03/08/2026 12:26:53"
"C:\Users\Dionisio Lima\OneDrive\Área de Trabalho\SOUSA_2.0_PRODUCAO\node_modules\fuzzy\package.json","982","03/08/2026 12:26:52"
"C:\Users\Dionisio Lima\OneDrive\Área de Trabalho\SOUSA_2.0_PRODUCAO\node_modules\gaxios\build\src\common.js","7060","03/08/2026 12:26:52"
"C:\Users\Dionisio Lima\OneDrive\Área de Trabalho\SOUSA_2.0_PRODUCAO\node_modules\gaxios\build\src\gaxios.js","20573","03/08/2026 12:26:53"
"C:\Users\Dionisio Lima\OneDrive\Área de Trabalho\SOUSA_2.0_PRODUCAO\node_modules\gaxios\build\src\index.js","2120","03/08/2026 12:26:53"
"C:\Users\Dionisio Lima\OneDrive\Área de Trabalho\SOUSA_2.0_PRODUCAO\node_modules\gaxios\build\src\interceptor.js","944","03/08/2026 12:26:53"
"C:\Users\Dionisio Lima\OneDrive\Área de Trabalho\SOUSA_2.0_PRODUCAO\node_modules\gaxios\build\src\retry.js","6429","03/08/2026 12:26:54"
"C:\Users\Dionisio Lima\OneDrive\Área de Trabalho\SOUSA_2.0_PRODUCAO\node_modules\gaxios\build\src\util.js","759","03/08/2026 12:26:55"
"C:\Users\Dionisio Lima\OneDrive\Área de Trabalho\SOUSA_2.0_PRODUCAO\node_modules\gaxios\package.json","2714","03/08/2026 12:26:55"
"C:\Users\Dionisio Lima\OneDrive\Área de Trabalho\SOUSA_2.0_PRODUCAO\node_modules\gcp-metadata\build\src\gcp-residency.js","4427","03/08/2026 12:26:52"
"C:\Users\Dionisio Lima\OneDrive\Área de Trabalho\SOUSA_2.0_PRODUCAO\node_modules\gcp-metadata\build\src\index.js","14442","03/08/2026 12:26:53"
"C:\Users\Dionisio Lima\OneDrive\Área de Trabalho\SOUSA_2.0_PRODUCAO\node_modules\gcp-metadata\package.json","1983","03/08/2026 12:26:53"
"C:\Users\Dionisio Lima\OneDrive\Área de Trabalho\SOUSA_2.0_PRODUCAO\node_modules\get-east-asian-width\index.js","730","03/08/2026 12:26:52"
"C:\Users\Dionisio Lima\OneDrive\Área de Trabalho\SOUSA_2.0_PRODUCAO\node_modules\get-east-asian-width\lookup-data.js","4734","03/08/2026 12:26:52"
"C:\Users\Dionisio Lima\OneDrive\Área de Trabalho\SOUSA_2.0_PRODUCAO\node_modules\get-east-asian-width\lookup.js","2671","03/08/2026 12:26:52"
"C:\Users\Dionisio Lima\OneDrive\Área de Trabalho\SOUSA_2.0_PRODUCAO\node_modules\get-east-asian-width\package.json","1281","03/08/2026 12:26:53"
"C:\Users\Dionisio Lima\OneDrive\Área de Trabalho\SOUSA_2.0_PRODUCAO\node_modules\get-east-asian-width\utilities.js","650","03/08/2026 12:26:53"
"C:\Users\Dionisio Lima\OneDrive\Área de Trabalho\SOUSA_2.0_PRODUCAO\node_modules\get-intrinsic\test\GetIntrinsic.js","8758","03/08/2026 12:26:53"
"C:\Users\Dionisio Lima\OneDrive\Área de Trabalho\SOUSA_2.0_PRODUCAO\node_modules\get-intrinsic\index.js","14439","03/08/2026 12:26:53"
"C:\Users\Dionisio Lima\OneDrive\Área de Trabalho\SOUSA_2.0_PRODUCAO\node_modules\get-intrinsic\package.json","2576","03/08/2026 12:26:53"
"C:\Users\Dionisio Lima\OneDrive\Área de Trabalho\SOUSA_2.0_PRODUCAO\node_modules\get-proto\test\index.js","2359","03/08/2026 12:26:53"
"C:\Users\Dionisio Lima\OneDrive\Área de Trabalho\SOUSA_2.0_PRODUCAO\node_modules\get-proto\index.js","821","03/08/2026 12:26:52"
"C:\Users\Dionisio Lima\OneDrive\Área de Trabalho\SOUSA_2.0_PRODUCAO\node_modules\get-proto\Object.getPrototypeOf.js","156","03/08/2026 12:26:53"
"C:\Users\Dionisio Lima\OneDrive\Área de Trabalho\SOUSA_2.0_PRODUCAO\node_modules\get-proto\package.json","2176","03/08/2026 12:26:53"
"C:\Users\Dionisio Lima\OneDrive\Área de Trabalho\SOUSA_2.0_PRODUCAO\node_modules\get-proto\Reflect.getPrototypeOf.js","150","03/08/2026 12:26:53"
"C:\Users\Dionisio Lima\OneDrive\Área de Trabalho\SOUSA_2.0_PRODUCAO\node_modules\get-proto\tsconfig.json","118","03/08/2026 12:26:53"
"C:\Users\Dionisio Lima\OneDrive\Área de Trabalho\SOUSA_2.0_PRODUCAO\node_modules\google-auth-library\build\src\auth\authclient.js","4735","03/08/2026 12:26:52"
"C:\Users\Dionisio Lima\OneDrive\Área de Trabalho\SOUSA_2.0_PRODUCAO\node_modules\google-auth-library\build\src\auth\awsclient.js","8407","03/08/2026 12:26:53"
"C:\Users\Dionisio Lima\OneDrive\Área de Trabalho\SOUSA_2.0_PRODUCAO\node_modules\google-auth-library\build\src\auth\awsrequestsigner.js","9252","03/08/2026 12:26:53"
"C:\Users\Dionisio Lima\OneDrive\Área de Trabalho\SOUSA_2.0_PRODUCAO\node_modules\google-auth-library\build\src\auth\baseexternalclient.js","22396","03/08/2026 12:26:54"
"C:\Users\Dionisio Lima\OneDrive\Área de Trabalho\SOUSA_2.0_PRODUCAO\node_modules\google-auth-library\build\src\auth\computeclient.js","4502","03/08/2026 12:26:55"
"C:\Users\Dionisio Lima\OneDrive\Área de Trabalho\SOUSA_2.0_PRODUCAO\node_modules\google-auth-library\build\src\auth\credentials.js","665","03/08/2026 12:26:55"
"C:\Users\Dionisio Lima\OneDrive\Área de Trabalho\SOUSA_2.0_PRODUCAO\node_modules\google-auth-library\build\src\auth\defaultawssecuritycredentialssupplier.js","11188","03/08/2026 12:26:55"
"C:\Users\Dionisio Lima\OneDrive\Área de Trabalho\SOUSA_2.0_PRODUCAO\node_modules\google-auth-library\build\src\auth\downscopedclient.js","12393","03/08/2026 12:26:56"
"C:\Users\Dionisio Lima\OneDrive\Área de Trabalho\SOUSA_2.0_PRODUCAO\node_modules\google-auth-library\build\src\auth\envDetect.js","2589","03/08/2026 12:26:56"
"C:\Users\Dionisio Lima\OneDrive\Área de Trabalho\SOUSA_2.0_PRODUCAO\node_modules\google-auth-library\build\src\auth\executable-response.js","6667","03/08/2026 12:26:56"
"C:\Users\Dionisio Lima\OneDrive\Área de Trabalho\SOUSA_2.0_PRODUCAO\node_modules\google-auth-library\build\src\auth\externalAccountAuthorizedUserClient.js","10623","03/08/2026 12:26:56"
"C:\Users\Dionisio Lima\OneDrive\Área de Trabalho\SOUSA_2.0_PRODUCAO\node_modules\google-auth-library\build\src\auth\externalclient.js","3016","03/08/2026 12:26:56"
"C:\Users\Dionisio Lima\OneDrive\Área de Trabalho\SOUSA_2.0_PRODUCAO\node_modules\google-auth-library\build\src\auth\filesubjecttokensupplier.js","3540","03/08/2026 12:26:56"
"C:\Users\Dionisio Lima\OneDrive\Área de Trabalho\SOUSA_2.0_PRODUCAO\node_modules\google-auth-library\build\src\auth\googleauth.js","36250","03/08/2026 12:26:56"
"C:\Users\Dionisio Lima\OneDrive\Área de Trabalho\SOUSA_2.0_PRODUCAO\node_modules\google-auth-library\build\src\auth\iam.js","1317","03/08/2026 12:26:57"
"C:\Users\Dionisio Lima\OneDrive\Área de Trabalho\SOUSA_2.0_PRODUCAO\node_modules\google-auth-library\build\src\auth\identitypoolclient.js","5439","03/08/2026 12:26:57"
"C:\Users\Dionisio Lima\OneDrive\Área de Trabalho\SOUSA_2.0_PRODUCAO\node_modules\google-auth-library\build\src\auth\idtokenclient.js","2085","03/08/2026 12:26:57"
"C:\Users\Dionisio Lima\OneDrive\Área de Trabalho\SOUSA_2.0_PRODUCAO\node_modules\google-auth-library\build\src\auth\impersonated.js","8910","03/08/2026 12:26:57"
"C:\Users\Dionisio Lima\OneDrive\Área de Trabalho\SOUSA_2.0_PRODUCAO\node_modules\google-auth-library\build\src\auth\jwtaccess.js","6968","03/08/2026 12:26:57"
"C:\Users\Dionisio Lima\OneDrive\Área de Trabalho\SOUSA_2.0_PRODUCAO\node_modules\google-auth-library\build\src\auth\jwtclient.js","11026","03/08/2026 12:26:57"
"C:\Users\Dionisio Lima\OneDrive\Área de Trabalho\SOUSA_2.0_PRODUCAO\node_modules\google-auth-library\build\src\auth\loginticket.js","1729","03/08/2026 12:26:57"
"C:\Users\Dionisio Lima\OneDrive\Área de Trabalho\SOUSA_2.0_PRODUCAO\node_modules\google-auth-library\build\src\auth\oauth2client.js","32713","03/08/2026 12:26:57"
"C:\Users\Dionisio Lima\OneDrive\Área de Trabalho\SOUSA_2.0_PRODUCAO\node_modules\google-auth-library\build\src\auth\oauth2common.js","8170","03/08/2026 12:26:57"
"C:\Users\Dionisio Lima\OneDrive\Área de Trabalho\SOUSA_2.0_PRODUCAO\node_modules\google-auth-library\build\src\auth\passthrough.js","1847","03/08/2026 12:26:57"
"C:\Users\Dionisio Lima\OneDrive\Área de Trabalho\SOUSA_2.0_PRODUCAO\node_modules\google-auth-library\build\src\auth\pluggable-auth-client.js","10022","03/08/2026 12:26:57"
"C:\Users\Dionisio Lima\OneDrive\Área de Trabalho\SOUSA_2.0_PRODUCAO\node_modules\google-auth-library\build\src\auth\pluggable-auth-handler.js","6774","03/08/2026 12:26:58"
"C:\Users\Dionisio Lima\OneDrive\Área de Trabalho\SOUSA_2.0_PRODUCAO\node_modules\google-auth-library\build\src\auth\refreshclient.js","5046","03/08/2026 12:26:58"
"C:\Users\Dionisio Lima\OneDrive\Área de Trabalho\SOUSA_2.0_PRODUCAO\node_modules\google-auth-library\build\src\auth\stscredentials.js","4899","03/08/2026 12:26:58"
"C:\Users\Dionisio Lima\OneDrive\Área de Trabalho\SOUSA_2.0_PRODUCAO\node_modules\google-auth-library\build\src\auth\urlsubjecttokensupplier.js","2596","03/08/2026 12:26:58"
"C:\Users\Dionisio Lima\OneDrive\Área de Trabalho\SOUSA_2.0_PRODUCAO\node_modules\google-auth-library\build\src\crypto\browser\crypto.js","5415","03/08/2026 12:26:55"
"C:\Users\Dionisio Lima\OneDrive\Área de Trabalho\SOUSA_2.0_PRODUCAO\node_modules\google-auth-library\build\src\crypto\node\crypto.js","3143","03/08/2026 12:26:55"
"C:\Users\Dionisio Lima\OneDrive\Área de Trabalho\SOUSA_2.0_PRODUCAO\node_modules\google-auth-library\build\src\crypto\crypto.js","1727","03/08/2026 12:26:55"
"C:\Users\Dionisio Lima\OneDrive\Área de Trabalho\SOUSA_2.0_PRODUCAO\node_modules\google-auth-library\build\src\index.js","6063","03/08/2026 12:26:57"
"C:\Users\Dionisio Lima\OneDrive\Área de Trabalho\SOUSA_2.0_PRODUCAO\node_modules\google-auth-library\build\src\messages.js","1548","03/08/2026 12:26:57"
"C:\Users\Dionisio Lima\OneDrive\Área de Trabalho\SOUSA_2.0_PRODUCAO\node_modules\google-auth-library\build\src\options.js","1620","03/08/2026 12:26:57"
"C:\Users\Dionisio Lima\OneDrive\Área de Trabalho\SOUSA_2.0_PRODUCAO\node_modules\google-auth-library\build\src\transporters.js","3972","03/08/2026 12:26:58"
"C:\Users\Dionisio Lima\OneDrive\Área de Trabalho\SOUSA_2.0_PRODUCAO\node_modules\google-auth-library\build\src\util.js","4785","03/08/2026 12:26:58"
"C:\Users\Dionisio Lima\OneDrive\Área de Trabalho\SOUSA_2.0_PRODUCAO\node_modules\google-auth-library\package.json","2612","03/08/2026 12:26:58"
"C:\Users\Dionisio Lima\OneDrive\Área de Trabalho\SOUSA_2.0_PRODUCAO\node_modules\google-logging-utils\build\src\colours.js","2520","03/08/2026 12:26:52"
"C:\Users\Dionisio Lima\OneDrive\Área de Trabalho\SOUSA_2.0_PRODUCAO\node_modules\google-logging-utils\build\src\index.js","1429","03/08/2026 12:26:53"
"C:\Users\Dionisio Lima\OneDrive\Área de Trabalho\SOUSA_2.0_PRODUCAO\node_modules\google-logging-utils\build\src\logging-utils.js","16052","03/08/2026 12:26:53"
"C:\Users\Dionisio Lima\OneDrive\Área de Trabalho\SOUSA_2.0_PRODUCAO\node_modules\google-logging-utils\build\src\temporal.js","2718","03/08/2026 12:26:53"
"C:\Users\Dionisio Lima\OneDrive\Área de Trabalho\SOUSA_2.0_PRODUCAO\node_modules\google-logging-utils\package.json","1007","03/08/2026 12:26:54"
"C:\Users\Dionisio Lima\OneDrive\Área de Trabalho\SOUSA_2.0_PRODUCAO\node_modules\googleapis\build\src\apis\abusiveexperiencereport\index.js","1628","03/08/2026 12:26:58"
"C:\Users\Dionisio Lima\OneDrive\Área de Trabalho\SOUSA_2.0_PRODUCAO\node_modules\googleapis\build\src\apis\abusiveexperiencereport\v1.js","4863","03/08/2026 12:27:08"
"C:\Users\Dionisio Lima\OneDrive\Área de Trabalho\SOUSA_2.0_PRODUCAO\node_modules\googleapis\build\src\apis\acceleratedmobilepageurl\index.js","1638","03/08/2026 12:26:58"
"C:\Users\Dionisio Lima\OneDrive\Área de Trabalho\SOUSA_2.0_PRODUCAO\node_modules\googleapis\build\src\apis\acceleratedmobilepageurl\v1.js","3343","03/08/2026 12:27:08"
"C:\Users\Dionisio Lima\OneDrive\Área de Trabalho\SOUSA_2.0_PRODUCAO\node_modules\googleapis\build\src\apis\accessapproval\index.js","1816","03/08/2026 12:26:58"
"C:\Users\Dionisio Lima\OneDrive\Área de Trabalho\SOUSA_2.0_PRODUCAO\node_modules\googleapis\build\src\apis\accessapproval\v1.js","37740","03/08/2026 12:27:08"
"C:\Users\Dionisio Lima\OneDrive\Área de Trabalho\SOUSA_2.0_PRODUCAO\node_modules\googleapis\build\src\apis\accessapproval\v1beta1.js","29689","03/08/2026 12:27:13"
"C:\Users\Dionisio Lima\OneDrive\Área de Trabalho\SOUSA_2.0_PRODUCAO\node_modules\googleapis\build\src\apis\accesscontextmanager\index.js","1897","03/08/2026 12:26:58"
"C:\Users\Dionisio Lima\OneDrive\Área de Trabalho\SOUSA_2.0_PRODUCAO\node_modules\googleapis\build\src\apis\accesscontextmanager\v1.js","54658","03/08/2026 12:27:08"
"C:\Users\Dionisio Lima\OneDrive\Área de Trabalho\SOUSA_2.0_PRODUCAO\node_modules\googleapis\build\src\apis\accesscontextmanager\v1beta.js","22769","03/08/2026 12:27:12"
"C:\Users\Dionisio Lima\OneDrive\Área de Trabalho\SOUSA_2.0_PRODUCAO\node_modules\googleapis\build\src\apis\acmedns\index.js","1468","03/08/2026 12:26:58"
"C:\Users\Dionisio Lima\OneDrive\Área de Trabalho\SOUSA_2.0_PRODUCAO\node_modules\googleapis\build\src\apis\acmedns\v1.js","4486","03/08/2026 12:27:08"
"C:\Users\Dionisio Lima\OneDrive\Área de Trabalho\SOUSA_2.0_PRODUCAO\node_modules\googleapis\build\src\apis\addressvalidation\index.js","1568","03/08/2026 12:26:58"
"C:\Users\Dionisio Lima\OneDrive\Área de Trabalho\SOUSA_2.0_PRODUCAO\node_modules\googleapis\build\src\apis\addressvalidation\v1.js","4669","03/08/2026 12:27:08"
"C:\Users\Dionisio Lima\OneDrive\Área de Trabalho\SOUSA_2.0_PRODUCAO\node_modules\googleapis\build\src\apis\adexchangebuyer\index.js","2084","03/08/2026 12:26:58"
"C:\Users\Dionisio Lima\OneDrive\Área de Trabalho\SOUSA_2.0_PRODUCAO\node_modules\googleapis\build\src\apis\adexchangebuyer\v1.2.js","10879","03/08/2026 12:27:08"
"C:\Users\Dionisio Lima\OneDrive\Área de Trabalho\SOUSA_2.0_PRODUCAO\node_modules\googleapis\build\src\apis\adexchangebuyer\v1.3.js","30016","03/08/2026 12:27:08"
"C:\Users\Dionisio Lima\OneDrive\Área de Trabalho\SOUSA_2.0_PRODUCAO\node_modules\googleapis\build\src\apis\adexchangebuyer\v1.4.js","53438","03/08/2026 12:27:08"
"C:\Users\Dionisio Lima\OneDrive\Área de Trabalho\SOUSA_2.0_PRODUCAO\node_modules\googleapis\build\src\apis\adexchangebuyer2\index.js","1603","03/08/2026 12:26:58"
"C:\Users\Dionisio Lima\OneDrive\Área de Trabalho\SOUSA_2.0_PRODUCAO\node_modules\googleapis\build\src\apis\adexchangebuyer2\v2beta1.js","122179","03/08/2026 12:27:14"
"C:\Users\Dionisio Lima\OneDrive\Área de Trabalho\SOUSA_2.0_PRODUCAO\node_modules\googleapis\build\src\apis\adexperiencereport\index.js","1578","03/08/2026 12:26:59"
"C:\Users\Dionisio Lima\OneDrive\Área de Trabalho\SOUSA_2.0_PRODUCAO\node_modules\googleapis\build\src\apis\adexperiencereport\v1.js","4766","03/08/2026 12:27:08"
"C:\Users\Dionisio Lima\OneDrive\Área de Trabalho\SOUSA_2.0_PRODUCAO\node_modules\googleapis\build\src\apis\admin\datatransfer_v1.js","8577","03/08/2026 12:26:57"
"C:\Users\Dionisio Lima\OneDrive\Área de Trabalho\SOUSA_2.0_PRODUCAO\node_modules\googleapis\build\src\apis\admin\directory_v1.js","175928","03/08/2026 12:26:57"
"C:\Users\Dionisio Lima\OneDrive\Área de Trabalho\SOUSA_2.0_PRODUCAO\node_modules\googleapis\build\src\apis\admin\index.js","2103","03/08/2026 12:26:59"
"C:\Users\Dionisio Lima\OneDrive\Área de Trabalho\SOUSA_2.0_PRODUCAO\node_modules\googleapis\build\src\apis\admin\reports_v1.js","10975","03/08/2026 12:27:07"
"C:\Users\Dionisio Lima\OneDrive\Área de Trabalho\SOUSA_2.0_PRODUCAO\node_modules\googleapis\build\src\apis\admob\index.js","1672","03/08/2026 12:26:59"
"C:\Users\Dionisio Lima\OneDrive\Área de Trabalho\SOUSA_2.0_PRODUCAO\node_modules\googleapis\build\src\apis\admob\v1.js","10439","03/08/2026 12:27:08"
"C:\Users\Dionisio Lima\OneDrive\Área de Trabalho\SOUSA_2.0_PRODUCAO\node_modules\googleapis\build\src\apis\admob\v1beta.js","29305","03/08/2026 12:27:12"
"C:\Users\Dionisio Lima\OneDrive\Área de Trabalho\SOUSA_2.0_PRODUCAO\node_modules\googleapis\build\src\apis\adsense\index.js","1686","03/08/2026 12:26:59"
"C:\Users\Dionisio Lima\OneDrive\Área de Trabalho\SOUSA_2.0_PRODUCAO\node_modules\googleapis\build\src\apis\adsense\v1.4.js","58422","03/08/2026 12:27:08"
"C:\Users\Dionisio Lima\OneDrive\Área de Trabalho\SOUSA_2.0_PRODUCAO\node_modules\googleapis\build\src\apis\adsense\v2.js","46380","03/08/2026 12:27:14"
"C:\Users\Dionisio Lima\OneDrive\Área de Trabalho\SOUSA_2.0_PRODUCAO\node_modules\googleapis\build\src\apis\adsensehost\index.js","1528","03/08/2026 12:26:59"
"C:\Users\Dionisio Lima\OneDrive\Área de Trabalho\SOUSA_2.0_PRODUCAO\node_modules\googleapis\build\src\apis\adsensehost\v4.1.js","38553","03/08/2026 12:27:15"
"C:\Users\Dionisio Lima\OneDrive\Área de Trabalho\SOUSA_2.0_PRODUCAO\node_modules\googleapis\build\src\apis\adsenseplatform\index.js","1831","03/08/2026 12:26:59"
"C:\Users\Dionisio Lima\OneDrive\Área de Trabalho\SOUSA_2.0_PRODUCAO\node_modules\googleapis\build\src\apis\adsenseplatform\v1.js","16697","03/08/2026 12:27:08"
"C:\Users\Dionisio Lima\OneDrive\Área de Trabalho\SOUSA_2.0_PRODUCAO\node_modules\googleapis\build\src\apis\adsenseplatform\v1alpha.js","24745","03/08/2026 12:27:12"
"C:\Users\Dionisio Lima\OneDrive\Área de Trabalho\SOUSA_2.0_PRODUCAO\node_modules\googleapis\build\src\apis\advisorynotifications\index.js","1608","03/08/2026 12:26:59"
"C:\Users\Dionisio Lima\OneDrive\Área de Trabalho\SOUSA_2.0_PRODUCAO\node_modules\googleapis\build\src\apis\advisorynotifications\v1.js","13792","03/08/2026 12:27:08"
"C:\Users\Dionisio Lima\OneDrive\Área de Trabalho\SOUSA_2.0_PRODUCAO\node_modules\googleapis\build\src\apis\aiplatform\index.js","1756","03/08/2026 12:26:59"
"C:\Users\Dionisio Lima\OneDrive\Área de Trabalho\SOUSA_2.0_PRODUCAO\node_modules\googleapis\build\src\apis\aiplatform\v1.js","816210","03/08/2026 12:27:08"
"C:\Users\Dionisio Lima\OneDrive\Área de Trabalho\SOUSA_2.0_PRODUCAO\node_modules\googleapis\build\src\apis\aiplatform\v1beta1.js","938582","03/08/2026 12:27:13"
"C:\Users\Dionisio Lima\OneDrive\Área de Trabalho\SOUSA_2.0_PRODUCAO\node_modules\googleapis\build\src\apis\airquality\index.js","1498","03/08/2026 12:26:59"
"C:\Users\Dionisio Lima\OneDrive\Área de Trabalho\SOUSA_2.0_PRODUCAO\node_modules\googleapis\build\src\apis\airquality\v1.js","7919","03/08/2026 12:27:08"
"C:\Users\Dionisio Lima\OneDrive\Área de Trabalho\SOUSA_2.0_PRODUCAO\node_modules\googleapis\build\src\apis\alertcenter\index.js","1553","03/08/2026 12:26:59"
"C:\Users\Dionisio Lima\OneDrive\Área de Trabalho\SOUSA_2.0_PRODUCAO\node_modules\googleapis\build\src\apis\alertcenter\v1beta1.js","16409","03/08/2026 12:27:13"
"C:\Users\Dionisio Lima\OneDrive\Área de Trabalho\SOUSA_2.0_PRODUCAO\node_modules\googleapis\build\src\apis\alloydb\index.js","1945","03/08/2026 12:26:59"
"C:\Users\Dionisio Lima\OneDrive\Área de Trabalho\SOUSA_2.0_PRODUCAO\node_modules\googleapis\build\src\apis\alloydb\v1.js","55453","03/08/2026 12:27:08"
"C:\Users\Dionisio Lima\OneDrive\Área de Trabalho\SOUSA_2.0_PRODUCAO\node_modules\googleapis\build\src\apis\alloydb\v1alpha.js","55733","03/08/2026 12:27:12"
"C:\Users\Dionisio Lima\OneDrive\Área de Trabalho\SOUSA_2.0_PRODUCAO\node_modules\googleapis\build\src\apis\alloydb\v1beta.js","55677","03/08/2026 12:27:12"
"C:\Users\Dionisio Lima\OneDrive\Área de Trabalho\SOUSA_2.0_PRODUCAO\node_modules\googleapis\build\src\apis\analytics\index.js","1488","03/08/2026 12:26:59"
"C:\Users\Dionisio Lima\OneDrive\Área de Trabalho\SOUSA_2.0_PRODUCAO\node_modules\googleapis\build\src\apis\analytics\v3.js","136060","03/08/2026 12:27:15"
"C:\Users\Dionisio Lima\OneDrive\Área de Trabalho\SOUSA_2.0_PRODUCAO\node_modules\googleapis\build\src\apis\analyticsadmin\index.js","1852","03/08/2026 12:26:59"
"C:\Users\Dionisio Lima\OneDrive\Área de Trabalho\SOUSA_2.0_PRODUCAO\node_modules\googleapis\build\src\apis\analyticsadmin\v1alpha.js","216090","03/08/2026 12:27:12"
"C:\Users\Dionisio Lima\OneDrive\Área de Trabalho\SOUSA_2.0_PRODUCAO\node_modules\googleapis\build\src\apis\analyticsadmin\v1beta.js","75406","03/08/2026 12:27:12"
"C:\Users\Dionisio Lima\OneDrive\Área de Trabalho\SOUSA_2.0_PRODUCAO\node_modules\googleapis\build\src\apis\analyticsdata\index.js","1837","03/08/2026 12:26:59"
"C:\Users\Dionisio Lima\OneDrive\Área de Trabalho\SOUSA_2.0_PRODUCAO\node_modules\googleapis\build\src\apis\analyticsdata\v1alpha.js","9648","03/08/2026 12:27:12"
"C:\Users\Dionisio Lima\OneDrive\Área de Trabalho\SOUSA_2.0_PRODUCAO\node_modules\googleapis\build\src\apis\analyticsdata\v1beta.js","16803","03/08/2026 12:27:12"
"C:\Users\Dionisio Lima\OneDrive\Área de Trabalho\SOUSA_2.0_PRODUCAO\node_modules\googleapis\build\src\apis\analyticshub\index.js","1786","03/08/2026 12:26:59"
"C:\Users\Dionisio Lima\OneDrive\Área de Trabalho\SOUSA_2.0_PRODUCAO\node_modules\googleapis\build\src\apis\analyticshub\v1.js","40129","03/08/2026 12:27:08"
"C:\Users\Dionisio Lima\OneDrive\Área de Trabalho\SOUSA_2.0_PRODUCAO\node_modules\googleapis\build\src\apis\analyticshub\v1beta1.js","27120","03/08/2026 12:27:13"
"C:\Users\Dionisio Lima\OneDrive\Área de Trabalho\SOUSA_2.0_PRODUCAO\node_modules\googleapis\build\src\apis\analyticsreporting\index.js","1578","03/08/2026 12:26:59"
"C:\Users\Dionisio Lima\OneDrive\Área de Trabalho\SOUSA_2.0_PRODUCAO\node_modules\googleapis\build\src\apis\analyticsreporting\v4.js","4702","03/08/2026 12:27:15"
"C:\Users\Dionisio Lima\OneDrive\Área de Trabalho\SOUSA_2.0_PRODUCAO\node_modules\googleapis\build\src\apis\androiddeviceprovisioning\index.js","1648","03/08/2026 12:26:59"
"C:\Users\Dionisio Lima\OneDrive\Área de Trabalho\SOUSA_2.0_PRODUCAO\node_modules\googleapis\build\src\apis\androiddeviceprovisioning\v1.js","39611","03/08/2026 12:27:08"
"C:\Users\Dionisio Lima\OneDrive\Área de Trabalho\SOUSA_2.0_PRODUCAO\node_modules\googleapis\build\src\apis\androidenterprise\index.js","1568","03/08/2026 12:26:59"
"C:\Users\Dionisio Lima\OneDrive\Área de Trabalho\SOUSA_2.0_PRODUCAO\node_modules\googleapis\build\src\apis\androidenterprise\v1.js","114050","03/08/2026 12:27:08"
"C:\Users\Dionisio Lima\OneDrive\Área de Trabalho\SOUSA_2.0_PRODUCAO\node_modules\googleapis\build\src\apis\androidmanagement\index.js","1568","03/08/2026 12:26:59"
"C:\Users\Dionisio Lima\OneDrive\Área de Trabalho\SOUSA_2.0_PRODUCAO\node_modules\googleapis\build\src\apis\androidmanagement\v1.js","47964","03/08/2026 12:27:08"
"C:\Users\Dionisio Lima\OneDrive\Área de Trabalho\SOUSA_2.0_PRODUCAO\node_modules\googleapis\build\src\apis\androidpublisher\index.js","2307","03/08/2026 12:26:59"
"C:\Users\Dionisio Lima\OneDrive\Área de Trabalho\SOUSA_2.0_PRODUCAO\node_modules\googleapis\build\src\apis\androidpublisher\v1.1.js","3565","03/08/2026 12:27:08"
"C:\Users\Dionisio Lima\OneDrive\Área de Trabalho\SOUSA_2.0_PRODUCAO\node_modules\googleapis\build\src\apis\androidpublisher\v1.js","1526","03/08/2026 12:27:08"
"C:\Users\Dionisio Lima\OneDrive\Área de Trabalho\SOUSA_2.0_PRODUCAO\node_modules\googleapis\build\src\apis\androidpublisher\v2.js","5430","03/08/2026 12:27:14"
"C:\Users\Dionisio Lima\OneDrive\Área de Trabalho\SOUSA_2.0_PRODUCAO\node_modules\googleapis\build\src\apis\androidpublisher\v3.js","172859","03/08/2026 12:27:15"
"C:\Users\Dionisio Lima\OneDrive\Área de Trabalho\SOUSA_2.0_PRODUCAO\node_modules\googleapis\build\src\apis\apigateway\index.js","1747","03/08/2026 12:27:00"
"C:\Users\Dionisio Lima\OneDrive\Área de Trabalho\SOUSA_2.0_PRODUCAO\node_modules\googleapis\build\src\apis\apigateway\v1.js","41403","03/08/2026 12:27:08"
"C:\Users\Dionisio Lima\OneDrive\Área de Trabalho\SOUSA_2.0_PRODUCAO\node_modules\googleapis\build\src\apis\apigateway\v1beta.js","41579","03/08/2026 12:27:12"
"C:\Users\Dionisio Lima\OneDrive\Área de Trabalho\SOUSA_2.0_PRODUCAO\node_modules\googleapis\build\src\apis\apigeeregistry\index.js","1538","03/08/2026 12:27:00"
"C:\Users\Dionisio Lima\OneDrive\Área de Trabalho\SOUSA_2.0_PRODUCAO\node_modules\googleapis\build\src\apis\apigeeregistry\v1.js","136578","03/08/2026 12:27:08"
"C:\Users\Dionisio Lima\OneDrive\Área de Trabalho\SOUSA_2.0_PRODUCAO\node_modules\googleapis\build\src\apis\apikeys\index.js","1468","03/08/2026 12:27:00"
"C:\Users\Dionisio Lima\OneDrive\Área de Trabalho\SOUSA_2.0_PRODUCAO\node_modules\googleapis\build\src\apis\apikeys\v2.js","14079","03/08/2026 12:27:14"
"C:\Users\Dionisio Lima\OneDrive\Área de Trabalho\SOUSA_2.0_PRODUCAO\node_modules\googleapis\build\src\apis\apim\index.js","1483","03/08/2026 12:27:00"
"C:\Users\Dionisio Lima\OneDrive\Área de Trabalho\SOUSA_2.0_PRODUCAO\node_modules\googleapis\build\src\apis\apim\v1alpha.js","32119","03/08/2026 12:27:12"
"C:\Users\Dionisio Lima\OneDrive\Área de Trabalho\SOUSA_2.0_PRODUCAO\node_modules\googleapis\build\src\apis\appengine\index.js","1985","03/08/2026 12:27:00"
"C:\Users\Dionisio Lima\OneDrive\Área de Trabalho\SOUSA_2.0_PRODUCAO\node_modules\googleapis\build\src\apis\appengine\v1.js","64735","03/08/2026 12:27:08"
"C:\Users\Dionisio Lima\OneDrive\Área de Trabalho\SOUSA_2.0_PRODUCAO\node_modules\googleapis\build\src\apis\appengine\v1alpha.js","31696","03/08/2026 12:27:12"
"C:\Users\Dionisio Lima\OneDrive\Área de Trabalho\SOUSA_2.0_PRODUCAO\node_modules\googleapis\build\src\apis\appengine\v1beta.js","70830","03/08/2026 12:27:12"
"C:\Users\Dionisio Lima\OneDrive\Área de Trabalho\SOUSA_2.0_PRODUCAO\node_modules\googleapis\build\src\apis\apphub\index.js","1696","03/08/2026 12:27:00"
"C:\Users\Dionisio Lima\OneDrive\Área de Trabalho\SOUSA_2.0_PRODUCAO\node_modules\googleapis\build\src\apis\apphub\v1.js","50474","03/08/2026 12:27:08"
"C:\Users\Dionisio Lima\OneDrive\Área de Trabalho\SOUSA_2.0_PRODUCAO\node_modules\googleapis\build\src\apis\apphub\v1alpha.js","53414","03/08/2026 12:27:12"
"C:\Users\Dionisio Lima\OneDrive\Área de Trabalho\SOUSA_2.0_PRODUCAO\node_modules\googleapis\build\src\apis\appsactivity\index.js","1518","03/08/2026 12:27:00"
"C:\Users\Dionisio Lima\OneDrive\Área de Trabalho\SOUSA_2.0_PRODUCAO\node_modules\googleapis\build\src\apis\appsactivity\v1.js","3262","03/08/2026 12:27:08"
"C:\Users\Dionisio Lima\OneDrive\Área de Trabalho\SOUSA_2.0_PRODUCAO\node_modules\googleapis\build\src\apis\area120tables\index.js","1582","03/08/2026 12:27:00"
"C:\Users\Dionisio Lima\OneDrive\Área de Trabalho\SOUSA_2.0_PRODUCAO\node_modules\googleapis\build\src\apis\area120tables\v1alpha1.js","17500","03/08/2026 12:27:12"
"C:\Users\Dionisio Lima\OneDrive\Área de Trabalho\SOUSA_2.0_PRODUCAO\node_modules\googleapis\build\src\apis\areainsights\index.js","1518","03/08/2026 12:27:00"
"C:\Users\Dionisio Lima\OneDrive\Área de Trabalho\SOUSA_2.0_PRODUCAO\node_modules\googleapis\build\src\apis\areainsights\v1.js","3076","03/08/2026 12:27:08"
"C:\Users\Dionisio Lima\OneDrive\Área de Trabalho\SOUSA_2.0_PRODUCAO\node_modules\googleapis\build\src\apis\artifactregistry\index.js","2134","03/08/2026 12:27:00"
"C:\Users\Dionisio Lima\OneDrive\Área de Trabalho\SOUSA_2.0_PRODUCAO\node_modules\googleapis\build\src\apis\artifactregistry\v1.js","88468","03/08/2026 12:27:08"
"C:\Users\Dionisio Lima\OneDrive\Área de Trabalho\SOUSA_2.0_PRODUCAO\node_modules\googleapis\build\src\apis\artifactregistry\v1beta1.js","35370","03/08/2026 12:27:13"
"C:\Users\Dionisio Lima\OneDrive\Área de Trabalho\SOUSA_2.0_PRODUCAO\node_modules\googleapis\build\src\apis\artifactregistry\v1beta2.js","39168","03/08/2026 12:27:13"
"C:\Users\Dionisio Lima\OneDrive\Área de Trabalho\SOUSA_2.0_PRODUCAO\node_modules\googleapis\build\src\apis\assuredworkloads\index.js","1846","03/08/2026 12:27:00"
"C:\Users\Dionisio Lima\OneDrive\Área de Trabalho\SOUSA_2.0_PRODUCAO\node_modules\googleapis\build\src\apis\assuredworkloads\v1.js","21290","03/08/2026 12:27:08"
"C:\Users\Dionisio Lima\OneDrive\Área de Trabalho\SOUSA_2.0_PRODUCAO\node_modules\googleapis\build\src\apis\assuredworkloads\v1beta1.js","24382","03/08/2026 12:27:13"
"C:\Users\Dionisio Lima\OneDrive\Área de Trabalho\SOUSA_2.0_PRODUCAO\node_modules\googleapis\build\src\apis\authorizedbuyersmarketplace\index.js","2011","03/08/2026 12:27:00"
"C:\Users\Dionisio Lima\OneDrive\Área de Trabalho\SOUSA_2.0_PRODUCAO\node_modules\googleapis\build\src\apis\authorizedbuyersmarketplace\v1.js","55843","03/08/2026 12:27:08"
"C:\Users\Dionisio Lima\OneDrive\Área de Trabalho\SOUSA_2.0_PRODUCAO\node_modules\googleapis\build\src\apis\authorizedbuyersmarketplace\v1alpha.js","64241","03/08/2026 12:27:12"
"C:\Users\Dionisio Lima\OneDrive\Área de Trabalho\SOUSA_2.0_PRODUCAO\node_modules\googleapis\build\src\apis\backupdr\index.js","1478","03/08/2026 12:27:00"
"C:\Users\Dionisio Lima\OneDrive\Área de Trabalho\SOUSA_2.0_PRODUCAO\node_modules\googleapis\build\src\apis\backupdr\v1.js","62851","03/08/2026 12:27:08"
"C:\Users\Dionisio Lima\OneDrive\Área de Trabalho\SOUSA_2.0_PRODUCAO\node_modules\googleapis\build\src\apis\baremetalsolution\index.js","2118","03/08/2026 12:27:00"
"C:\Users\Dionisio Lima\OneDrive\Área de Trabalho\SOUSA_2.0_PRODUCAO\node_modules\googleapis\build\src\apis\baremetalsolution\v1.js","6898","03/08/2026 12:27:08"
"C:\Users\Dionisio Lima\OneDrive\Área de Trabalho\SOUSA_2.0_PRODUCAO\node_modules\googleapis\build\src\apis\baremetalsolution\v1alpha1.js","5313","03/08/2026 12:27:12"
"C:\Users\Dionisio Lima\OneDrive\Área de Trabalho\SOUSA_2.0_PRODUCAO\node_modules\googleapis\build\src\apis\baremetalsolution\v2.js","61995","03/08/2026 12:27:14"
"C:\Users\Dionisio Lima\OneDrive\Área de Trabalho\SOUSA_2.0_PRODUCAO\node_modules\googleapis\build\src\apis\batch\index.js","1448","03/08/2026 12:27:00"
"C:\Users\Dionisio Lima\OneDrive\Área de Trabalho\SOUSA_2.0_PRODUCAO\node_modules\googleapis\build\src\apis\batch\v1.js","21229","03/08/2026 12:27:08"
"C:\Users\Dionisio Lima\OneDrive\Área de Trabalho\SOUSA_2.0_PRODUCAO\node_modules\googleapis\build\src\apis\beyondcorp\index.js","1756","03/08/2026 12:27:00"
"C:\Users\Dionisio Lima\OneDrive\Área de Trabalho\SOUSA_2.0_PRODUCAO\node_modules\googleapis\build\src\apis\beyondcorp\v1.js","87188","03/08/2026 12:27:08"
"C:\Users\Dionisio Lima\OneDrive\Área de Trabalho\SOUSA_2.0_PRODUCAO\node_modules\googleapis\build\src\apis\beyondcorp\v1alpha.js","154368","03/08/2026 12:27:12"
"C:\Users\Dionisio Lima\OneDrive\Área de Trabalho\SOUSA_2.0_PRODUCAO\node_modules\googleapis\build\src\apis\biglake\index.js","1468","03/08/2026 12:27:00"
"C:\Users\Dionisio Lima\OneDrive\Área de Trabalho\SOUSA_2.0_PRODUCAO\node_modules\googleapis\build\src\apis\biglake\v1.js","22306","03/08/2026 12:27:08"
"C:\Users\Dionisio Lima\OneDrive\Área de Trabalho\SOUSA_2.0_PRODUCAO\node_modules\googleapis\build\src\apis\bigquery\index.js","1478","03/08/2026 12:27:00"
"C:\Users\Dionisio Lima\OneDrive\Área de Trabalho\SOUSA_2.0_PRODUCAO\node_modules\googleapis\build\src\apis\bigquery\v2.js","65516","03/08/2026 12:27:14"
"C:\Users\Dionisio Lima\OneDrive\Área de Trabalho\SOUSA_2.0_PRODUCAO\node_modules\googleapis\build\src\apis\bigqueryconnection\index.js","1876","03/08/2026 12:27:00"
"C:\Users\Dionisio Lima\OneDrive\Área de Trabalho\SOUSA_2.0_PRODUCAO\node_modules\googleapis\build\src\apis\bigqueryconnection\v1.js","12879","03/08/2026 12:27:08"
"C:\Users\Dionisio Lima\OneDrive\Área de Trabalho\SOUSA_2.0_PRODUCAO\node_modules\googleapis\build\src\apis\bigqueryconnection\v1beta1.js","14271","03/08/2026 12:27:13"
"C:\Users\Dionisio Lima\OneDrive\Área de Trabalho\SOUSA_2.0_PRODUCAO\node_modules\googleapis\build\src\apis\bigquerydatapolicy\index.js","1578","03/08/2026 12:27:01"
"C:\Users\Dionisio Lima\OneDrive\Área de Trabalho\SOUSA_2.0_PRODUCAO\node_modules\googleapis\build\src\apis\bigquerydatapolicy\v1.js","14132","03/08/2026 12:27:08"
"C:\Users\Dionisio Lima\OneDrive\Área de Trabalho\SOUSA_2.0_PRODUCAO\node_modules\googleapis\build\src\apis\bigquerydatatransfer\index.js","1598","03/08/2026 12:27:01"
"C:\Users\Dionisio Lima\OneDrive\Área de Trabalho\SOUSA_2.0_PRODUCAO\node_modules\googleapis\build\src\apis\bigquerydatatransfer\v1.js","47442","03/08/2026 12:27:08"
"C:\Users\Dionisio Lima\OneDrive\Área de Trabalho\SOUSA_2.0_PRODUCAO\node_modules\googleapis\build\src\apis\bigqueryreservation\index.js","2203","03/08/2026 12:27:01"
"C:\Users\Dionisio Lima\OneDrive\Área de Trabalho\SOUSA_2.0_PRODUCAO\node_modules\googleapis\build\src\apis\bigqueryreservation\v1.js","31706","03/08/2026 12:27:08"
"C:\Users\Dionisio Lima\OneDrive\Área de Trabalho\SOUSA_2.0_PRODUCAO\node_modules\googleapis\build\src\apis\bigqueryreservation\v1alpha2.js","22455","03/08/2026 12:27:12"
"C:\Users\Dionisio Lima\OneDrive\Área de Trabalho\SOUSA_2.0_PRODUCAO\node_modules\googleapis\build\src\apis\bigqueryreservation\v1beta1.js","28534","03/08/2026 12:27:13"
"C:\Users\Dionisio Lima\OneDrive\Área de Trabalho\SOUSA_2.0_PRODUCAO\node_modules\googleapis\build\src\apis\bigtableadmin\index.js","1756","03/08/2026 12:27:01"
"C:\Users\Dionisio Lima\OneDrive\Área de Trabalho\SOUSA_2.0_PRODUCAO\node_modules\googleapis\build\src\apis\bigtableadmin\v1.js","1332","03/08/2026 12:27:08"
"C:\Users\Dionisio Lima\OneDrive\Área de Trabalho\SOUSA_2.0_PRODUCAO\node_modules\googleapis\build\src\apis\bigtableadmin\v2.js","84210","03/08/2026 12:27:14"
"C:\Users\Dionisio Lima\OneDrive\Área de Trabalho\SOUSA_2.0_PRODUCAO\node_modules\googleapis\build\src\apis\billingbudgets\index.js","1816","03/08/2026 12:27:01"
"C:\Users\Dionisio Lima\OneDrive\Área de Trabalho\SOUSA_2.0_PRODUCAO\node_modules\googleapis\build\src\apis\billingbudgets\v1.js","8647","03/08/2026 12:27:08"
"C:\Users\Dionisio Lima\OneDrive\Área de Trabalho\SOUSA_2.0_PRODUCAO\node_modules\googleapis\build\src\apis\billingbudgets\v1beta1.js","8722","03/08/2026 12:27:13"
"C:\Users\Dionisio Lima\OneDrive\Área de Trabalho\SOUSA_2.0_PRODUCAO\node_modules\googleapis\build\src\apis\binaryauthorization\index.js","1891","03/08/2026 12:27:01"
"C:\Users\Dionisio Lima\OneDrive\Área de Trabalho\SOUSA_2.0_PRODUCAO\node_modules\googleapis\build\src\apis\binaryauthorization\v1.js","31106","03/08/2026 12:27:09"
"C:\Users\Dionisio Lima\OneDrive\Área de Trabalho\SOUSA_2.0_PRODUCAO\node_modules\googleapis\build\src\apis\binaryauthorization\v1beta1.js","22363","03/08/2026 12:27:13"
"C:\Users\Dionisio Lima\OneDrive\Área de Trabalho\SOUSA_2.0_PRODUCAO\node_modules\googleapis\build\src\apis\blockchainnodeengine\index.js","1598","03/08/2026 12:27:01"
"C:\Users\Dionisio Lima\OneDrive\Área de Trabalho\SOUSA_2.0_PRODUCAO\node_modules\googleapis\build\src\apis\blockchainnodeengine\v1.js","16897","03/08/2026 12:27:09"
"C:\Users\Dionisio Lima\OneDrive\Área de Trabalho\SOUSA_2.0_PRODUCAO\node_modules\googleapis\build\src\apis\blogger\index.js","1666","03/08/2026 12:27:01"
"C:\Users\Dionisio Lima\OneDrive\Área de Trabalho\SOUSA_2.0_PRODUCAO\node_modules\googleapis\build\src\apis\blogger\v2.js","14087","03/08/2026 12:27:14"
"C:\Users\Dionisio Lima\OneDrive\Área de Trabalho\SOUSA_2.0_PRODUCAO\node_modules\googleapis\build\src\apis\blogger\v3.js","45837","03/08/2026 12:27:15"
"C:\Users\Dionisio Lima\OneDrive\Área de Trabalho\SOUSA_2.0_PRODUCAO\node_modules\googleapis\build\src\apis\books\index.js","1448","03/08/2026 12:27:01"
"C:\Users\Dionisio Lima\OneDrive\Área de Trabalho\SOUSA_2.0_PRODUCAO\node_modules\googleapis\build\src\apis\books\v1.js","73547","03/08/2026 12:27:09"
"C:\Users\Dionisio Lima\OneDrive\Área de Trabalho\SOUSA_2.0_PRODUCAO\node_modules\googleapis\build\src\apis\businessprofileperformance\index.js","1658","03/08/2026 12:27:01"
"C:\Users\Dionisio Lima\OneDrive\Área de Trabalho\SOUSA_2.0_PRODUCAO\node_modules\googleapis\build\src\apis\businessprofileperformance\v1.js","7319","03/08/2026 12:27:09"
"C:\Users\Dionisio Lima\OneDrive\Área de Trabalho\SOUSA_2.0_PRODUCAO\node_modules\googleapis\build\src\apis\calendar\index.js","1478","03/08/2026 12:27:01"
"C:\Users\Dionisio Lima\OneDrive\Área de Trabalho\SOUSA_2.0_PRODUCAO\node_modules\googleapis\build\src\apis\calendar\v3.js","50632","03/08/2026 12:27:15"
"C:\Users\Dionisio Lima\OneDrive\Área de Trabalho\SOUSA_2.0_PRODUCAO\node_modules\googleapis\build\src\apis\certificatemanager\index.js","1578","03/08/2026 12:27:01"
"C:\Users\Dionisio Lima\OneDrive\Área de Trabalho\SOUSA_2.0_PRODUCAO\node_modules\googleapis\build\src\apis\certificatemanager\v1.js","50813","03/08/2026 12:27:09"
"C:\Users\Dionisio Lima\OneDrive\Área de Trabalho\SOUSA_2.0_PRODUCAO\node_modules\googleapis\build\src\apis\chat\index.js","1438","03/08/2026 12:27:01"
"C:\Users\Dionisio Lima\OneDrive\Área de Trabalho\SOUSA_2.0_PRODUCAO\node_modules\googleapis\build\src\apis\chat\v1.js","45895","03/08/2026 12:27:09"
"C:\Users\Dionisio Lima\OneDrive\Área de Trabalho\SOUSA_2.0_PRODUCAO\node_modules\googleapis\build\src\apis\checks\index.js","1503","03/08/2026 12:27:01"
"C:\Users\Dionisio Lima\OneDrive\Área de Trabalho\SOUSA_2.0_PRODUCAO\node_modules\googleapis\build\src\apis\checks\v1alpha.js","23077","03/08/2026 12:27:12"
"C:\Users\Dionisio Lima\OneDrive\Área de Trabalho\SOUSA_2.0_PRODUCAO\node_modules\googleapis\build\src\apis\chromemanagement\index.js","1558","03/08/2026 12:27:02"
"C:\Users\Dionisio Lima\OneDrive\Área de Trabalho\SOUSA_2.0_PRODUCAO\node_modules\googleapis\build\src\apis\chromemanagement\v1.js","41956","03/08/2026 12:27:09"
"C:\Users\Dionisio Lima\OneDrive\Área de Trabalho\SOUSA_2.0_PRODUCAO\node_modules\googleapis\build\src\apis\chromepolicy\index.js","1518","03/08/2026 12:27:02"
"C:\Users\Dionisio Lima\OneDrive\Área de Trabalho\SOUSA_2.0_PRODUCAO\node_modules\googleapis\build\src\apis\chromepolicy\v1.js","22216","03/08/2026 12:27:09"
"C:\Users\Dionisio Lima\OneDrive\Área de Trabalho\SOUSA_2.0_PRODUCAO\node_modules\googleapis\build\src\apis\chromeuxreport\index.js","1538","03/08/2026 12:27:02"
"C:\Users\Dionisio Lima\OneDrive\Área de Trabalho\SOUSA_2.0_PRODUCAO\node_modules\googleapis\build\src\apis\chromeuxreport\v1.js","4476","03/08/2026 12:27:09"
"C:\Users\Dionisio Lima\OneDrive\Área de Trabalho\SOUSA_2.0_PRODUCAO\node_modules\googleapis\build\src\apis\civicinfo\index.js","1488","03/08/2026 12:27:02"
"C:\Users\Dionisio Lima\OneDrive\Área de Trabalho\SOUSA_2.0_PRODUCAO\node_modules\googleapis\build\src\apis\civicinfo\v2.js","10099","03/08/2026 12:27:14"
"C:\Users\Dionisio Lima\OneDrive\Área de Trabalho\SOUSA_2.0_PRODUCAO\node_modules\googleapis\build\src\apis\classroom\index.js","1488","03/08/2026 12:27:02"
"C:\Users\Dionisio Lima\OneDrive\Área de Trabalho\SOUSA_2.0_PRODUCAO\node_modules\googleapis\build\src\apis\classroom\v1.js","135159","03/08/2026 12:27:09"
"C:\Users\Dionisio Lima\OneDrive\Área de Trabalho\SOUSA_2.0_PRODUCAO\node_modules\googleapis\build\src\apis\cloudasset\index.js","2860","03/08/2026 12:27:02"
"C:\Users\Dionisio Lima\OneDrive\Área de Trabalho\SOUSA_2.0_PRODUCAO\node_modules\googleapis\build\src\apis\cloudasset\v1.js","33498","03/08/2026 12:27:09"
"C:\Users\Dionisio Lima\OneDrive\Área de Trabalho\SOUSA_2.0_PRODUCAO\node_modules\googleapis\build\src\apis\cloudasset\v1beta1.js","13506","03/08/2026 12:27:13"
"C:\Users\Dionisio Lima\OneDrive\Área de Trabalho\SOUSA_2.0_PRODUCAO\node_modules\googleapis\build\src\apis\cloudasset\v1p1beta1.js","4773","03/08/2026 12:27:14"
"C:\Users\Dionisio Lima\OneDrive\Área de Trabalho\SOUSA_2.0_PRODUCAO\node_modules\googleapis\build\src\apis\cloudasset\v1p4beta1.js","4464","03/08/2026 12:27:14"
"C:\Users\Dionisio Lima\OneDrive\Área de Trabalho\SOUSA_2.0_PRODUCAO\node_modules\googleapis\build\src\apis\cloudasset\v1p5beta1.js","3183","03/08/2026 12:27:14"
"C:\Users\Dionisio Lima\OneDrive\Área de Trabalho\SOUSA_2.0_PRODUCAO\node_modules\googleapis\build\src\apis\cloudasset\v1p7beta1.js","4721","03/08/2026 12:27:14"
"C:\Users\Dionisio Lima\OneDrive\Área de Trabalho\SOUSA_2.0_PRODUCAO\node_modules\googleapis\build\src\apis\cloudbilling\index.js","1777","03/08/2026 12:27:02"
"C:\Users\Dionisio Lima\OneDrive\Área de Trabalho\SOUSA_2.0_PRODUCAO\node_modules\googleapis\build\src\apis\cloudbilling\v1.js","26733","03/08/2026 12:27:09"
"C:\Users\Dionisio Lima\OneDrive\Área de Trabalho\SOUSA_2.0_PRODUCAO\node_modules\googleapis\build\src\apis\cloudbilling\v1beta.js","27997","03/08/2026 12:27:12"
"C:\Users\Dionisio Lima\OneDrive\Área de Trabalho\SOUSA_2.0_PRODUCAO\node_modules\googleapis\build\src\apis\cloudbuild\index.js","2503","03/08/2026 12:27:02"
"C:\Users\Dionisio Lima\OneDrive\Área de Trabalho\SOUSA_2.0_PRODUCAO\node_modules\googleapis\build\src\apis\cloudbuild\v1.js","91083","03/08/2026 12:27:09"
"C:\Users\Dionisio Lima\OneDrive\Área de Trabalho\SOUSA_2.0_PRODUCAO\node_modules\googleapis\build\src\apis\cloudbuild\v1alpha1.js","11398","03/08/2026 12:27:12"
"C:\Users\Dionisio Lima\OneDrive\Área de Trabalho\SOUSA_2.0_PRODUCAO\node_modules\googleapis\build\src\apis\cloudbuild\v1alpha2.js","11398","03/08/2026 12:27:12"
"C:\Users\Dionisio Lima\OneDrive\Área de Trabalho\SOUSA_2.0_PRODUCAO\node_modules\googleapis\build\src\apis\cloudbuild\v1beta1.js","11419","03/08/2026 12:27:13"
"C:\Users\Dionisio Lima\OneDrive\Área de Trabalho\SOUSA_2.0_PRODUCAO\node_modules\googleapis\build\src\apis\cloudbuild\v2.js","31437","03/08/2026 12:27:14"
"C:\Users\Dionisio Lima\OneDrive\Área de Trabalho\SOUSA_2.0_PRODUCAO\node_modules\googleapis\build\src\apis\cloudchannel\index.js","1518","03/08/2026 12:27:02"
"C:\Users\Dionisio Lima\OneDrive\Área de Trabalho\SOUSA_2.0_PRODUCAO\node_modules\googleapis\build\src\apis\cloudchannel\v1.js","89905","03/08/2026 12:27:09"
"C:\Users\Dionisio Lima\OneDrive\Área de Trabalho\SOUSA_2.0_PRODUCAO\node_modules\googleapis\build\src\apis\cloudcontrolspartner\index.js","1897","03/08/2026 12:27:02"
"C:\Users\Dionisio Lima\OneDrive\Área de Trabalho\SOUSA_2.0_PRODUCAO\node_modules\googleapis\build\src\apis\cloudcontrolspartner\v1.js","20733","03/08/2026 12:27:09"
"C:\Users\Dionisio Lima\OneDrive\Área de Trabalho\SOUSA_2.0_PRODUCAO\node_modules\googleapis\build\src\apis\cloudcontrolspartner\v1beta.js","20841","03/08/2026 12:27:12"
"C:\Users\Dionisio Lima\OneDrive\Área de Trabalho\SOUSA_2.0_PRODUCAO\node_modules\googleapis\build\src\apis\clouddebugger\index.js","1528","03/08/2026 12:27:02"
"C:\Users\Dionisio Lima\OneDrive\Área de Trabalho\SOUSA_2.0_PRODUCAO\node_modules\googleapis\build\src\apis\clouddebugger\v2.js","13654","03/08/2026 12:27:14"
"C:\Users\Dionisio Lima\OneDrive\Área de Trabalho\SOUSA_2.0_PRODUCAO\node_modules\googleapis\build\src\apis\clouddeploy\index.js","1508","03/08/2026 12:27:02"
"C:\Users\Dionisio Lima\OneDrive\Área de Trabalho\SOUSA_2.0_PRODUCAO\node_modules\googleapis\build\src\apis\clouddeploy\v1.js","83956","03/08/2026 12:27:09"
"C:\Users\Dionisio Lima\OneDrive\Área de Trabalho\SOUSA_2.0_PRODUCAO\node_modules\googleapis\build\src\apis\clouderrorreporting\index.js","1633","03/08/2026 12:27:02"
"C:\Users\Dionisio Lima\OneDrive\Área de Trabalho\SOUSA_2.0_PRODUCAO\node_modules\googleapis\build\src\apis\clouderrorreporting\v1beta1.js","18389","03/08/2026 12:27:13"
"C:\Users\Dionisio Lima\OneDrive\Área de Trabalho\SOUSA_2.0_PRODUCAO\node_modules\googleapis\build\src\apis\cloudfunctions\index.js","2596","03/08/2026 12:27:02"
"C:\Users\Dionisio Lima\OneDrive\Área de Trabalho\SOUSA_2.0_PRODUCAO\node_modules\googleapis\build\src\apis\cloudfunctions\v1.js","20651","03/08/2026 12:27:09"
"C:\Users\Dionisio Lima\OneDrive\Área de Trabalho\SOUSA_2.0_PRODUCAO\node_modules\googleapis\build\src\apis\cloudfunctions\v1beta2.js","16607","03/08/2026 12:27:13"
"C:\Users\Dionisio Lima\OneDrive\Área de Trabalho\SOUSA_2.0_PRODUCAO\node_modules\googleapis\build\src\apis\cloudfunctions\v2.js","29011","03/08/2026 12:27:14"
"C:\Users\Dionisio Lima\OneDrive\Área de Trabalho\SOUSA_2.0_PRODUCAO\node_modules\googleapis\build\src\apis\cloudfunctions\v2alpha.js","29176","03/08/2026 12:27:14"
"C:\Users\Dionisio Lima\OneDrive\Área de Trabalho\SOUSA_2.0_PRODUCAO\node_modules\googleapis\build\src\apis\cloudfunctions\v2beta.js","29143","03/08/2026 12:27:14"
"C:\Users\Dionisio Lima\OneDrive\Área de Trabalho\SOUSA_2.0_PRODUCAO\node_modules\googleapis\build\src\apis\cloudidentity\index.js","1801","03/08/2026 12:27:02"
"C:\Users\Dionisio Lima\OneDrive\Área de Trabalho\SOUSA_2.0_PRODUCAO\node_modules\googleapis\build\src\apis\cloudidentity\v1.js","78050","03/08/2026 12:27:09"
"C:\Users\Dionisio Lima\OneDrive\Área de Trabalho\SOUSA_2.0_PRODUCAO\node_modules\googleapis\build\src\apis\cloudidentity\v1beta1.js","80283","03/08/2026 12:27:13"
"C:\Users\Dionisio Lima\OneDrive\Área de Trabalho\SOUSA_2.0_PRODUCAO\node_modules\googleapis\build\src\apis\cloudiot\index.js","1478","03/08/2026 12:27:02"
"C:\Users\Dionisio Lima\OneDrive\Área de Trabalho\SOUSA_2.0_PRODUCAO\node_modules\googleapis\build\src\apis\cloudiot\v1.js","33089","03/08/2026 12:27:09"
"C:\Users\Dionisio Lima\OneDrive\Área de Trabalho\SOUSA_2.0_PRODUCAO\node_modules\googleapis\build\src\apis\cloudkms\index.js","1478","03/08/2026 12:27:02"
"C:\Users\Dionisio Lima\OneDrive\Área de Trabalho\SOUSA_2.0_PRODUCAO\node_modules\googleapis\build\src\apis\cloudkms\v1.js","80845","03/08/2026 12:27:09"
"C:\Users\Dionisio Lima\OneDrive\Área de Trabalho\SOUSA_2.0_PRODUCAO\node_modules\googleapis\build\src\apis\cloudprofiler\index.js","1528","03/08/2026 12:27:02"
"C:\Users\Dionisio Lima\OneDrive\Área de Trabalho\SOUSA_2.0_PRODUCAO\node_modules\googleapis\build\src\apis\cloudprofiler\v2.js","7240","03/08/2026 12:27:14"
"C:\Users\Dionisio Lima\OneDrive\Área de Trabalho\SOUSA_2.0_PRODUCAO\node_modules\googleapis\build\src\apis\cloudresourcemanager\index.js","2740","03/08/2026 12:27:02"
"C:\Users\Dionisio Lima\OneDrive\Área de Trabalho\SOUSA_2.0_PRODUCAO\node_modules\googleapis\build\src\apis\cloudresourcemanager\v1.js","51986","03/08/2026 12:27:09"
"C:\Users\Dionisio Lima\OneDrive\Área de Trabalho\SOUSA_2.0_PRODUCAO\node_modules\googleapis\build\src\apis\cloudresourcemanager\v1beta1.js","22883","03/08/2026 12:27:13"
"C:\Users\Dionisio Lima\OneDrive\Área de Trabalho\SOUSA_2.0_PRODUCAO\node_modules\googleapis\build\src\apis\cloudresourcemanager\v2.js","17363","03/08/2026 12:27:14"
"C:\Users\Dionisio Lima\OneDrive\Área de Trabalho\SOUSA_2.0_PRODUCAO\node_modules\googleapis\build\src\apis\cloudresourcemanager\v2beta1.js","17413","03/08/2026 12:27:14"
"C:\Users\Dionisio Lima\OneDrive\Área de Trabalho\SOUSA_2.0_PRODUCAO\node_modules\googleapis\build\src\apis\cloudresourcemanager\v3.js","76221","03/08/2026 12:27:15"
"C:\Users\Dionisio Lima\OneDrive\Área de Trabalho\SOUSA_2.0_PRODUCAO\node_modules\googleapis\build\src\apis\cloudscheduler\index.js","1816","03/08/2026 12:27:02"
"C:\Users\Dionisio Lima\OneDrive\Área de Trabalho\SOUSA_2.0_PRODUCAO\node_modules\googleapis\build\src\apis\cloudscheduler\v1.js","20338","03/08/2026 12:27:09"
"C:\Users\Dionisio Lima\OneDrive\Área de Trabalho\SOUSA_2.0_PRODUCAO\node_modules\googleapis\build\src\apis\cloudscheduler\v1beta1.js","15196","03/08/2026 12:27:13"
"C:\Users\Dionisio Lima\OneDrive\Área de Trabalho\SOUSA_2.0_PRODUCAO\node_modules\googleapis\build\src\apis\cloudsearch\index.js","1508","03/08/2026 12:27:02"
"C:\Users\Dionisio Lima\OneDrive\Área de Trabalho\SOUSA_2.0_PRODUCAO\node_modules\googleapis\build\src\apis\cloudsearch\v1.js","72654","03/08/2026 12:27:09"
"C:\Users\Dionisio Lima\OneDrive\Área de Trabalho\SOUSA_2.0_PRODUCAO\node_modules\googleapis\build\src\apis\cloudshell\index.js","1765","03/08/2026 12:27:02"
"C:\Users\Dionisio Lima\OneDrive\Área de Trabalho\SOUSA_2.0_PRODUCAO\node_modules\googleapis\build\src\apis\cloudshell\v1.js","13749","03/08/2026 12:27:09"
"C:\Users\Dionisio Lima\OneDrive\Área de Trabalho\SOUSA_2.0_PRODUCAO\node_modules\googleapis\build\src\apis\cloudshell\v1alpha1.js","9973","03/08/2026 12:27:12"
"C:\Users\Dionisio Lima\OneDrive\Área de Trabalho\SOUSA_2.0_PRODUCAO\node_modules\googleapis\build\src\apis\cloudsupport\index.js","1777","03/08/2026 12:27:02"
"C:\Users\Dionisio Lima\OneDrive\Área de Trabalho\SOUSA_2.0_PRODUCAO\node_modules\googleapis\build\src\apis\cloudsupport\v2.js","19350","03/08/2026 12:27:14"
"C:\Users\Dionisio Lima\OneDrive\Área de Trabalho\SOUSA_2.0_PRODUCAO\node_modules\googleapis\build\src\apis\cloudsupport\v2beta.js","20691","03/08/2026 12:27:14"
"C:\Users\Dionisio Lima\OneDrive\Área de Trabalho\SOUSA_2.0_PRODUCAO\node_modules\googleapis\build\src\apis\cloudtasks\index.js","2014","03/08/2026 12:27:02"
"C:\Users\Dionisio Lima\OneDrive\Área de Trabalho\SOUSA_2.0_PRODUCAO\node_modules\googleapis\build\src\apis\cloudtasks\v2.js","29321","03/08/2026 12:27:14"
"C:\Users\Dionisio Lima\OneDrive\Área de Trabalho\SOUSA_2.0_PRODUCAO\node_modules\googleapis\build\src\apis\cloudtasks\v2beta2.js","36331","03/08/2026 12:27:15"
"C:\Users\Dionisio Lima\OneDrive\Área de Trabalho\SOUSA_2.0_PRODUCAO\node_modules\googleapis\build\src\apis\cloudtasks\v2beta3.js","29486","03/08/2026 12:27:15"
"C:\Users\Dionisio Lima\OneDrive\Área de Trabalho\SOUSA_2.0_PRODUCAO\node_modules\googleapis\build\src\apis\cloudtrace\index.js","1969","03/08/2026 12:27:02"
"C:\Users\Dionisio Lima\OneDrive\Área de Trabalho\SOUSA_2.0_PRODUCAO\node_modules\googleapis\build\src\apis\cloudtrace\v1.js","6297","03/08/2026 12:27:09"
"C:\Users\Dionisio Lima\OneDrive\Área de Trabalho\SOUSA_2.0_PRODUCAO\node_modules\googleapis\build\src\apis\cloudtrace\v2.js","5233","03/08/2026 12:27:14"
"C:\Users\Dionisio Lima\OneDrive\Área de Trabalho\SOUSA_2.0_PRODUCAO\node_modules\googleapis\build\src\apis\cloudtrace\v2beta1.js","8806","03/08/2026 12:27:14"
"C:\Users\Dionisio Lima\OneDrive\Área de Trabalho\SOUSA_2.0_PRODUCAO\node_modules\googleapis\build\src\apis\composer\index.js","1726","03/08/2026 12:27:02"
"C:\Users\Dionisio Lima\OneDrive\Área de Trabalho\SOUSA_2.0_PRODUCAO\node_modules\googleapis\build\src\apis\composer\v1.js","40315","03/08/2026 12:27:09"
"C:\Users\Dionisio Lima\OneDrive\Área de Trabalho\SOUSA_2.0_PRODUCAO\node_modules\googleapis\build\src\apis\composer\v1beta1.js","41838","03/08/2026 12:27:13"
"C:\Users\Dionisio Lima\OneDrive\Área de Trabalho\SOUSA_2.0_PRODUCAO\node_modules\googleapis\build\src\apis\compute\alpha.js","1447711","03/08/2026 12:26:56"
"C:\Users\Dionisio Lima\OneDrive\Área de Trabalho\SOUSA_2.0_PRODUCAO\node_modules\googleapis\build\src\apis\compute\beta.js","1315136","03/08/2026 12:26:57"
"C:\Users\Dionisio Lima\OneDrive\Área de Trabalho\SOUSA_2.0_PRODUCAO\node_modules\googleapis\build\src\apis\compute\index.js","1909","03/08/2026 12:27:02"
"C:\Users\Dionisio Lima\OneDrive\Área de Trabalho\SOUSA_2.0_PRODUCAO\node_modules\googleapis\build\src\apis\compute\v1.js","1132206","03/08/2026 12:27:09"
"C:\Users\Dionisio Lima\OneDrive\Área de Trabalho\SOUSA_2.0_PRODUCAO\node_modules\googleapis\build\src\apis\config\index.js","1458","03/08/2026 12:27:02"
"C:\Users\Dionisio Lima\OneDrive\Área de Trabalho\SOUSA_2.0_PRODUCAO\node_modules\googleapis\build\src\apis\config\v1.js","44750","03/08/2026 12:27:09"
"C:\Users\Dionisio Lima\OneDrive\Área de Trabalho\SOUSA_2.0_PRODUCAO\node_modules\googleapis\build\src\apis\connectors\index.js","1711","03/08/2026 12:27:02"
"C:\Users\Dionisio Lima\OneDrive\Área de Trabalho\SOUSA_2.0_PRODUCAO\node_modules\googleapis\build\src\apis\connectors\v1.js","99874","03/08/2026 12:27:09"
"C:\Users\Dionisio Lima\OneDrive\Área de Trabalho\SOUSA_2.0_PRODUCAO\node_modules\googleapis\build\src\apis\connectors\v2.js","25741","03/08/2026 12:27:14"
"C:\Users\Dionisio Lima\OneDrive\Área de Trabalho\SOUSA_2.0_PRODUCAO\node_modules\googleapis\build\src\apis\contactcenteraiplatform\index.js","1682","03/08/2026 12:27:02"
"C:\Users\Dionisio Lima\OneDrive\Área de Trabalho\SOUSA_2.0_PRODUCAO\node_modules\googleapis\build\src\apis\contactcenteraiplatform\v1alpha1.js","18411","03/08/2026 12:27:12"
"C:\Users\Dionisio Lima\OneDrive\Área de Trabalho\SOUSA_2.0_PRODUCAO\node_modules\googleapis\build\src\apis\contactcenterinsights\index.js","1608","03/08/2026 12:27:02"
"C:\Users\Dionisio Lima\OneDrive\Área de Trabalho\SOUSA_2.0_PRODUCAO\node_modules\googleapis\build\src\apis\contactcenterinsights\v1.js","112786","03/08/2026 12:27:09"
"C:\Users\Dionisio Lima\OneDrive\Área de Trabalho\SOUSA_2.0_PRODUCAO\node_modules\googleapis\build\src\apis\container\index.js","1741","03/08/2026 12:27:03"
"C:\Users\Dionisio Lima\OneDrive\Área de Trabalho\SOUSA_2.0_PRODUCAO\node_modules\googleapis\build\src\apis\container\v1.js","91986","03/08/2026 12:27:09"
"C:\Users\Dionisio Lima\OneDrive\Área de Trabalho\SOUSA_2.0_PRODUCAO\node_modules\googleapis\build\src\apis\container\v1beta1.js","98977","03/08/2026 12:27:13"
"C:\Users\Dionisio Lima\OneDrive\Área de Trabalho\SOUSA_2.0_PRODUCAO\node_modules\googleapis\build\src\apis\containeranalysis\index.js","2163","03/08/2026 12:27:03"
"C:\Users\Dionisio Lima\OneDrive\Área de Trabalho\SOUSA_2.0_PRODUCAO\node_modules\googleapis\build\src\apis\containeranalysis\v1.js","61431","03/08/2026 12:27:09"
"C:\Users\Dionisio Lima\OneDrive\Área de Trabalho\SOUSA_2.0_PRODUCAO\node_modules\googleapis\build\src\apis\containeranalysis\v1alpha1.js","46925","03/08/2026 12:27:12"
"C:\Users\Dionisio Lima\OneDrive\Área de Trabalho\SOUSA_2.0_PRODUCAO\node_modules\googleapis\build\src\apis\containeranalysis\v1beta1.js","64393","03/08/2026 12:27:13"
"C:\Users\Dionisio Lima\OneDrive\Área de Trabalho\SOUSA_2.0_PRODUCAO\node_modules\googleapis\build\src\apis\content\index.js","1686","03/08/2026 12:27:03"
"C:\Users\Dionisio Lima\OneDrive\Área de Trabalho\SOUSA_2.0_PRODUCAO\node_modules\googleapis\build\src\apis\content\v2.1.js","189922","03/08/2026 12:27:14"
"C:\Users\Dionisio Lima\OneDrive\Área de Trabalho\SOUSA_2.0_PRODUCAO\node_modules\googleapis\build\src\apis\content\v2.js","116405","03/08/2026 12:27:14"
"C:\Users\Dionisio Lima\OneDrive\Área de Trabalho\SOUSA_2.0_PRODUCAO\node_modules\googleapis\build\src\apis\contentwarehouse\index.js","1558","03/08/2026 12:27:03"
"C:\Users\Dionisio Lima\OneDrive\Área de Trabalho\SOUSA_2.0_PRODUCAO\node_modules\googleapis\build\src\apis\contentwarehouse\v1.js","50455","03/08/2026 12:27:09"
"C:\Users\Dionisio Lima\OneDrive\Área de Trabalho\SOUSA_2.0_PRODUCAO\node_modules\googleapis\build\src\apis\css\index.js","1428","03/08/2026 12:27:03"
"C:\Users\Dionisio Lima\OneDrive\Área de Trabalho\SOUSA_2.0_PRODUCAO\node_modules\googleapis\build\src\apis\css\v1.js","17672","03/08/2026 12:27:09"
"C:\Users\Dionisio Lima\OneDrive\Área de Trabalho\SOUSA_2.0_PRODUCAO\node_modules\googleapis\build\src\apis\customsearch\index.js","1518","03/08/2026 12:27:03"
"C:\Users\Dionisio Lima\OneDrive\Área de Trabalho\SOUSA_2.0_PRODUCAO\node_modules\googleapis\build\src\apis\customsearch\v1.js","4608","03/08/2026 12:27:09"
"C:\Users\Dionisio Lima\OneDrive\Área de Trabalho\SOUSA_2.0_PRODUCAO\node_modules\googleapis\build\src\apis\datacatalog\index.js","1771","03/08/2026 12:27:03"
"C:\Users\Dionisio Lima\OneDrive\Área de Trabalho\SOUSA_2.0_PRODUCAO\node_modules\googleapis\build\src\apis\datacatalog\v1.js","97594","03/08/2026 12:27:09"
"C:\Users\Dionisio Lima\OneDrive\Área de Trabalho\SOUSA_2.0_PRODUCAO\node_modules\googleapis\build\src\apis\datacatalog\v1beta1.js","76599","03/08/2026 12:27:13"
"C:\Users\Dionisio Lima\OneDrive\Área de Trabalho\SOUSA_2.0_PRODUCAO\node_modules\googleapis\build\src\apis\dataflow\index.js","1496","03/08/2026 12:27:03"
"C:\Users\Dionisio Lima\OneDrive\Área de Trabalho\SOUSA_2.0_PRODUCAO\node_modules\googleapis\build\src\apis\dataflow\v1b3.js","61981","03/08/2026 12:27:12"
"C:\Users\Dionisio Lima\OneDrive\Área de Trabalho\SOUSA_2.0_PRODUCAO\node_modules\googleapis\build\src\apis\dataform\index.js","1523","03/08/2026 12:27:03"
"C:\Users\Dionisio Lima\OneDrive\Área de Trabalho\SOUSA_2.0_PRODUCAO\node_modules\googleapis\build\src\apis\dataform\v1beta1.js","84553","03/08/2026 12:27:13"
"C:\Users\Dionisio Lima\OneDrive\Área de Trabalho\SOUSA_2.0_PRODUCAO\node_modules\googleapis\build\src\apis\datafusion\index.js","1756","03/08/2026 12:27:03"
"C:\Users\Dionisio Lima\OneDrive\Área de Trabalho\SOUSA_2.0_PRODUCAO\node_modules\googleapis\build\src\apis\datafusion\v1.js","27971","03/08/2026 12:27:09"
"C:\Users\Dionisio Lima\OneDrive\Área de Trabalho\SOUSA_2.0_PRODUCAO\node_modules\googleapis\build\src\apis\datafusion\v1beta1.js","36294","03/08/2026 12:27:13"
"C:\Users\Dionisio Lima\OneDrive\Área de Trabalho\SOUSA_2.0_PRODUCAO\node_modules\googleapis\build\src\apis\datalabeling\index.js","1563","03/08/2026 12:27:03"
"C:\Users\Dionisio Lima\OneDrive\Área de Trabalho\SOUSA_2.0_PRODUCAO\node_modules\googleapis\build\src\apis\datalabeling\v1beta1.js","67657","03/08/2026 12:27:13"
"C:\Users\Dionisio Lima\OneDrive\Área de Trabalho\SOUSA_2.0_PRODUCAO\node_modules\googleapis\build\src\apis\datalineage\index.js","1508","03/08/2026 12:27:03"
"C:\Users\Dionisio Lima\OneDrive\Área de Trabalho\SOUSA_2.0_PRODUCAO\node_modules\googleapis\build\src\apis\datalineage\v1.js","28094","03/08/2026 12:27:09"
"C:\Users\Dionisio Lima\OneDrive\Área de Trabalho\SOUSA_2.0_PRODUCAO\node_modules\googleapis\build\src\apis\datamigration\index.js","1801","03/08/2026 12:27:03"
"C:\Users\Dionisio Lima\OneDrive\Área de Trabalho\SOUSA_2.0_PRODUCAO\node_modules\googleapis\build\src\apis\datamigration\v1.js","91310","03/08/2026 12:27:09"
"C:\Users\Dionisio Lima\OneDrive\Área de Trabalho\SOUSA_2.0_PRODUCAO\node_modules\googleapis\build\src\apis\datamigration\v1beta1.js","40510","03/08/2026 12:27:13"
"C:\Users\Dionisio Lima\OneDrive\Área de Trabalho\SOUSA_2.0_PRODUCAO\node_modules\googleapis\build\src\apis\datapipelines\index.js","1528","03/08/2026 12:27:03"
"C:\Users\Dionisio Lima\OneDrive\Área de Trabalho\SOUSA_2.0_PRODUCAO\node_modules\googleapis\build\src\apis\datapipelines\v1.js","12961","03/08/2026 12:27:09"
"C:\Users\Dionisio Lima\OneDrive\Área de Trabalho\SOUSA_2.0_PRODUCAO\node_modules\googleapis\build\src\apis\dataplex\index.js","1478","03/08/2026 12:27:03"
"C:\Users\Dionisio Lima\OneDrive\Área de Trabalho\SOUSA_2.0_PRODUCAO\node_modules\googleapis\build\src\apis\dataplex\v1.js","235061","03/08/2026 12:27:09"
"C:\Users\Dionisio Lima\OneDrive\Área de Trabalho\SOUSA_2.0_PRODUCAO\node_modules\googleapis\build\src\apis\dataportability\index.js","1822","03/08/2026 12:27:03"
"C:\Users\Dionisio Lima\OneDrive\Área de Trabalho\SOUSA_2.0_PRODUCAO\node_modules\googleapis\build\src\apis\dataportability\v1.js","10478","03/08/2026 12:27:09"
"C:\Users\Dionisio Lima\OneDrive\Área de Trabalho\SOUSA_2.0_PRODUCAO\node_modules\googleapis\build\src\apis\dataportability\v1beta.js","10550","03/08/2026 12:27:12"
"C:\Users\Dionisio Lima\OneDrive\Área de Trabalho\SOUSA_2.0_PRODUCAO\node_modules\googleapis\build\src\apis\dataproc\index.js","1726","03/08/2026 12:27:03"
"C:\Users\Dionisio Lima\OneDrive\Área de Trabalho\SOUSA_2.0_PRODUCAO\node_modules\googleapis\build\src\apis\dataproc\v1.js","182096","03/08/2026 12:27:09"
"C:\Users\Dionisio Lima\OneDrive\Área de Trabalho\SOUSA_2.0_PRODUCAO\node_modules\googleapis\build\src\apis\dataproc\v1beta2.js","87818","03/08/2026 12:27:13"
"C:\Users\Dionisio Lima\OneDrive\Área de Trabalho\SOUSA_2.0_PRODUCAO\node_modules\googleapis\build\src\apis\datastore\index.js","1994","03/08/2026 12:27:03"
"C:\Users\Dionisio Lima\OneDrive\Área de Trabalho\SOUSA_2.0_PRODUCAO\node_modules\googleapis\build\src\apis\datastore\v1.js","25483","03/08/2026 12:27:09"
"C:\Users\Dionisio Lima\OneDrive\Área de Trabalho\SOUSA_2.0_PRODUCAO\node_modules\googleapis\build\src\apis\datastore\v1beta1.js","4485","03/08/2026 12:27:13"
"C:\Users\Dionisio Lima\OneDrive\Área de Trabalho\SOUSA_2.0_PRODUCAO\node_modules\googleapis\build\src\apis\datastore\v1beta3.js","12279","03/08/2026 12:27:13"
"C:\Users\Dionisio Lima\OneDrive\Área de Trabalho\SOUSA_2.0_PRODUCAO\node_modules\googleapis\build\src\apis\datastream\index.js","1765","03/08/2026 12:27:03"
"C:\Users\Dionisio Lima\OneDrive\Área de Trabalho\SOUSA_2.0_PRODUCAO\node_modules\googleapis\build\src\apis\datastream\v1.js","44903","03/08/2026 12:27:09"
"C:\Users\Dionisio Lima\OneDrive\Área de Trabalho\SOUSA_2.0_PRODUCAO\node_modules\googleapis\build\src\apis\datastream\v1alpha1.js","43913","03/08/2026 12:27:12"
"C:\Users\Dionisio Lima\OneDrive\Área de Trabalho\SOUSA_2.0_PRODUCAO\node_modules\googleapis\build\src\apis\deploymentmanager\alpha.js","49014","03/08/2026 12:26:56"
"C:\Users\Dionisio Lima\OneDrive\Área de Trabalho\SOUSA_2.0_PRODUCAO\node_modules\googleapis\build\src\apis\deploymentmanager\index.js","2127","03/08/2026 12:27:03"
"C:\Users\Dionisio Lima\OneDrive\Área de Trabalho\SOUSA_2.0_PRODUCAO\node_modules\googleapis\build\src\apis\deploymentmanager\v2.js","27699","03/08/2026 12:27:14"
"C:\Users\Dionisio Lima\OneDrive\Área de Trabalho\SOUSA_2.0_PRODUCAO\node_modules\googleapis\build\src\apis\deploymentmanager\v2beta.js","47723","03/08/2026 12:27:14"
"C:\Users\Dionisio Lima\OneDrive\Área de Trabalho\SOUSA_2.0_PRODUCAO\node_modules\googleapis\build\src\apis\developerconnect\index.js","1558","03/08/2026 12:27:03"
"C:\Users\Dionisio Lima\OneDrive\Área de Trabalho\SOUSA_2.0_PRODUCAO\node_modules\googleapis\build\src\apis\developerconnect\v1.js","35769","03/08/2026 12:27:09"
"C:\Users\Dionisio Lima\OneDrive\Área de Trabalho\SOUSA_2.0_PRODUCAO\node_modules\googleapis\build\src\apis\dfareporting\index.js","2247","03/08/2026 12:27:03"
"C:\Users\Dionisio Lima\OneDrive\Área de Trabalho\SOUSA_2.0_PRODUCAO\node_modules\googleapis\build\src\apis\dfareporting\v3.3.js","283614","03/08/2026 12:27:15"
"C:\Users\Dionisio Lima\OneDrive\Área de Trabalho\SOUSA_2.0_PRODUCAO\node_modules\googleapis\build\src\apis\dfareporting\v3.4.js","285188","03/08/2026 12:27:15"
"C:\Users\Dionisio Lima\OneDrive\Área de Trabalho\SOUSA_2.0_PRODUCAO\node_modules\googleapis\build\src\apis\dfareporting\v3.5.js","3540","03/08/2026 12:27:15"
"C:\Users\Dionisio Lima\OneDrive\Área de Trabalho\SOUSA_2.0_PRODUCAO\node_modules\googleapis\build\src\apis\dfareporting\v4.js","301348","03/08/2026 12:27:15"
"C:\Users\Dionisio Lima\OneDrive\Área de Trabalho\SOUSA_2.0_PRODUCAO\node_modules\googleapis\build\src\apis\dialogflow\index.js","2227","03/08/2026 12:27:03"
"C:\Users\Dionisio Lima\OneDrive\Área de Trabalho\SOUSA_2.0_PRODUCAO\node_modules\googleapis\build\src\apis\dialogflow\v2.js","362853","03/08/2026 12:27:14"
"C:\Users\Dionisio Lima\OneDrive\Área de Trabalho\SOUSA_2.0_PRODUCAO\node_modules\googleapis\build\src\apis\dialogflow\v2beta1.js","352873","03/08/2026 12:27:15"
"C:\Users\Dionisio Lima\OneDrive\Área de Trabalho\SOUSA_2.0_PRODUCAO\node_modules\googleapis\build\src\apis\dialogflow\v3.js","178411","03/08/2026 12:27:15"
"C:\Users\Dionisio Lima\OneDrive\Área de Trabalho\SOUSA_2.0_PRODUCAO\node_modules\googleapis\build\src\apis\dialogflow\v3beta1.js","217207","03/08/2026 12:27:15"
"C:\Users\Dionisio Lima\OneDrive\Área de Trabalho\SOUSA_2.0_PRODUCAO\node_modules\googleapis\build\src\apis\digitalassetlinks\index.js","1568","03/08/2026 12:27:03"
"C:\Users\Dionisio Lima\OneDrive\Área de Trabalho\SOUSA_2.0_PRODUCAO\node_modules\googleapis\build\src\apis\digitalassetlinks\v1.js","5975","03/08/2026 12:27:09"
"C:\Users\Dionisio Lima\OneDrive\Área de Trabalho\SOUSA_2.0_PRODUCAO\node_modules\googleapis\build\src\apis\discovery\index.js","1488","03/08/2026 12:27:03"
"C:\Users\Dionisio Lima\OneDrive\Área de Trabalho\SOUSA_2.0_PRODUCAO\node_modules\googleapis\build\src\apis\discovery\v1.js","4394","03/08/2026 12:27:10"
"C:\Users\Dionisio Lima\OneDrive\Área de Trabalho\SOUSA_2.0_PRODUCAO\node_modules\googleapis\build\src\apis\discoveryengine\index.js","2105","03/08/2026 12:27:03"
"C:\Users\Dionisio Lima\OneDrive\Área de Trabalho\SOUSA_2.0_PRODUCAO\node_modules\googleapis\build\src\apis\discoveryengine\v1.js","292715","03/08/2026 12:27:10"
"C:\Users\Dionisio Lima\OneDrive\Área de Trabalho\SOUSA_2.0_PRODUCAO\node_modules\googleapis\build\src\apis\discoveryengine\v1alpha.js","393651","03/08/2026 12:27:12"
"C:\Users\Dionisio Lima\OneDrive\Área de Trabalho\SOUSA_2.0_PRODUCAO\node_modules\googleapis\build\src\apis\discoveryengine\v1beta.js","338559","03/08/2026 12:27:12"
"C:\Users\Dionisio Lima\OneDrive\Área de Trabalho\SOUSA_2.0_PRODUCAO\node_modules\googleapis\build\src\apis\displayvideo\index.js","2964","03/08/2026 12:27:03"
"C:\Users\Dionisio Lima\OneDrive\Área de Trabalho\SOUSA_2.0_PRODUCAO\node_modules\googleapis\build\src\apis\displayvideo\v1.js","215772","03/08/2026 12:27:10"
"C:\Users\Dionisio Lima\OneDrive\Área de Trabalho\SOUSA_2.0_PRODUCAO\node_modules\googleapis\build\src\apis\displayvideo\v1beta.js","6860","03/08/2026 12:27:12"
"C:\Users\Dionisio Lima\OneDrive\Área de Trabalho\SOUSA_2.0_PRODUCAO\node_modules\googleapis\build\src\apis\displayvideo\v1beta2.js","5062","03/08/2026 12:27:13"
"C:\Users\Dionisio Lima\OneDrive\Área de Trabalho\SOUSA_2.0_PRODUCAO\node_modules\googleapis\build\src\apis\displayvideo\v1dev.js","5038","03/08/2026 12:27:13"
"C:\Users\Dionisio Lima\OneDrive\Área de Trabalho\SOUSA_2.0_PRODUCAO\node_modules\googleapis\build\src\apis\displayvideo\v2.js","220158","03/08/2026 12:27:14"
"C:\Users\Dionisio Lima\OneDrive\Área de Trabalho\SOUSA_2.0_PRODUCAO\node_modules\googleapis\build\src\apis\displayvideo\v3.js","240784","03/08/2026 12:27:15"
"C:\Users\Dionisio Lima\OneDrive\Área de Trabalho\SOUSA_2.0_PRODUCAO\node_modules\googleapis\build\src\apis\displayvideo\v4.js","226367","03/08/2026 12:27:15"
"C:\Users\Dionisio Lima\OneDrive\Área de Trabalho\SOUSA_2.0_PRODUCAO\node_modules\googleapis\build\src\apis\dlp\index.js","1428","03/08/2026 12:27:03"
"C:\Users\Dionisio Lima\OneDrive\Área de Trabalho\SOUSA_2.0_PRODUCAO\node_modules\googleapis\build\src\apis\dlp\v2.js","198711","03/08/2026 12:27:14"
"C:\Users\Dionisio Lima\OneDrive\Área de Trabalho\SOUSA_2.0_PRODUCAO\node_modules\googleapis\build\src\apis\dns\index.js","2052","03/08/2026 12:27:03"
"C:\Users\Dionisio Lima\OneDrive\Área de Trabalho\SOUSA_2.0_PRODUCAO\node_modules\googleapis\build\src\apis\dns\v1.js","57227","03/08/2026 12:27:10"
"C:\Users\Dionisio Lima\OneDrive\Área de Trabalho\SOUSA_2.0_PRODUCAO\node_modules\googleapis\build\src\apis\dns\v1beta2.js","57608","03/08/2026 12:27:13"
"C:\Users\Dionisio Lima\OneDrive\Área de Trabalho\SOUSA_2.0_PRODUCAO\node_modules\googleapis\build\src\apis\dns\v2.js","54891","03/08/2026 12:27:14"
"C:\Users\Dionisio Lima\OneDrive\Área de Trabalho\SOUSA_2.0_PRODUCAO\node_modules\googleapis\build\src\apis\dns\v2beta1.js","30508","03/08/2026 12:27:15"
"C:\Users\Dionisio Lima\OneDrive\Área de Trabalho\SOUSA_2.0_PRODUCAO\node_modules\googleapis\build\src\apis\docs\index.js","1438","03/08/2026 12:27:03"
"C:\Users\Dionisio Lima\OneDrive\Área de Trabalho\SOUSA_2.0_PRODUCAO\node_modules\googleapis\build\src\apis\docs\v1.js","5528","03/08/2026 12:27:10"
"C:\Users\Dionisio Lima\OneDrive\Área de Trabalho\SOUSA_2.0_PRODUCAO\node_modules\googleapis\build\src\apis\documentai\index.js","2014","03/08/2026 12:27:03"
"C:\Users\Dionisio Lima\OneDrive\Área de Trabalho\SOUSA_2.0_PRODUCAO\node_modules\googleapis\build\src\apis\documentai\v1.js","44621","03/08/2026 12:27:10"
"C:\Users\Dionisio Lima\OneDrive\Área de Trabalho\SOUSA_2.0_PRODUCAO\node_modules\googleapis\build\src\apis\documentai\v1beta2.js","11209","03/08/2026 12:27:13"
"C:\Users\Dionisio Lima\OneDrive\Área de Trabalho\SOUSA_2.0_PRODUCAO\node_modules\googleapis\build\src\apis\documentai\v1beta3.js","52646","03/08/2026 12:27:13"
"C:\Users\Dionisio Lima\OneDrive\Área de Trabalho\SOUSA_2.0_PRODUCAO\node_modules\googleapis\build\src\apis\domains\index.js","1963","03/08/2026 12:27:03"
"C:\Users\Dionisio Lima\OneDrive\Área de Trabalho\SOUSA_2.0_PRODUCAO\node_modules\googleapis\build\src\apis\domains\v1.js","39276","03/08/2026 12:27:10"
"C:\Users\Dionisio Lima\OneDrive\Área de Trabalho\SOUSA_2.0_PRODUCAO\node_modules\googleapis\build\src\apis\domains\v1alpha2.js","39540","03/08/2026 12:27:12"
"C:\Users\Dionisio Lima\OneDrive\Área de Trabalho\SOUSA_2.0_PRODUCAO\node_modules\googleapis\build\src\apis\domains\v1beta1.js","39500","03/08/2026 12:27:13"
"C:\Users\Dionisio Lima\OneDrive\Área de Trabalho\SOUSA_2.0_PRODUCAO\node_modules\googleapis\build\src\apis\domainsrdap\index.js","1508","03/08/2026 12:27:03"
"C:\Users\Dionisio Lima\OneDrive\Área de Trabalho\SOUSA_2.0_PRODUCAO\node_modules\googleapis\build\src\apis\domainsrdap\v1.js","15437","03/08/2026 12:27:10"
"C:\Users\Dionisio Lima\OneDrive\Área de Trabalho\SOUSA_2.0_PRODUCAO\node_modules\googleapis\build\src\apis\doubleclickbidmanager\index.js","2164","03/08/2026 12:27:03"
"C:\Users\Dionisio Lima\OneDrive\Área de Trabalho\SOUSA_2.0_PRODUCAO\node_modules\googleapis\build\src\apis\doubleclickbidmanager\v1.1.js","9834","03/08/2026 12:27:08"
"C:\Users\Dionisio Lima\OneDrive\Área de Trabalho\SOUSA_2.0_PRODUCAO\node_modules\googleapis\build\src\apis\doubleclickbidmanager\v1.js","1463","03/08/2026 12:27:10"
"C:\Users\Dionisio Lima\OneDrive\Área de Trabalho\SOUSA_2.0_PRODUCAO\node_modules\googleapis\build\src\apis\doubleclickbidmanager\v2.js","11167","03/08/2026 12:27:14"
"C:\Users\Dionisio Lima\OneDrive\Área de Trabalho\SOUSA_2.0_PRODUCAO\node_modules\googleapis\build\src\apis\doubleclicksearch\index.js","1568","03/08/2026 12:27:03"
"C:\Users\Dionisio Lima\OneDrive\Área de Trabalho\SOUSA_2.0_PRODUCAO\node_modules\googleapis\build\src\apis\doubleclicksearch\v2.js","17422","03/08/2026 12:27:14"
"C:\Users\Dionisio Lima\OneDrive\Área de Trabalho\SOUSA_2.0_PRODUCAO\node_modules\googleapis\build\src\apis\drive\index.js","1636","03/08/2026 12:27:03"
"C:\Users\Dionisio Lima\OneDrive\Área de Trabalho\SOUSA_2.0_PRODUCAO\node_modules\googleapis\build\src\apis\drive\v2.js","99022","03/08/2026 12:27:14"
"C:\Users\Dionisio Lima\OneDrive\Área de Trabalho\SOUSA_2.0_PRODUCAO\node_modules\googleapis\build\src\apis\drive\v3.js","78308","03/08/2026 12:27:15"
"C:\Users\Dionisio Lima\OneDrive\Área de Trabalho\SOUSA_2.0_PRODUCAO\node_modules\googleapis\build\src\apis\driveactivity\index.js","1528","03/08/2026 12:27:03"
"C:\Users\Dionisio Lima\OneDrive\Área de Trabalho\SOUSA_2.0_PRODUCAO\node_modules\googleapis\build\src\apis\driveactivity\v2.js","3127","03/08/2026 12:27:14"
"C:\Users\Dionisio Lima\OneDrive\Área de Trabalho\SOUSA_2.0_PRODUCAO\node_modules\googleapis\build\src\apis\drivelabels\index.js","1762","03/08/2026 12:27:03"
"C:\Users\Dionisio Lima\OneDrive\Área de Trabalho\SOUSA_2.0_PRODUCAO\node_modules\googleapis\build\src\apis\drivelabels\v2.js","35212","03/08/2026 12:27:14"
"C:\Users\Dionisio Lima\OneDrive\Área de Trabalho\SOUSA_2.0_PRODUCAO\node_modules\googleapis\build\src\apis\drivelabels\v2beta.js","35376","03/08/2026 12:27:14"
"C:\Users\Dionisio Lima\OneDrive\Área de Trabalho\SOUSA_2.0_PRODUCAO\node_modules\googleapis\build\src\apis\essentialcontacts\index.js","1568","03/08/2026 12:27:03"
"C:\Users\Dionisio Lima\OneDrive\Área de Trabalho\SOUSA_2.0_PRODUCAO\node_modules\googleapis\build\src\apis\essentialcontacts\v1.js","29989","03/08/2026 12:27:10"
"C:\Users\Dionisio Lima\OneDrive\Área de Trabalho\SOUSA_2.0_PRODUCAO\node_modules\googleapis\build\src\apis\eventarc\index.js","1726","03/08/2026 12:27:03"
"C:\Users\Dionisio Lima\OneDrive\Área de Trabalho\SOUSA_2.0_PRODUCAO\node_modules\googleapis\build\src\apis\eventarc\v1.js","93437","03/08/2026 12:27:10"
"C:\Users\Dionisio Lima\OneDrive\Área de Trabalho\SOUSA_2.0_PRODUCAO\node_modules\googleapis\build\src\apis\eventarc\v1beta1.js","20535","03/08/2026 12:27:13"
"C:\Users\Dionisio Lima\OneDrive\Área de Trabalho\SOUSA_2.0_PRODUCAO\node_modules\googleapis\build\src\apis\factchecktools\index.js","1592","03/08/2026 12:27:03"
"C:\Users\Dionisio Lima\OneDrive\Área de Trabalho\SOUSA_2.0_PRODUCAO\node_modules\googleapis\build\src\apis\factchecktools\v1alpha1.js","10833","03/08/2026 12:27:12"
"C:\Users\Dionisio Lima\OneDrive\Área de Trabalho\SOUSA_2.0_PRODUCAO\node_modules\googleapis\build\src\apis\fcm\index.js","1428","03/08/2026 12:27:03"
"C:\Users\Dionisio Lima\OneDrive\Área de Trabalho\SOUSA_2.0_PRODUCAO\node_modules\googleapis\build\src\apis\fcm\v1.js","3338","03/08/2026 12:27:10"
"C:\Users\Dionisio Lima\OneDrive\Área de Trabalho\SOUSA_2.0_PRODUCAO\node_modules\googleapis\build\src\apis\fcmdata\index.js","1513","03/08/2026 12:27:03"
"C:\Users\Dionisio Lima\OneDrive\Área de Trabalho\SOUSA_2.0_PRODUCAO\node_modules\googleapis\build\src\apis\fcmdata\v1beta1.js","3818","03/08/2026 12:27:13"
"C:\Users\Dionisio Lima\OneDrive\Área de Trabalho\SOUSA_2.0_PRODUCAO\node_modules\googleapis\build\src\apis\file\index.js","1666","03/08/2026 12:27:03"
"C:\Users\Dionisio Lima\OneDrive\Área de Trabalho\SOUSA_2.0_PRODUCAO\node_modules\googleapis\build\src\apis\file\v1.js","33524","03/08/2026 12:27:10"
"C:\Users\Dionisio Lima\OneDrive\Área de Trabalho\SOUSA_2.0_PRODUCAO\node_modules\googleapis\build\src\apis\file\v1beta1.js","40395","03/08/2026 12:27:13"
"C:\Users\Dionisio Lima\OneDrive\Área de Trabalho\SOUSA_2.0_PRODUCAO\node_modules\googleapis\build\src\apis\firebase\index.js","1523","03/08/2026 12:27:03"
"C:\Users\Dionisio Lima\OneDrive\Área de Trabalho\SOUSA_2.0_PRODUCAO\node_modules\googleapis\build\src\apis\firebase\v1beta1.js","50988","03/08/2026 12:27:13"
"C:\Users\Dionisio Lima\OneDrive\Área de Trabalho\SOUSA_2.0_PRODUCAO\node_modules\googleapis\build\src\apis\firebaseappcheck\index.js","1837","03/08/2026 12:27:03"
"C:\Users\Dionisio Lima\OneDrive\Área de Trabalho\SOUSA_2.0_PRODUCAO\node_modules\googleapis\build\src\apis\firebaseappcheck\v1.js","68725","03/08/2026 12:27:10"
"C:\Users\Dionisio Lima\OneDrive\Área de Trabalho\SOUSA_2.0_PRODUCAO\node_modules\googleapis\build\src\apis\firebaseappcheck\v1beta.js","75769","03/08/2026 12:27:12"
"C:\Users\Dionisio Lima\OneDrive\Área de Trabalho\SOUSA_2.0_PRODUCAO\node_modules\googleapis\build\src\apis\firebaseappdistribution\index.js","1951","03/08/2026 12:27:03"
"C:\Users\Dionisio Lima\OneDrive\Área de Trabalho\SOUSA_2.0_PRODUCAO\node_modules\googleapis\build\src\apis\firebaseappdistribution\v1.js","37370","03/08/2026 12:27:10"
"C:\Users\Dionisio Lima\OneDrive\Área de Trabalho\SOUSA_2.0_PRODUCAO\node_modules\googleapis\build\src\apis\firebaseappdistribution\v1alpha.js","33893","03/08/2026 12:27:12"
"C:\Users\Dionisio Lima\OneDrive\Área de Trabalho\SOUSA_2.0_PRODUCAO\node_modules\googleapis\build\src\apis\firebasedatabase\index.js","1594","03/08/2026 12:27:04"
"C:\Users\Dionisio Lima\OneDrive\Área de Trabalho\SOUSA_2.0_PRODUCAO\node_modules\googleapis\build\src\apis\firebasedatabase\v1beta.js","11562","03/08/2026 12:27:12"
"C:\Users\Dionisio Lima\OneDrive\Área de Trabalho\SOUSA_2.0_PRODUCAO\node_modules\googleapis\build\src\apis\firebasedataconnect\index.js","1624","03/08/2026 12:27:04"
"C:\Users\Dionisio Lima\OneDrive\Área de Trabalho\SOUSA_2.0_PRODUCAO\node_modules\googleapis\build\src\apis\firebasedataconnect\v1beta.js","36016","03/08/2026 12:27:12"
"C:\Users\Dionisio Lima\OneDrive\Área de Trabalho\SOUSA_2.0_PRODUCAO\node_modules\googleapis\build\src\apis\firebasedynamiclinks\index.js","1598","03/08/2026 12:27:04"
"C:\Users\Dionisio Lima\OneDrive\Área de Trabalho\SOUSA_2.0_PRODUCAO\node_modules\googleapis\build\src\apis\firebasedynamiclinks\v1.js","8862","03/08/2026 12:27:10"
"C:\Users\Dionisio Lima\OneDrive\Área de Trabalho\SOUSA_2.0_PRODUCAO\node_modules\googleapis\build\src\apis\firebasehosting\index.js","1831","03/08/2026 12:27:04"
"C:\Users\Dionisio Lima\OneDrive\Área de Trabalho\SOUSA_2.0_PRODUCAO\node_modules\googleapis\build\src\apis\firebasehosting\v1.js","9658","03/08/2026 12:27:10"
"C:\Users\Dionisio Lima\OneDrive\Área de Trabalho\SOUSA_2.0_PRODUCAO\node_modules\googleapis\build\src\apis\firebasehosting\v1beta1.js","91021","03/08/2026 12:27:13"
"C:\Users\Dionisio Lima\OneDrive\Área de Trabalho\SOUSA_2.0_PRODUCAO\node_modules\googleapis\build\src\apis\firebaseml\index.js","2005","03/08/2026 12:27:04"
"C:\Users\Dionisio Lima\OneDrive\Área de Trabalho\SOUSA_2.0_PRODUCAO\node_modules\googleapis\build\src\apis\firebaseml\v1.js","5616","03/08/2026 12:27:10"
"C:\Users\Dionisio Lima\OneDrive\Área de Trabalho\SOUSA_2.0_PRODUCAO\node_modules\googleapis\build\src\apis\firebaseml\v1beta2.js","11287","03/08/2026 12:27:13"
"C:\Users\Dionisio Lima\OneDrive\Área de Trabalho\SOUSA_2.0_PRODUCAO\node_modules\googleapis\build\src\apis\firebaseml\v2beta.js","6775","03/08/2026 12:27:14"
"C:\Users\Dionisio Lima\OneDrive\Área de Trabalho\SOUSA_2.0_PRODUCAO\node_modules\googleapis\build\src\apis\firebaserules\index.js","1528","03/08/2026 12:27:04"
"C:\Users\Dionisio Lima\OneDrive\Área de Trabalho\SOUSA_2.0_PRODUCAO\node_modules\googleapis\build\src\apis\firebaserules\v1.js","16338","03/08/2026 12:27:10"
"C:\Users\Dionisio Lima\OneDrive\Área de Trabalho\SOUSA_2.0_PRODUCAO\node_modules\googleapis\build\src\apis\firebasestorage\index.js","1584","03/08/2026 12:27:04"
"C:\Users\Dionisio Lima\OneDrive\Área de Trabalho\SOUSA_2.0_PRODUCAO\node_modules\googleapis\build\src\apis\firebasestorage\v1beta.js","11549","03/08/2026 12:27:12"
"C:\Users\Dionisio Lima\OneDrive\Área de Trabalho\SOUSA_2.0_PRODUCAO\node_modules\googleapis\build\src\apis\firestore\index.js","1994","03/08/2026 12:27:04"
"C:\Users\Dionisio Lima\OneDrive\Área de Trabalho\SOUSA_2.0_PRODUCAO\node_modules\googleapis\build\src\apis\firestore\v1.js","64730","03/08/2026 12:27:10"
"C:\Users\Dionisio Lima\OneDrive\Área de Trabalho\SOUSA_2.0_PRODUCAO\node_modules\googleapis\build\src\apis\firestore\v1beta1.js","32491","03/08/2026 12:27:13"
"C:\Users\Dionisio Lima\OneDrive\Área de Trabalho\SOUSA_2.0_PRODUCAO\node_modules\googleapis\build\src\apis\firestore\v1beta2.js","14870","03/08/2026 12:27:13"
"C:\Users\Dionisio Lima\OneDrive\Área de Trabalho\SOUSA_2.0_PRODUCAO\node_modules\googleapis\build\src\apis\fitness\index.js","1468","03/08/2026 12:27:04"
"C:\Users\Dionisio Lima\OneDrive\Área de Trabalho\SOUSA_2.0_PRODUCAO\node_modules\googleapis\build\src\apis\fitness\v1.js","20525","03/08/2026 12:27:10"
"C:\Users\Dionisio Lima\OneDrive\Área de Trabalho\SOUSA_2.0_PRODUCAO\node_modules\googleapis\build\src\apis\forms\index.js","1448","03/08/2026 12:27:04"
"C:\Users\Dionisio Lima\OneDrive\Área de Trabalho\SOUSA_2.0_PRODUCAO\node_modules\googleapis\build\src\apis\forms\v1.js","15000","03/08/2026 12:27:10"
"C:\Users\Dionisio Lima\OneDrive\Área de Trabalho\SOUSA_2.0_PRODUCAO\node_modules\googleapis\build\src\apis\games\index.js","1448","03/08/2026 12:27:04"
"C:\Users\Dionisio Lima\OneDrive\Área de Trabalho\SOUSA_2.0_PRODUCAO\node_modules\googleapis\build\src\apis\games\v1.js","54896","03/08/2026 12:27:10"
"C:\Users\Dionisio Lima\OneDrive\Área de Trabalho\SOUSA_2.0_PRODUCAO\node_modules\googleapis\build\src\apis\gamesConfiguration\index.js","1695","03/08/2026 12:27:04"
"C:\Users\Dionisio Lima\OneDrive\Área de Trabalho\SOUSA_2.0_PRODUCAO\node_modules\googleapis\build\src\apis\gamesConfiguration\v1configuration.js","15899","03/08/2026 12:27:13"
"C:\Users\Dionisio Lima\OneDrive\Área de Trabalho\SOUSA_2.0_PRODUCAO\node_modules\googleapis\build\src\apis\gameservices\index.js","1777","03/08/2026 12:27:04"
"C:\Users\Dionisio Lima\OneDrive\Área de Trabalho\SOUSA_2.0_PRODUCAO\node_modules\googleapis\build\src\apis\gameservices\v1.js","14045","03/08/2026 12:27:10"
"C:\Users\Dionisio Lima\OneDrive\Área de Trabalho\SOUSA_2.0_PRODUCAO\node_modules\googleapis\build\src\apis\gameservices\v1beta.js","14129","03/08/2026 12:27:12"
"C:\Users\Dionisio Lima\OneDrive\Área de Trabalho\SOUSA_2.0_PRODUCAO\node_modules\googleapis\build\src\apis\gamesManagement\index.js","1638","03/08/2026 12:27:04"
"C:\Users\Dionisio Lima\OneDrive\Área de Trabalho\SOUSA_2.0_PRODUCAO\node_modules\googleapis\build\src\apis\gamesManagement\v1management.js","26835","03/08/2026 12:27:14"
"C:\Users\Dionisio Lima\OneDrive\Área de Trabalho\SOUSA_2.0_PRODUCAO\node_modules\googleapis\build\src\apis\genomics\index.js","1992","03/08/2026 12:27:04"
"C:\Users\Dionisio Lima\OneDrive\Área de Trabalho\SOUSA_2.0_PRODUCAO\node_modules\googleapis\build\src\apis\genomics\v1.js","1277","03/08/2026 12:27:10"
"C:\Users\Dionisio Lima\OneDrive\Área de Trabalho\SOUSA_2.0_PRODUCAO\node_modules\googleapis\build\src\apis\genomics\v1alpha2.js","14362","03/08/2026 12:27:12"
"C:\Users\Dionisio Lima\OneDrive\Área de Trabalho\SOUSA_2.0_PRODUCAO\node_modules\googleapis\build\src\apis\genomics\v2alpha1.js","10221","03/08/2026 12:27:14"
"C:\Users\Dionisio Lima\OneDrive\Área de Trabalho\SOUSA_2.0_PRODUCAO\node_modules\googleapis\build\src\apis\gkebackup\index.js","1488","03/08/2026 12:27:04"
"C:\Users\Dionisio Lima\OneDrive\Área de Trabalho\SOUSA_2.0_PRODUCAO\node_modules\googleapis\build\src\apis\gkebackup\v1.js","67555","03/08/2026 12:27:10"
"C:\Users\Dionisio Lima\OneDrive\Área de Trabalho\SOUSA_2.0_PRODUCAO\node_modules\googleapis\build\src\apis\gkehub\index.js","3070","03/08/2026 12:27:04"
"C:\Users\Dionisio Lima\OneDrive\Área de Trabalho\SOUSA_2.0_PRODUCAO\node_modules\googleapis\build\src\apis\gkehub\v1.js","82198","03/08/2026 12:27:10"
"C:\Users\Dionisio Lima\OneDrive\Área de Trabalho\SOUSA_2.0_PRODUCAO\node_modules\googleapis\build\src\apis\gkehub\v1alpha.js","87853","03/08/2026 12:27:12"
"C:\Users\Dionisio Lima\OneDrive\Área de Trabalho\SOUSA_2.0_PRODUCAO\node_modules\googleapis\build\src\apis\gkehub\v1alpha2.js","23206","03/08/2026 12:27:12"
"C:\Users\Dionisio Lima\OneDrive\Área de Trabalho\SOUSA_2.0_PRODUCAO\node_modules\googleapis\build\src\apis\gkehub\v1beta.js","82526","03/08/2026 12:27:12"
"C:\Users\Dionisio Lima\OneDrive\Área de Trabalho\SOUSA_2.0_PRODUCAO\node_modules\googleapis\build\src\apis\gkehub\v1beta1.js","24437","03/08/2026 12:27:13"
"C:\Users\Dionisio Lima\OneDrive\Área de Trabalho\SOUSA_2.0_PRODUCAO\node_modules\googleapis\build\src\apis\gkehub\v2.js","15634","03/08/2026 12:27:14"
"C:\Users\Dionisio Lima\OneDrive\Área de Trabalho\SOUSA_2.0_PRODUCAO\node_modules\googleapis\build\src\apis\gkehub\v2alpha.js","15749","03/08/2026 12:27:14"
"C:\Users\Dionisio Lima\OneDrive\Área de Trabalho\SOUSA_2.0_PRODUCAO\node_modules\googleapis\build\src\apis\gkehub\v2beta.js","15726","03/08/2026 12:27:14"
"C:\Users\Dionisio Lima\OneDrive\Área de Trabalho\SOUSA_2.0_PRODUCAO\node_modules\googleapis\build\src\apis\gkeonprem\index.js","1488","03/08/2026 12:27:04"
"C:\Users\Dionisio Lima\OneDrive\Área de Trabalho\SOUSA_2.0_PRODUCAO\node_modules\googleapis\build\src\apis\gkeonprem\v1.js","108936","03/08/2026 12:27:10"
"C:\Users\Dionisio Lima\OneDrive\Área de Trabalho\SOUSA_2.0_PRODUCAO\node_modules\googleapis\build\src\apis\gmail\index.js","1448","03/08/2026 12:27:04"
"C:\Users\Dionisio Lima\OneDrive\Área de Trabalho\SOUSA_2.0_PRODUCAO\node_modules\googleapis\build\src\apis\gmail\v1.js","109791","03/08/2026 12:27:10"
"C:\Users\Dionisio Lima\OneDrive\Área de Trabalho\SOUSA_2.0_PRODUCAO\node_modules\googleapis\build\src\apis\gmailpostmastertools\index.js","1906","03/08/2026 12:27:04"
"C:\Users\Dionisio Lima\OneDrive\Área de Trabalho\SOUSA_2.0_PRODUCAO\node_modules\googleapis\build\src\apis\gmailpostmastertools\v1.js","7452","03/08/2026 12:27:10"
"C:\Users\Dionisio Lima\OneDrive\Área de Trabalho\SOUSA_2.0_PRODUCAO\node_modules\googleapis\build\src\apis\gmailpostmastertools\v1beta1.js","7522","03/08/2026 12:27:13"
"C:\Users\Dionisio Lima\OneDrive\Área de Trabalho\SOUSA_2.0_PRODUCAO\node_modules\googleapis\build\src\apis\groupsmigration\index.js","1548","03/08/2026 12:27:04"
"C:\Users\Dionisio Lima\OneDrive\Área de Trabalho\SOUSA_2.0_PRODUCAO\node_modules\googleapis\build\src\apis\groupsmigration\v1.js","3338","03/08/2026 12:27:10"
"C:\Users\Dionisio Lima\OneDrive\Área de Trabalho\SOUSA_2.0_PRODUCAO\node_modules\googleapis\build\src\apis\groupssettings\index.js","1538","03/08/2026 12:27:04"
"C:\Users\Dionisio Lima\OneDrive\Área de Trabalho\SOUSA_2.0_PRODUCAO\node_modules\googleapis\build\src\apis\groupssettings\v1.js","5705","03/08/2026 12:27:10"
"C:\Users\Dionisio Lima\OneDrive\Área de Trabalho\SOUSA_2.0_PRODUCAO\node_modules\googleapis\build\src\apis\healthcare\index.js","1756","03/08/2026 12:27:04"
"C:\Users\Dionisio Lima\OneDrive\Área de Trabalho\SOUSA_2.0_PRODUCAO\node_modules\googleapis\build\src\apis\healthcare\v1.js","209137","03/08/2026 12:27:10"
"C:\Users\Dionisio Lima\OneDrive\Área de Trabalho\SOUSA_2.0_PRODUCAO\node_modules\googleapis\build\src\apis\healthcare\v1beta1.js","245214","03/08/2026 12:27:13"
"C:\Users\Dionisio Lima\OneDrive\Área de Trabalho\SOUSA_2.0_PRODUCAO\node_modules\googleapis\build\src\apis\homegraph\index.js","1488","03/08/2026 12:27:04"
"C:\Users\Dionisio Lima\OneDrive\Área de Trabalho\SOUSA_2.0_PRODUCAO\node_modules\googleapis\build\src\apis\homegraph\v1.js","8294","03/08/2026 12:27:10"
"C:\Users\Dionisio Lima\OneDrive\Área de Trabalho\SOUSA_2.0_PRODUCAO\node_modules\googleapis\build\src\apis\iam\index.js","1820","03/08/2026 12:27:04"
"C:\Users\Dionisio Lima\OneDrive\Área de Trabalho\SOUSA_2.0_PRODUCAO\node_modules\googleapis\build\src\apis\iam\v1.js","138786","03/08/2026 12:27:10"
"C:\Users\Dionisio Lima\OneDrive\Área de Trabalho\SOUSA_2.0_PRODUCAO\node_modules\googleapis\build\src\apis\iam\v2.js","9812","03/08/2026 12:27:14"
"C:\Users\Dionisio Lima\OneDrive\Área de Trabalho\SOUSA_2.0_PRODUCAO\node_modules\googleapis\build\src\apis\iam\v2beta.js","9876","03/08/2026 12:27:14"
"C:\Users\Dionisio Lima\OneDrive\Área de Trabalho\SOUSA_2.0_PRODUCAO\node_modules\googleapis\build\src\apis\iamcredentials\index.js","1538","03/08/2026 12:27:04"
"C:\Users\Dionisio Lima\OneDrive\Área de Trabalho\SOUSA_2.0_PRODUCAO\node_modules\googleapis\build\src\apis\iamcredentials\v1.js","8807","03/08/2026 12:27:10"
"C:\Users\Dionisio Lima\OneDrive\Área de Trabalho\SOUSA_2.0_PRODUCAO\node_modules\googleapis\build\src\apis\iap\index.js","1651","03/08/2026 12:27:04"
"C:\Users\Dionisio Lima\OneDrive\Área de Trabalho\SOUSA_2.0_PRODUCAO\node_modules\googleapis\build\src\apis\iap\v1.js","27744","03/08/2026 12:27:10"
"C:\Users\Dionisio Lima\OneDrive\Área de Trabalho\SOUSA_2.0_PRODUCAO\node_modules\googleapis\build\src\apis\iap\v1beta1.js","5689","03/08/2026 12:27:13"
"C:\Users\Dionisio Lima\OneDrive\Área de Trabalho\SOUSA_2.0_PRODUCAO\node_modules\googleapis\build\src\apis\ideahub\index.js","1747","03/08/2026 12:27:04"
"C:\Users\Dionisio Lima\OneDrive\Área de Trabalho\SOUSA_2.0_PRODUCAO\node_modules\googleapis\build\src\apis\ideahub\v1alpha.js","11326","03/08/2026 12:27:12"
"C:\Users\Dionisio Lima\OneDrive\Área de Trabalho\SOUSA_2.0_PRODUCAO\node_modules\googleapis\build\src\apis\ideahub\v1beta.js","9898","03/08/2026 12:27:12"
"C:\Users\Dionisio Lima\OneDrive\Área de Trabalho\SOUSA_2.0_PRODUCAO\node_modules\googleapis\build\src\apis\identitytoolkit\index.js","1786","03/08/2026 12:27:04"
"C:\Users\Dionisio Lima\OneDrive\Área de Trabalho\SOUSA_2.0_PRODUCAO\node_modules\googleapis\build\src\apis\identitytoolkit\v2.js","69689","03/08/2026 12:27:14"
"C:\Users\Dionisio Lima\OneDrive\Área de Trabalho\SOUSA_2.0_PRODUCAO\node_modules\googleapis\build\src\apis\identitytoolkit\v3.js","27569","03/08/2026 12:27:15"
"C:\Users\Dionisio Lima\OneDrive\Área de Trabalho\SOUSA_2.0_PRODUCAO\node_modules\googleapis\build\src\apis\ids\index.js","1428","03/08/2026 12:27:04"
"C:\Users\Dionisio Lima\OneDrive\Área de Trabalho\SOUSA_2.0_PRODUCAO\node_modules\googleapis\build\src\apis\ids\v1.js","16676","03/08/2026 12:27:10"
"C:\Users\Dionisio Lima\OneDrive\Área de Trabalho\SOUSA_2.0_PRODUCAO\node_modules\googleapis\build\src\apis\indexing\index.js","1478","03/08/2026 12:27:04"
"C:\Users\Dionisio Lima\OneDrive\Área de Trabalho\SOUSA_2.0_PRODUCAO\node_modules\googleapis\build\src\apis\indexing\v3.js","4390","03/08/2026 12:27:15"
"C:\Users\Dionisio Lima\OneDrive\Área de Trabalho\SOUSA_2.0_PRODUCAO\node_modules\googleapis\build\src\apis\integrations\index.js","1563","03/08/2026 12:27:04"
"C:\Users\Dionisio Lima\OneDrive\Área de Trabalho\SOUSA_2.0_PRODUCAO\node_modules\googleapis\build\src\apis\integrations\v1alpha.js","118027","03/08/2026 12:27:12"
"C:\Users\Dionisio Lima\OneDrive\Área de Trabalho\SOUSA_2.0_PRODUCAO\node_modules\googleapis\build\src\apis\jobs\index.js","2050","03/08/2026 12:27:04"
"C:\Users\Dionisio Lima\OneDrive\Área de Trabalho\SOUSA_2.0_PRODUCAO\node_modules\googleapis\build\src\apis\jobs\v2.js","22921","03/08/2026 12:27:14"
"C:\Users\Dionisio Lima\OneDrive\Área de Trabalho\SOUSA_2.0_PRODUCAO\node_modules\googleapis\build\src\apis\jobs\v3.js","21535","03/08/2026 12:27:15"
"C:\Users\Dionisio Lima\OneDrive\Área de Trabalho\SOUSA_2.0_PRODUCAO\node_modules\googleapis\build\src\apis\jobs\v3p1beta1.js","23256","03/08/2026 12:27:15"
"C:\Users\Dionisio Lima\OneDrive\Área de Trabalho\SOUSA_2.0_PRODUCAO\node_modules\googleapis\build\src\apis\jobs\v4.js","32233","03/08/2026 12:27:15"
"C:\Users\Dionisio Lima\OneDrive\Área de Trabalho\SOUSA_2.0_PRODUCAO\node_modules\googleapis\build\src\apis\keep\index.js","1438","03/08/2026 12:27:04"
"C:\Users\Dionisio Lima\OneDrive\Área de Trabalho\SOUSA_2.0_PRODUCAO\node_modules\googleapis\build\src\apis\keep\v1.js","11016","03/08/2026 12:27:10"
"C:\Users\Dionisio Lima\OneDrive\Área de Trabalho\SOUSA_2.0_PRODUCAO\node_modules\googleapis\build\src\apis\kgsearch\index.js","1478","03/08/2026 12:27:04"
"C:\Users\Dionisio Lima\OneDrive\Área de Trabalho\SOUSA_2.0_PRODUCAO\node_modules\googleapis\build\src\apis\kgsearch\v1.js","3060","03/08/2026 12:27:10"
"C:\Users\Dionisio Lima\OneDrive\Área de Trabalho\SOUSA_2.0_PRODUCAO\node_modules\googleapis\build\src\apis\kmsinventory\index.js","1518","03/08/2026 12:27:04"
"C:\Users\Dionisio Lima\OneDrive\Área de Trabalho\SOUSA_2.0_PRODUCAO\node_modules\googleapis\build\src\apis\kmsinventory\v1.js","7535","03/08/2026 12:27:10"
"C:\Users\Dionisio Lima\OneDrive\Área de Trabalho\SOUSA_2.0_PRODUCAO\node_modules\googleapis\build\src\apis\language\index.js","2177","03/08/2026 12:27:04"
"C:\Users\Dionisio Lima\OneDrive\Área de Trabalho\SOUSA_2.0_PRODUCAO\node_modules\googleapis\build\src\apis\language\v1.js","10813","03/08/2026 12:27:10"
"C:\Users\Dionisio Lima\OneDrive\Área de Trabalho\SOUSA_2.0_PRODUCAO\node_modules\googleapis\build\src\apis\language\v1beta1.js","6934","03/08/2026 12:27:13"
"C:\Users\Dionisio Lima\OneDrive\Área de Trabalho\SOUSA_2.0_PRODUCAO\node_modules\googleapis\build\src\apis\language\v1beta2.js","10893","03/08/2026 12:27:13"
"C:\Users\Dionisio Lima\OneDrive\Área de Trabalho\SOUSA_2.0_PRODUCAO\node_modules\googleapis\build\src\apis\language\v2.js","8271","03/08/2026 12:27:14"
"C:\Users\Dionisio Lima\OneDrive\Área de Trabalho\SOUSA_2.0_PRODUCAO\node_modules\googleapis\build\src\apis\libraryagent\index.js","1518","03/08/2026 12:27:04"
"C:\Users\Dionisio Lima\OneDrive\Área de Trabalho\SOUSA_2.0_PRODUCAO\node_modules\googleapis\build\src\apis\libraryagent\v1.js","9607","03/08/2026 12:27:10"
"C:\Users\Dionisio Lima\OneDrive\Área de Trabalho\SOUSA_2.0_PRODUCAO\node_modules\googleapis\build\src\apis\licensing\index.js","1488","03/08/2026 12:27:04"
"C:\Users\Dionisio Lima\OneDrive\Área de Trabalho\SOUSA_2.0_PRODUCAO\node_modules\googleapis\build\src\apis\licensing\v1.js","11533","03/08/2026 12:27:10"
"C:\Users\Dionisio Lima\OneDrive\Área de Trabalho\SOUSA_2.0_PRODUCAO\node_modules\googleapis\build\src\apis\lifesciences\index.js","1554","03/08/2026 12:27:04"
"C:\Users\Dionisio Lima\OneDrive\Área de Trabalho\SOUSA_2.0_PRODUCAO\node_modules\googleapis\build\src\apis\lifesciences\v2beta.js","10497","03/08/2026 12:27:14"
"C:\Users\Dionisio Lima\OneDrive\Área de Trabalho\SOUSA_2.0_PRODUCAO\node_modules\googleapis\build\src\apis\localservices\index.js","1528","03/08/2026 12:27:04"
"C:\Users\Dionisio Lima\OneDrive\Área de Trabalho\SOUSA_2.0_PRODUCAO\node_modules\googleapis\build\src\apis\localservices\v1.js","4679","03/08/2026 12:27:10"
"C:\Users\Dionisio Lima\OneDrive\Área de Trabalho\SOUSA_2.0_PRODUCAO\node_modules\googleapis\build\src\apis\logging\index.js","1468","03/08/2026 12:27:04"
"C:\Users\Dionisio Lima\OneDrive\Área de Trabalho\SOUSA_2.0_PRODUCAO\node_modules\googleapis\build\src\apis\logging\v2.js","340933","03/08/2026 12:27:14"
"C:\Users\Dionisio Lima\OneDrive\Área de Trabalho\SOUSA_2.0_PRODUCAO\node_modules\googleapis\build\src\apis\looker\index.js","1458","03/08/2026 12:27:04"
"C:\Users\Dionisio Lima\OneDrive\Área de Trabalho\SOUSA_2.0_PRODUCAO\node_modules\googleapis\build\src\apis\looker\v1.js","20211","03/08/2026 12:27:10"
"C:\Users\Dionisio Lima\OneDrive\Área de Trabalho\SOUSA_2.0_PRODUCAO\node_modules\googleapis\build\src\apis\managedidentities\index.js","2163","03/08/2026 12:27:04"
"C:\Users\Dionisio Lima\OneDrive\Área de Trabalho\SOUSA_2.0_PRODUCAO\node_modules\googleapis\build\src\apis\managedidentities\v1.js","62640","03/08/2026 12:27:10"
"C:\Users\Dionisio Lima\OneDrive\Área de Trabalho\SOUSA_2.0_PRODUCAO\node_modules\googleapis\build\src\apis\managedidentities\v1alpha1.js","63017","03/08/2026 12:27:12"
"C:\Users\Dionisio Lima\OneDrive\Área de Trabalho\SOUSA_2.0_PRODUCAO\node_modules\googleapis\build\src\apis\managedidentities\v1beta1.js","62945","03/08/2026 12:27:13"
"C:\Users\Dionisio Lima\OneDrive\Área de Trabalho\SOUSA_2.0_PRODUCAO\node_modules\googleapis\build\src\apis\managedkafka\index.js","1518","03/08/2026 12:27:04"
"C:\Users\Dionisio Lima\OneDrive\Área de Trabalho\SOUSA_2.0_PRODUCAO\node_modules\googleapis\build\src\apis\managedkafka\v1.js","28832","03/08/2026 12:27:10"
"C:\Users\Dionisio Lima\OneDrive\Área de Trabalho\SOUSA_2.0_PRODUCAO\node_modules\googleapis\build\src\apis\manufacturers\index.js","1528","03/08/2026 12:27:04"
"C:\Users\Dionisio Lima\OneDrive\Área de Trabalho\SOUSA_2.0_PRODUCAO\node_modules\googleapis\build\src\apis\manufacturers\v1.js","13125","03/08/2026 12:27:10"
"C:\Users\Dionisio Lima\OneDrive\Área de Trabalho\SOUSA_2.0_PRODUCAO\node_modules\googleapis\build\src\apis\marketingplatformadmin\index.js","1663","03/08/2026 12:27:04"
"C:\Users\Dionisio Lima\OneDrive\Área de Trabalho\SOUSA_2.0_PRODUCAO\node_modules\googleapis\build\src\apis\marketingplatformadmin\v1alpha.js","9332","03/08/2026 12:27:12"
"C:\Users\Dionisio Lima\OneDrive\Área de Trabalho\SOUSA_2.0_PRODUCAO\node_modules\googleapis\build\src\apis\meet\index.js","1438","03/08/2026 12:27:04"
"C:\Users\Dionisio Lima\OneDrive\Área de Trabalho\SOUSA_2.0_PRODUCAO\node_modules\googleapis\build\src\apis\meet\v2.js","23790","03/08/2026 12:27:14"
"C:\Users\Dionisio Lima\OneDrive\Área de Trabalho\SOUSA_2.0_PRODUCAO\node_modules\googleapis\build\src\apis\memcache\index.js","1726","03/08/2026 12:27:04"
"C:\Users\Dionisio Lima\OneDrive\Área de Trabalho\SOUSA_2.0_PRODUCAO\node_modules\googleapis\build\src\apis\memcache\v1.js","21780","03/08/2026 12:27:10"
"C:\Users\Dionisio Lima\OneDrive\Área de Trabalho\SOUSA_2.0_PRODUCAO\node_modules\googleapis\build\src\apis\memcache\v1beta2.js","23236","03/08/2026 12:27:13"
"C:\Users\Dionisio Lima\OneDrive\Área de Trabalho\SOUSA_2.0_PRODUCAO\node_modules\googleapis\build\src\apis\merchantapi\accounts_v1beta.js","62336","03/08/2026 12:26:52"
"C:\Users\Dionisio Lima\OneDrive\Área de Trabalho\SOUSA_2.0_PRODUCAO\node_modules\googleapis\build\src\apis\merchantapi\conversions_v1beta.js","10011","03/08/2026 12:26:57"
"C:\Users\Dionisio Lima\OneDrive\Área de Trabalho\SOUSA_2.0_PRODUCAO\node_modules\googleapis\build\src\apis\merchantapi\datasources_v1beta.js","11580","03/08/2026 12:26:57"
"C:\Users\Dionisio Lima\OneDrive\Área de Trabalho\SOUSA_2.0_PRODUCAO\node_modules\googleapis\build\src\apis\merchantapi\index.js","5029","03/08/2026 12:27:04"
"C:\Users\Dionisio Lima\OneDrive\Área de Trabalho\SOUSA_2.0_PRODUCAO\node_modules\googleapis\build\src\apis\merchantapi\inventories_v1beta.js","10905","03/08/2026 12:27:07"
"C:\Users\Dionisio Lima\OneDrive\Área de Trabalho\SOUSA_2.0_PRODUCAO\node_modules\googleapis\build\src\apis\merchantapi\lfp_v1beta.js","10463","03/08/2026 12:27:07"
"C:\Users\Dionisio Lima\OneDrive\Área de Trabalho\SOUSA_2.0_PRODUCAO\node_modules\googleapis\build\src\apis\merchantapi\notifications_v1beta.js","8920","03/08/2026 12:27:07"
"C:\Users\Dionisio Lima\OneDrive\Área de Trabalho\SOUSA_2.0_PRODUCAO\node_modules\googleapis\build\src\apis\merchantapi\products_v1beta.js","8944","03/08/2026 12:27:07"
"C:\Users\Dionisio Lima\OneDrive\Área de Trabalho\SOUSA_2.0_PRODUCAO\node_modules\googleapis\build\src\apis\merchantapi\promotions_v1beta.js","6133","03/08/2026 12:27:07"
"C:\Users\Dionisio Lima\OneDrive\Área de Trabalho\SOUSA_2.0_PRODUCAO\node_modules\googleapis\build\src\apis\merchantapi\quota_v1beta.js","3496","03/08/2026 12:27:07"
"C:\Users\Dionisio Lima\OneDrive\Área de Trabalho\SOUSA_2.0_PRODUCAO\node_modules\googleapis\build\src\apis\merchantapi\reports_v1beta.js","3534","03/08/2026 12:27:07"
"C:\Users\Dionisio Lima\OneDrive\Área de Trabalho\SOUSA_2.0_PRODUCAO\node_modules\googleapis\build\src\apis\merchantapi\reviews_v1beta.js","12819","03/08/2026 12:27:07"
"C:\Users\Dionisio Lima\OneDrive\Área de Trabalho\SOUSA_2.0_PRODUCAO\node_modules\googleapis\build\src\apis\metastore\index.js","2690","03/08/2026 12:27:04"
"C:\Users\Dionisio Lima\OneDrive\Área de Trabalho\SOUSA_2.0_PRODUCAO\node_modules\googleapis\build\src\apis\metastore\v1.js","66481","03/08/2026 12:27:10"
"C:\Users\Dionisio Lima\OneDrive\Área de Trabalho\SOUSA_2.0_PRODUCAO\node_modules\googleapis\build\src\apis\metastore\v1alpha.js","72085","03/08/2026 12:27:12"
"C:\Users\Dionisio Lima\OneDrive\Área de Trabalho\SOUSA_2.0_PRODUCAO\node_modules\googleapis\build\src\apis\metastore\v1beta.js","72015","03/08/2026 12:27:12"
"C:\Users\Dionisio Lima\OneDrive\Área de Trabalho\SOUSA_2.0_PRODUCAO\node_modules\googleapis\build\src\apis\metastore\v2.js","23274","03/08/2026 12:27:14"
"C:\Users\Dionisio Lima\OneDrive\Área de Trabalho\SOUSA_2.0_PRODUCAO\node_modules\googleapis\build\src\apis\metastore\v2alpha.js","32937","03/08/2026 12:27:14"
"C:\Users\Dionisio Lima\OneDrive\Área de Trabalho\SOUSA_2.0_PRODUCAO\node_modules\googleapis\build\src\apis\metastore\v2beta.js","32901","03/08/2026 12:27:14"
"C:\Users\Dionisio Lima\OneDrive\Área de Trabalho\SOUSA_2.0_PRODUCAO\node_modules\googleapis\build\src\apis\migrationcenter\index.js","1840","03/08/2026 12:27:04"
"C:\Users\Dionisio Lima\OneDrive\Área de Trabalho\SOUSA_2.0_PRODUCAO\node_modules\googleapis\build\src\apis\migrationcenter\v1.js","85202","03/08/2026 12:27:10"
"C:\Users\Dionisio Lima\OneDrive\Área de Trabalho\SOUSA_2.0_PRODUCAO\node_modules\googleapis\build\src\apis\migrationcenter\v1alpha1.js","92470","03/08/2026 12:27:12"
"C:\Users\Dionisio Lima\OneDrive\Área de Trabalho\SOUSA_2.0_PRODUCAO\node_modules\googleapis\build\src\apis\ml\index.js","1418","03/08/2026 12:27:04"
"C:\Users\Dionisio Lima\OneDrive\Área de Trabalho\SOUSA_2.0_PRODUCAO\node_modules\googleapis\build\src\apis\ml\v1.js","61910","03/08/2026 12:27:10"
"C:\Users\Dionisio Lima\OneDrive\Área de Trabalho\SOUSA_2.0_PRODUCAO\node_modules\googleapis\build\src\apis\monitoring\index.js","1711","03/08/2026 12:27:04"
"C:\Users\Dionisio Lima\OneDrive\Área de Trabalho\SOUSA_2.0_PRODUCAO\node_modules\googleapis\build\src\apis\monitoring\v1.js","24606","03/08/2026 12:27:10"
"C:\Users\Dionisio Lima\OneDrive\Área de Trabalho\SOUSA_2.0_PRODUCAO\node_modules\googleapis\build\src\apis\monitoring\v3.js","75416","03/08/2026 12:27:15"
"C:\Users\Dionisio Lima\OneDrive\Área de Trabalho\SOUSA_2.0_PRODUCAO\node_modules\googleapis\build\src\apis\mybusinessaccountmanagement\index.js","1668","03/08/2026 12:27:04"
"C:\Users\Dionisio Lima\OneDrive\Área de Trabalho\SOUSA_2.0_PRODUCAO\node_modules\googleapis\build\src\apis\mybusinessaccountmanagement\v1.js","23927","03/08/2026 12:27:10"
"C:\Users\Dionisio Lima\OneDrive\Área de Trabalho\SOUSA_2.0_PRODUCAO\node_modules\googleapis\build\src\apis\mybusinessbusinesscalls\index.js","1628","03/08/2026 12:27:04"
"C:\Users\Dionisio Lima\OneDrive\Área de Trabalho\SOUSA_2.0_PRODUCAO\node_modules\googleapis\build\src\apis\mybusinessbusinesscalls\v1.js","7021","03/08/2026 12:27:10"
"C:\Users\Dionisio Lima\OneDrive\Área de Trabalho\SOUSA_2.0_PRODUCAO\node_modules\googleapis\build\src\apis\mybusinessbusinessinformation\index.js","1688","03/08/2026 12:27:04"
"C:\Users\Dionisio Lima\OneDrive\Área de Trabalho\SOUSA_2.0_PRODUCAO\node_modules\googleapis\build\src\apis\mybusinessbusinessinformation\v1.js","23444","03/08/2026 12:27:10"
"C:\Users\Dionisio Lima\OneDrive\Área de Trabalho\SOUSA_2.0_PRODUCAO\node_modules\googleapis\build\src\apis\mybusinesslodging\index.js","1568","03/08/2026 12:27:04"
"C:\Users\Dionisio Lima\OneDrive\Área de Trabalho\SOUSA_2.0_PRODUCAO\node_modules\googleapis\build\src\apis\mybusinesslodging\v1.js","6169","03/08/2026 12:27:10"
"C:\Users\Dionisio Lima\OneDrive\Área de Trabalho\SOUSA_2.0_PRODUCAO\node_modules\googleapis\build\src\apis\mybusinessnotifications\index.js","1628","03/08/2026 12:27:04"
"C:\Users\Dionisio Lima\OneDrive\Área de Trabalho\SOUSA_2.0_PRODUCAO\node_modules\googleapis\build\src\apis\mybusinessnotifications\v1.js","4740","03/08/2026 12:27:10"
"C:\Users\Dionisio Lima\OneDrive\Área de Trabalho\SOUSA_2.0_PRODUCAO\node_modules\googleapis\build\src\apis\mybusinessplaceactions\index.js","1618","03/08/2026 12:27:04"
"C:\Users\Dionisio Lima\OneDrive\Área de Trabalho\SOUSA_2.0_PRODUCAO\node_modules\googleapis\build\src\apis\mybusinessplaceactions\v1.js","10455","03/08/2026 12:27:10"
"C:\Users\Dionisio Lima\OneDrive\Área de Trabalho\SOUSA_2.0_PRODUCAO\node_modules\googleapis\build\src\apis\mybusinessqanda\index.js","1548","03/08/2026 12:27:05"
"C:\Users\Dionisio Lima\OneDrive\Área de Trabalho\SOUSA_2.0_PRODUCAO\node_modules\googleapis\build\src\apis\mybusinessqanda\v1.js","11523","03/08/2026 12:27:10"
"C:\Users\Dionisio Lima\OneDrive\Área de Trabalho\SOUSA_2.0_PRODUCAO\node_modules\googleapis\build\src\apis\mybusinessverifications\index.js","1628","03/08/2026 12:27:05"
"C:\Users\Dionisio Lima\OneDrive\Área de Trabalho\SOUSA_2.0_PRODUCAO\node_modules\googleapis\build\src\apis\mybusinessverifications\v1.js","8849","03/08/2026 12:27:10"
"C:\Users\Dionisio Lima\OneDrive\Área de Trabalho\SOUSA_2.0_PRODUCAO\node_modules\googleapis\build\src\apis\netapp\index.js","1696","03/08/2026 12:27:05"
"C:\Users\Dionisio Lima\OneDrive\Área de Trabalho\SOUSA_2.0_PRODUCAO\node_modules\googleapis\build\src\apis\netapp\v1.js","89382","03/08/2026 12:27:10"
"C:\Users\Dionisio Lima\OneDrive\Área de Trabalho\SOUSA_2.0_PRODUCAO\node_modules\googleapis\build\src\apis\netapp\v1beta1.js","89817","03/08/2026 12:27:13"
"C:\Users\Dionisio Lima\OneDrive\Área de Trabalho\SOUSA_2.0_PRODUCAO\node_modules\googleapis\build\src\apis\networkconnectivity\index.js","1900","03/08/2026 12:27:05"
"C:\Users\Dionisio Lima\OneDrive\Área de Trabalho\SOUSA_2.0_PRODUCAO\node_modules\googleapis\build\src\apis\networkconnectivity\v1.js","111970","03/08/2026 12:27:11"
"C:\Users\Dionisio Lima\OneDrive\Área de Trabalho\SOUSA_2.0_PRODUCAO\node_modules\googleapis\build\src\apis\networkconnectivity\v1alpha1.js","42578","03/08/2026 12:27:12"
"C:\Users\Dionisio Lima\OneDrive\Área de Trabalho\SOUSA_2.0_PRODUCAO\node_modules\googleapis\build\src\apis\networkmanagement\index.js","1861","03/08/2026 12:27:05"
"C:\Users\Dionisio Lima\OneDrive\Área de Trabalho\SOUSA_2.0_PRODUCAO\node_modules\googleapis\build\src\apis\networkmanagement\v1.js","29496","03/08/2026 12:27:11"
"C:\Users\Dionisio Lima\OneDrive\Área de Trabalho\SOUSA_2.0_PRODUCAO\node_modules\googleapis\build\src\apis\networkmanagement\v1beta1.js","38646","03/08/2026 12:27:13"
"C:\Users\Dionisio Lima\OneDrive\Área de Trabalho\SOUSA_2.0_PRODUCAO\node_modules\googleapis\build\src\apis\networksecurity\index.js","1831","03/08/2026 12:27:05"
"C:\Users\Dionisio Lima\OneDrive\Área de Trabalho\SOUSA_2.0_PRODUCAO\node_modules\googleapis\build\src\apis\networksecurity\v1.js","168824","03/08/2026 12:27:11"
"C:\Users\Dionisio Lima\OneDrive\Área de Trabalho\SOUSA_2.0_PRODUCAO\node_modules\googleapis\build\src\apis\networksecurity\v1beta1.js","204114","03/08/2026 12:27:13"
"C:\Users\Dionisio Lima\OneDrive\Área de Trabalho\SOUSA_2.0_PRODUCAO\node_modules\googleapis\build\src\apis\networkservices\index.js","1831","03/08/2026 12:27:05"
"C:\Users\Dionisio Lima\OneDrive\Área de Trabalho\SOUSA_2.0_PRODUCAO\node_modules\googleapis\build\src\apis\networkservices\v1.js","120067","03/08/2026 12:27:11"
"C:\Users\Dionisio Lima\OneDrive\Área de Trabalho\SOUSA_2.0_PRODUCAO\node_modules\googleapis\build\src\apis\networkservices\v1beta1.js","107689","03/08/2026 12:27:13"
"C:\Users\Dionisio Lima\OneDrive\Área de Trabalho\SOUSA_2.0_PRODUCAO\node_modules\googleapis\build\src\apis\notebooks\index.js","1696","03/08/2026 12:27:05"
"C:\Users\Dionisio Lima\OneDrive\Área de Trabalho\SOUSA_2.0_PRODUCAO\node_modules\googleapis\build\src\apis\notebooks\v1.js","82787","03/08/2026 12:27:11"
"C:\Users\Dionisio Lima\OneDrive\Área de Trabalho\SOUSA_2.0_PRODUCAO\node_modules\googleapis\build\src\apis\notebooks\v2.js","35817","03/08/2026 12:27:14"
"C:\Users\Dionisio Lima\OneDrive\Área de Trabalho\SOUSA_2.0_PRODUCAO\node_modules\googleapis\build\src\apis\oauth2\index.js","1458","03/08/2026 12:27:05"
"C:\Users\Dionisio Lima\OneDrive\Área de Trabalho\SOUSA_2.0_PRODUCAO\node_modules\googleapis\build\src\apis\oauth2\v2.js","5987","03/08/2026 12:27:14"
"C:\Users\Dionisio Lima\OneDrive\Área de Trabalho\SOUSA_2.0_PRODUCAO\node_modules\googleapis\build\src\apis\ondemandscanning\index.js","1846","03/08/2026 12:27:05"
"C:\Users\Dionisio Lima\OneDrive\Área de Trabalho\SOUSA_2.0_PRODUCAO\node_modules\googleapis\build\src\apis\ondemandscanning\v1.js","12144","03/08/2026 12:27:11"
"C:\Users\Dionisio Lima\OneDrive\Área de Trabalho\SOUSA_2.0_PRODUCAO\node_modules\googleapis\build\src\apis\ondemandscanning\v1beta1.js","12244","03/08/2026 12:27:13"
"C:\Users\Dionisio Lima\OneDrive\Área de Trabalho\SOUSA_2.0_PRODUCAO\node_modules\googleapis\build\src\apis\oracledatabase\index.js","1538","03/08/2026 12:27:05"
"C:\Users\Dionisio Lima\OneDrive\Área de Trabalho\SOUSA_2.0_PRODUCAO\node_modules\googleapis\build\src\apis\oracledatabase\v1.js","46590","03/08/2026 12:27:11"
"C:\Users\Dionisio Lima\OneDrive\Área de Trabalho\SOUSA_2.0_PRODUCAO\node_modules\googleapis\build\src\apis\orgpolicy\index.js","1488","03/08/2026 12:27:05"
"C:\Users\Dionisio Lima\OneDrive\Área de Trabalho\SOUSA_2.0_PRODUCAO\node_modules\googleapis\build\src\apis\orgpolicy\v2.js","37269","03/08/2026 12:27:14"
"C:\Users\Dionisio Lima\OneDrive\Área de Trabalho\SOUSA_2.0_PRODUCAO\node_modules\googleapis\build\src\apis\osconfig\index.js","2204","03/08/2026 12:27:05"
"C:\Users\Dionisio Lima\OneDrive\Área de Trabalho\SOUSA_2.0_PRODUCAO\node_modules\googleapis\build\src\apis\osconfig\v1.js","41758","03/08/2026 12:27:11"
"C:\Users\Dionisio Lima\OneDrive\Área de Trabalho\SOUSA_2.0_PRODUCAO\node_modules\googleapis\build\src\apis\osconfig\v1alpha.js","25995","03/08/2026 12:27:12"
"C:\Users\Dionisio Lima\OneDrive\Área de Trabalho\SOUSA_2.0_PRODUCAO\node_modules\googleapis\build\src\apis\osconfig\v1beta.js","26540","03/08/2026 12:27:12"
"C:\Users\Dionisio Lima\OneDrive\Área de Trabalho\SOUSA_2.0_PRODUCAO\node_modules\googleapis\build\src\apis\osconfig\v2beta.js","40837","03/08/2026 12:27:14"
"C:\Users\Dionisio Lima\OneDrive\Área de Trabalho\SOUSA_2.0_PRODUCAO\node_modules\googleapis\build\src\apis\oslogin\index.js","1945","03/08/2026 12:27:05"
"C:\Users\Dionisio Lima\OneDrive\Área de Trabalho\SOUSA_2.0_PRODUCAO\node_modules\googleapis\build\src\apis\oslogin\v1.js","11185","03/08/2026 12:27:11"
"C:\Users\Dionisio Lima\OneDrive\Área de Trabalho\SOUSA_2.0_PRODUCAO\node_modules\googleapis\build\src\apis\oslogin\v1alpha.js","17528","03/08/2026 12:27:12"
"C:\Users\Dionisio Lima\OneDrive\Área de Trabalho\SOUSA_2.0_PRODUCAO\node_modules\googleapis\build\src\apis\oslogin\v1beta.js","17502","03/08/2026 12:27:12"
"C:\Users\Dionisio Lima\OneDrive\Área de Trabalho\SOUSA_2.0_PRODUCAO\node_modules\googleapis\build\src\apis\pagespeedonline\index.js","1548","03/08/2026 12:27:05"
"C:\Users\Dionisio Lima\OneDrive\Área de Trabalho\SOUSA_2.0_PRODUCAO\node_modules\googleapis\build\src\apis\pagespeedonline\v5.js","3426","03/08/2026 12:27:15"
"C:\Users\Dionisio Lima\OneDrive\Área de Trabalho\SOUSA_2.0_PRODUCAO\node_modules\googleapis\build\src\apis\parallelstore\index.js","1792","03/08/2026 12:27:05"
"C:\Users\Dionisio Lima\OneDrive\Área de Trabalho\SOUSA_2.0_PRODUCAO\node_modules\googleapis\build\src\apis\parallelstore\v1.js","19159","03/08/2026 12:27:11"
"C:\Users\Dionisio Lima\OneDrive\Área de Trabalho\SOUSA_2.0_PRODUCAO\node_modules\googleapis\build\src\apis\parallelstore\v1beta.js","19259","03/08/2026 12:27:12"
"C:\Users\Dionisio Lima\OneDrive\Área de Trabalho\SOUSA_2.0_PRODUCAO\node_modules\googleapis\build\src\apis\paymentsresellersubscription\index.js","1678","03/08/2026 12:27:05"
"C:\Users\Dionisio Lima\OneDrive\Área de Trabalho\SOUSA_2.0_PRODUCAO\node_modules\googleapis\build\src\apis\paymentsresellersubscription\v1.js","17595","03/08/2026 12:27:11"
"C:\Users\Dionisio Lima\OneDrive\Área de Trabalho\SOUSA_2.0_PRODUCAO\node_modules\googleapis\build\src\apis\people\index.js","1458","03/08/2026 12:27:05"
"C:\Users\Dionisio Lima\OneDrive\Área de Trabalho\SOUSA_2.0_PRODUCAO\node_modules\googleapis\build\src\apis\people\v1.js","33387","03/08/2026 12:27:11"
"C:\Users\Dionisio Lima\OneDrive\Área de Trabalho\SOUSA_2.0_PRODUCAO\node_modules\googleapis\build\src\apis\places\index.js","1458","03/08/2026 12:27:05"
"C:\Users\Dionisio Lima\OneDrive\Área de Trabalho\SOUSA_2.0_PRODUCAO\node_modules\googleapis\build\src\apis\places\v1.js","8223","03/08/2026 12:27:11"
"C:\Users\Dionisio Lima\OneDrive\Área de Trabalho\SOUSA_2.0_PRODUCAO\node_modules\googleapis\build\src\apis\playablelocations\index.js","1568","03/08/2026 12:27:05"
"C:\Users\Dionisio Lima\OneDrive\Área de Trabalho\SOUSA_2.0_PRODUCAO\node_modules\googleapis\build\src\apis\playablelocations\v3.js","5624","03/08/2026 12:27:15"
"C:\Users\Dionisio Lima\OneDrive\Área de Trabalho\SOUSA_2.0_PRODUCAO\node_modules\googleapis\build\src\apis\playcustomapp\index.js","1528","03/08/2026 12:27:05"
"C:\Users\Dionisio Lima\OneDrive\Área de Trabalho\SOUSA_2.0_PRODUCAO\node_modules\googleapis\build\src\apis\playcustomapp\v1.js","3610","03/08/2026 12:27:11"
"C:\Users\Dionisio Lima\OneDrive\Área de Trabalho\SOUSA_2.0_PRODUCAO\node_modules\googleapis\build\src\apis\playdeveloperreporting\index.js","1990","03/08/2026 12:27:05"
"C:\Users\Dionisio Lima\OneDrive\Área de Trabalho\SOUSA_2.0_PRODUCAO\node_modules\googleapis\build\src\apis\playdeveloperreporting\v1alpha1.js","32641","03/08/2026 12:27:12"
"C:\Users\Dionisio Lima\OneDrive\Área de Trabalho\SOUSA_2.0_PRODUCAO\node_modules\googleapis\build\src\apis\playdeveloperreporting\v1beta1.js","32598","03/08/2026 12:27:13"
"C:\Users\Dionisio Lima\OneDrive\Área de Trabalho\SOUSA_2.0_PRODUCAO\node_modules\googleapis\build\src\apis\playgrouping\index.js","1572","03/08/2026 12:27:05"
"C:\Users\Dionisio Lima\OneDrive\Área de Trabalho\SOUSA_2.0_PRODUCAO\node_modules\googleapis\build\src\apis\playgrouping\v1alpha1.js","5068","03/08/2026 12:27:12"
"C:\Users\Dionisio Lima\OneDrive\Área de Trabalho\SOUSA_2.0_PRODUCAO\node_modules\googleapis\build\src\apis\playintegrity\index.js","1528","03/08/2026 12:27:05"
"C:\Users\Dionisio Lima\OneDrive\Área de Trabalho\SOUSA_2.0_PRODUCAO\node_modules\googleapis\build\src\apis\playintegrity\v1.js","4920","03/08/2026 12:27:11"
"C:\Users\Dionisio Lima\OneDrive\Área de Trabalho\SOUSA_2.0_PRODUCAO\node_modules\googleapis\build\src\apis\plus\index.js","1438","03/08/2026 12:27:05"
"C:\Users\Dionisio Lima\OneDrive\Área de Trabalho\SOUSA_2.0_PRODUCAO\node_modules\googleapis\build\src\apis\plus\v1.js","13486","03/08/2026 12:27:11"
"C:\Users\Dionisio Lima\OneDrive\Área de Trabalho\SOUSA_2.0_PRODUCAO\node_modules\googleapis\build\src\apis\policyanalyzer\index.js","1816","03/08/2026 12:27:05"
"C:\Users\Dionisio Lima\OneDrive\Área de Trabalho\SOUSA_2.0_PRODUCAO\node_modules\googleapis\build\src\apis\policyanalyzer\v1.js","9326","03/08/2026 12:27:11"
"C:\Users\Dionisio Lima\OneDrive\Área de Trabalho\SOUSA_2.0_PRODUCAO\node_modules\googleapis\build\src\apis\policyanalyzer\v1beta1.js","9441","03/08/2026 12:27:13"
"C:\Users\Dionisio Lima\OneDrive\Área de Trabalho\SOUSA_2.0_PRODUCAO\node_modules\googleapis\build\src\apis\policysimulator\index.js","2388","03/08/2026 12:27:05"
"C:\Users\Dionisio Lima\OneDrive\Área de Trabalho\SOUSA_2.0_PRODUCAO\node_modules\googleapis\build\src\apis\policysimulator\v1.js","35044","03/08/2026 12:27:11"
"C:\Users\Dionisio Lima\OneDrive\Área de Trabalho\SOUSA_2.0_PRODUCAO\node_modules\googleapis\build\src\apis\policysimulator\v1alpha.js","22388","03/08/2026 12:27:12"
"C:\Users\Dionisio Lima\OneDrive\Área de Trabalho\SOUSA_2.0_PRODUCAO\node_modules\googleapis\build\src\apis\policysimulator\v1beta.js","22350","03/08/2026 12:27:12"
"C:\Users\Dionisio Lima\OneDrive\Área de Trabalho\SOUSA_2.0_PRODUCAO\node_modules\googleapis\build\src\apis\policysimulator\v1beta1.js","22388","03/08/2026 12:27:13"
"C:\Users\Dionisio Lima\OneDrive\Área de Trabalho\SOUSA_2.0_PRODUCAO\node_modules\googleapis\build\src\apis\policytroubleshooter\index.js","1897","03/08/2026 12:27:05"
"C:\Users\Dionisio Lima\OneDrive\Área de Trabalho\SOUSA_2.0_PRODUCAO\node_modules\googleapis\build\src\apis\policytroubleshooter\v1.js","3160","03/08/2026 12:27:11"
"C:\Users\Dionisio Lima\OneDrive\Área de Trabalho\SOUSA_2.0_PRODUCAO\node_modules\googleapis\build\src\apis\policytroubleshooter\v1beta.js","3200","03/08/2026 12:27:12"
"C:\Users\Dionisio Lima\OneDrive\Área de Trabalho\SOUSA_2.0_PRODUCAO\node_modules\googleapis\build\src\apis\pollen\index.js","1458","03/08/2026 12:27:05"
"C:\Users\Dionisio Lima\OneDrive\Área de Trabalho\SOUSA_2.0_PRODUCAO\node_modules\googleapis\build\src\apis\pollen\v1.js","4840","03/08/2026 12:27:11"
"C:\Users\Dionisio Lima\OneDrive\Área de Trabalho\SOUSA_2.0_PRODUCAO\node_modules\googleapis\build\src\apis\poly\index.js","1438","03/08/2026 12:27:05"
"C:\Users\Dionisio Lima\OneDrive\Área de Trabalho\SOUSA_2.0_PRODUCAO\node_modules\googleapis\build\src\apis\poly\v1.js","7515","03/08/2026 12:27:11"
"C:\Users\Dionisio Lima\OneDrive\Área de Trabalho\SOUSA_2.0_PRODUCAO\node_modules\googleapis\build\src\apis\privateca\index.js","1741","03/08/2026 12:27:05"
"C:\Users\Dionisio Lima\OneDrive\Área de Trabalho\SOUSA_2.0_PRODUCAO\node_modules\googleapis\build\src\apis\privateca\v1.js","60903","03/08/2026 12:27:11"
"C:\Users\Dionisio Lima\OneDrive\Área de Trabalho\SOUSA_2.0_PRODUCAO\node_modules\googleapis\build\src\apis\privateca\v1beta1.js","23292","03/08/2026 12:27:13"
"C:\Users\Dionisio Lima\OneDrive\Área de Trabalho\SOUSA_2.0_PRODUCAO\node_modules\googleapis\build\src\apis\prod_tt_sasportal\index.js","1622","03/08/2026 12:27:05"
"C:\Users\Dionisio Lima\OneDrive\Área de Trabalho\SOUSA_2.0_PRODUCAO\node_modules\googleapis\build\src\apis\prod_tt_sasportal\v1alpha1.js","111776","03/08/2026 12:27:12"
"C:\Users\Dionisio Lima\OneDrive\Área de Trabalho\SOUSA_2.0_PRODUCAO\node_modules\googleapis\build\src\apis\publicca\index.js","1983","03/08/2026 12:27:05"
"C:\Users\Dionisio Lima\OneDrive\Área de Trabalho\SOUSA_2.0_PRODUCAO\node_modules\googleapis\build\src\apis\publicca\v1.js","3925","03/08/2026 12:27:11"
"C:\Users\Dionisio Lima\OneDrive\Área de Trabalho\SOUSA_2.0_PRODUCAO\node_modules\googleapis\build\src\apis\publicca\v1alpha1.js","3997","03/08/2026 12:27:12"
"C:\Users\Dionisio Lima\OneDrive\Área de Trabalho\SOUSA_2.0_PRODUCAO\node_modules\googleapis\build\src\apis\publicca\v1beta1.js","3985","03/08/2026 12:27:13"
"C:\Users\Dionisio Lima\OneDrive\Área de Trabalho\SOUSA_2.0_PRODUCAO\node_modules\googleapis\build\src\apis\pubsub\index.js","1943","03/08/2026 12:27:05"
"C:\Users\Dionisio Lima\OneDrive\Área de Trabalho\SOUSA_2.0_PRODUCAO\node_modules\googleapis\build\src\apis\pubsub\v1.js","61950","03/08/2026 12:27:11"
"C:\Users\Dionisio Lima\OneDrive\Área de Trabalho\SOUSA_2.0_PRODUCAO\node_modules\googleapis\build\src\apis\pubsub\v1beta1a.js","20983","03/08/2026 12:27:13"
"C:\Users\Dionisio Lima\OneDrive\Área de Trabalho\SOUSA_2.0_PRODUCAO\node_modules\googleapis\build\src\apis\pubsub\v1beta2.js","28339","03/08/2026 12:27:13"
"C:\Users\Dionisio Lima\OneDrive\Área de Trabalho\SOUSA_2.0_PRODUCAO\node_modules\googleapis\build\src\apis\pubsublite\index.js","1498","03/08/2026 12:27:05"
"C:\Users\Dionisio Lima\OneDrive\Área de Trabalho\SOUSA_2.0_PRODUCAO\node_modules\googleapis\build\src\apis\pubsublite\v1.js","43237","03/08/2026 12:27:11"
"C:\Users\Dionisio Lima\OneDrive\Área de Trabalho\SOUSA_2.0_PRODUCAO\node_modules\googleapis\build\src\apis\rapidmigrationassessment\index.js","1638","03/08/2026 12:27:05"
"C:\Users\Dionisio Lima\OneDrive\Área de Trabalho\SOUSA_2.0_PRODUCAO\node_modules\googleapis\build\src\apis\rapidmigrationassessment\v1.js","23744","03/08/2026 12:27:11"
"C:\Users\Dionisio Lima\OneDrive\Área de Trabalho\SOUSA_2.0_PRODUCAO\node_modules\googleapis\build\src\apis\readerrevenuesubscriptionlinking\index.js","1718","03/08/2026 12:27:05"
"C:\Users\Dionisio Lima\OneDrive\Área de Trabalho\SOUSA_2.0_PRODUCAO\node_modules\googleapis\build\src\apis\readerrevenuesubscriptionlinking\v1.js","7665","03/08/2026 12:27:11"
"C:\Users\Dionisio Lima\OneDrive\Área de Trabalho\SOUSA_2.0_PRODUCAO\node_modules\googleapis\build\src\apis\realtimebidding\index.js","1831","03/08/2026 12:27:05"
"C:\Users\Dionisio Lima\OneDrive\Área de Trabalho\SOUSA_2.0_PRODUCAO\node_modules\googleapis\build\src\apis\realtimebidding\v1.js","52750","03/08/2026 12:27:11"
"C:\Users\Dionisio Lima\OneDrive\Área de Trabalho\SOUSA_2.0_PRODUCAO\node_modules\googleapis\build\src\apis\realtimebidding\v1alpha.js","7615","03/08/2026 12:27:12"
"C:\Users\Dionisio Lima\OneDrive\Área de Trabalho\SOUSA_2.0_PRODUCAO\node_modules\googleapis\build\src\apis\recaptchaenterprise\index.js","1588","03/08/2026 12:27:05"
"C:\Users\Dionisio Lima\OneDrive\Área de Trabalho\SOUSA_2.0_PRODUCAO\node_modules\googleapis\build\src\apis\recaptchaenterprise\v1.js","32152","03/08/2026 12:27:11"
"C:\Users\Dionisio Lima\OneDrive\Área de Trabalho\SOUSA_2.0_PRODUCAO\node_modules\googleapis\build\src\apis\recommendationengine\index.js","1643","03/08/2026 12:27:05"
"C:\Users\Dionisio Lima\OneDrive\Área de Trabalho\SOUSA_2.0_PRODUCAO\node_modules\googleapis\build\src\apis\recommendationengine\v1beta1.js","34610","03/08/2026 12:27:13"
"C:\Users\Dionisio Lima\OneDrive\Área de Trabalho\SOUSA_2.0_PRODUCAO\node_modules\googleapis\build\src\apis\recommender\index.js","1771","03/08/2026 12:27:05"
"C:\Users\Dionisio Lima\OneDrive\Área de Trabalho\SOUSA_2.0_PRODUCAO\node_modules\googleapis\build\src\apis\recommender\v1.js","71373","03/08/2026 12:27:11"
"C:\Users\Dionisio Lima\OneDrive\Área de Trabalho\SOUSA_2.0_PRODUCAO\node_modules\googleapis\build\src\apis\recommender\v1beta1.js","79857","03/08/2026 12:27:13"
"C:\Users\Dionisio Lima\OneDrive\Área de Trabalho\SOUSA_2.0_PRODUCAO\node_modules\googleapis\build\src\apis\redis\index.js","1681","03/08/2026 12:27:05"
"C:\Users\Dionisio Lima\OneDrive\Área de Trabalho\SOUSA_2.0_PRODUCAO\node_modules\googleapis\build\src\apis\redis\v1.js","42894","03/08/2026 12:27:11"
"C:\Users\Dionisio Lima\OneDrive\Área de Trabalho\SOUSA_2.0_PRODUCAO\node_modules\googleapis\build\src\apis\redis\v1beta1.js","43124","03/08/2026 12:27:13"
"C:\Users\Dionisio Lima\OneDrive\Área de Trabalho\SOUSA_2.0_PRODUCAO\node_modules\googleapis\build\src\apis\remotebuildexecution\index.js","2169","03/08/2026 12:27:05"
"C:\Users\Dionisio Lima\OneDrive\Área de Trabalho\SOUSA_2.0_PRODUCAO\node_modules\googleapis\build\src\apis\remotebuildexecution\v1.js","10316","03/08/2026 12:27:11"
"C:\Users\Dionisio Lima\OneDrive\Área de Trabalho\SOUSA_2.0_PRODUCAO\node_modules\googleapis\build\src\apis\remotebuildexecution\v1alpha.js","16704","03/08/2026 12:27:12"
"C:\Users\Dionisio Lima\OneDrive\Área de Trabalho\SOUSA_2.0_PRODUCAO\node_modules\googleapis\build\src\apis\remotebuildexecution\v2.js","14555","03/08/2026 12:27:14"
"C:\Users\Dionisio Lima\OneDrive\Área de Trabalho\SOUSA_2.0_PRODUCAO\node_modules\googleapis\build\src\apis\reseller\index.js","1478","03/08/2026 12:27:05"
"C:\Users\Dionisio Lima\OneDrive\Área de Trabalho\SOUSA_2.0_PRODUCAO\node_modules\googleapis\build\src\apis\reseller\v1.js","25096","03/08/2026 12:27:11"
"C:\Users\Dionisio Lima\OneDrive\Área de Trabalho\SOUSA_2.0_PRODUCAO\node_modules\googleapis\build\src\apis\resourcesettings\index.js","1558","03/08/2026 12:27:05"
"C:\Users\Dionisio Lima\OneDrive\Área de Trabalho\SOUSA_2.0_PRODUCAO\node_modules\googleapis\build\src\apis\resourcesettings\v1.js","14753","03/08/2026 12:27:11"
"C:\Users\Dionisio Lima\OneDrive\Área de Trabalho\SOUSA_2.0_PRODUCAO\node_modules\googleapis\build\src\apis\retail\index.js","1925","03/08/2026 12:27:05"
"C:\Users\Dionisio Lima\OneDrive\Área de Trabalho\SOUSA_2.0_PRODUCAO\node_modules\googleapis\build\src\apis\retail\v2.js","94235","03/08/2026 12:27:14"
"C:\Users\Dionisio Lima\OneDrive\Área de Trabalho\SOUSA_2.0_PRODUCAO\node_modules\googleapis\build\src\apis\retail\v2alpha.js","120762","03/08/2026 12:27:14"
"C:\Users\Dionisio Lima\OneDrive\Área de Trabalho\SOUSA_2.0_PRODUCAO\node_modules\googleapis\build\src\apis\retail\v2beta.js","101108","03/08/2026 12:27:14"
"C:\Users\Dionisio Lima\OneDrive\Área de Trabalho\SOUSA_2.0_PRODUCAO\node_modules\googleapis\build\src\apis\run\index.js","2061","03/08/2026 12:27:05"
"C:\Users\Dionisio Lima\OneDrive\Área de Trabalho\SOUSA_2.0_PRODUCAO\node_modules\googleapis\build\src\apis\run\v1.js","81487","03/08/2026 12:27:11"
"C:\Users\Dionisio Lima\OneDrive\Área de Trabalho\SOUSA_2.0_PRODUCAO\node_modules\googleapis\build\src\apis\run\v1alpha1.js","7287","03/08/2026 12:27:12"
"C:\Users\Dionisio Lima\OneDrive\Área de Trabalho\SOUSA_2.0_PRODUCAO\node_modules\googleapis\build\src\apis\run\v1beta1.js","8531","03/08/2026 12:27:13"
"C:\Users\Dionisio Lima\OneDrive\Área de Trabalho\SOUSA_2.0_PRODUCAO\node_modules\googleapis\build\src\apis\run\v2.js","63410","03/08/2026 12:27:14"
"C:\Users\Dionisio Lima\OneDrive\Área de Trabalho\SOUSA_2.0_PRODUCAO\node_modules\googleapis\build\src\apis\runtimeconfig\index.js","1801","03/08/2026 12:27:05"
"C:\Users\Dionisio Lima\OneDrive\Área de Trabalho\SOUSA_2.0_PRODUCAO\node_modules\googleapis\build\src\apis\runtimeconfig\v1.js","5863","03/08/2026 12:27:11"
"C:\Users\Dionisio Lima\OneDrive\Área de Trabalho\SOUSA_2.0_PRODUCAO\node_modules\googleapis\build\src\apis\runtimeconfig\v1beta1.js","31464","03/08/2026 12:27:13"
"C:\Users\Dionisio Lima\OneDrive\Área de Trabalho\SOUSA_2.0_PRODUCAO\node_modules\googleapis\build\src\apis\safebrowsing\index.js","1741","03/08/2026 12:27:05"
"C:\Users\Dionisio Lima\OneDrive\Área de Trabalho\SOUSA_2.0_PRODUCAO\node_modules\googleapis\build\src\apis\safebrowsing\v4.js","12588","03/08/2026 12:27:15"
"C:\Users\Dionisio Lima\OneDrive\Área de Trabalho\SOUSA_2.0_PRODUCAO\node_modules\googleapis\build\src\apis\safebrowsing\v5.js","3398","03/08/2026 12:27:15"
"C:\Users\Dionisio Lima\OneDrive\Área de Trabalho\SOUSA_2.0_PRODUCAO\node_modules\googleapis\build\src\apis\sasportal\index.js","1542","03/08/2026 12:27:05"
"C:\Users\Dionisio Lima\OneDrive\Área de Trabalho\SOUSA_2.0_PRODUCAO\node_modules\googleapis\build\src\apis\sasportal\v1alpha1.js","110854","03/08/2026 12:27:12"
"C:\Users\Dionisio Lima\OneDrive\Área de Trabalho\SOUSA_2.0_PRODUCAO\node_modules\googleapis\build\src\apis\script\index.js","1458","03/08/2026 12:27:05"
"C:\Users\Dionisio Lima\OneDrive\Área de Trabalho\SOUSA_2.0_PRODUCAO\node_modules\googleapis\build\src\apis\script\v1.js","23279","03/08/2026 12:27:11"
"C:\Users\Dionisio Lima\OneDrive\Área de Trabalho\SOUSA_2.0_PRODUCAO\node_modules\googleapis\build\src\apis\searchads360\index.js","1518","03/08/2026 12:27:05"
"C:\Users\Dionisio Lima\OneDrive\Área de Trabalho\SOUSA_2.0_PRODUCAO\node_modules\googleapis\build\src\apis\searchads360\v0.js","10512","03/08/2026 12:27:07"
"C:\Users\Dionisio Lima\OneDrive\Área de Trabalho\SOUSA_2.0_PRODUCAO\node_modules\googleapis\build\src\apis\searchconsole\index.js","1528","03/08/2026 12:27:05"
"C:\Users\Dionisio Lima\OneDrive\Área de Trabalho\SOUSA_2.0_PRODUCAO\node_modules\googleapis\build\src\apis\searchconsole\v1.js","17704","03/08/2026 12:27:11"
"C:\Users\Dionisio Lima\OneDrive\Área de Trabalho\SOUSA_2.0_PRODUCAO\node_modules\googleapis\build\src\apis\secretmanager\index.js","2074","03/08/2026 12:27:05"
"C:\Users\Dionisio Lima\OneDrive\Área de Trabalho\SOUSA_2.0_PRODUCAO\node_modules\googleapis\build\src\apis\secretmanager\v1.js","44131","03/08/2026 12:27:11"
"C:\Users\Dionisio Lima\OneDrive\Área de Trabalho\SOUSA_2.0_PRODUCAO\node_modules\googleapis\build\src\apis\secretmanager\v1beta1.js","24494","03/08/2026 12:27:13"
"C:\Users\Dionisio Lima\OneDrive\Área de Trabalho\SOUSA_2.0_PRODUCAO\node_modules\googleapis\build\src\apis\secretmanager\v1beta2.js","44361","03/08/2026 12:27:13"
"C:\Users\Dionisio Lima\OneDrive\Área de Trabalho\SOUSA_2.0_PRODUCAO\node_modules\googleapis\build\src\apis\securitycenter\index.js","2695","03/08/2026 12:27:05"
"C:\Users\Dionisio Lima\OneDrive\Área de Trabalho\SOUSA_2.0_PRODUCAO\node_modules\googleapis\build\src\apis\securitycenter\v1.js","243546","03/08/2026 12:27:11"
"C:\Users\Dionisio Lima\OneDrive\Área de Trabalho\SOUSA_2.0_PRODUCAO\node_modules\googleapis\build\src\apis\securitycenter\v1beta1.js","32622","03/08/2026 12:27:13"
"C:\Users\Dionisio Lima\OneDrive\Área de Trabalho\SOUSA_2.0_PRODUCAO\node_modules\googleapis\build\src\apis\securitycenter\v1beta2.js","90610","03/08/2026 12:27:13"
"C:\Users\Dionisio Lima\OneDrive\Área de Trabalho\SOUSA_2.0_PRODUCAO\node_modules\googleapis\build\src\apis\securitycenter\v1p1alpha1.js","7509","03/08/2026 12:27:14"
"C:\Users\Dionisio Lima\OneDrive\Área de Trabalho\SOUSA_2.0_PRODUCAO\node_modules\googleapis\build\src\apis\securitycenter\v1p1beta1.js","38601","03/08/2026 12:27:14"
"C:\Users\Dionisio Lima\OneDrive\Área de Trabalho\SOUSA_2.0_PRODUCAO\node_modules\googleapis\build\src\apis\securityposture\index.js","1548","03/08/2026 12:27:05"
"C:\Users\Dionisio Lima\OneDrive\Área de Trabalho\SOUSA_2.0_PRODUCAO\node_modules\googleapis\build\src\apis\securityposture\v1.js","34140","03/08/2026 12:27:11"
"C:\Users\Dionisio Lima\OneDrive\Área de Trabalho\SOUSA_2.0_PRODUCAO\node_modules\googleapis\build\src\apis\serviceconsumermanagement\index.js","1981","03/08/2026 12:27:06"
"C:\Users\Dionisio Lima\OneDrive\Área de Trabalho\SOUSA_2.0_PRODUCAO\node_modules\googleapis\build\src\apis\serviceconsumermanagement\v1.js","20534","03/08/2026 12:27:11"
"C:\Users\Dionisio Lima\OneDrive\Área de Trabalho\SOUSA_2.0_PRODUCAO\node_modules\googleapis\build\src\apis\serviceconsumermanagement\v1beta1.js","22359","03/08/2026 12:27:13"
"C:\Users\Dionisio Lima\OneDrive\Área de Trabalho\SOUSA_2.0_PRODUCAO\node_modules\googleapis\build\src\apis\servicecontrol\index.js","1771","03/08/2026 12:27:06"
"C:\Users\Dionisio Lima\OneDrive\Área de Trabalho\SOUSA_2.0_PRODUCAO\node_modules\googleapis\build\src\apis\servicecontrol\v1.js","5814","03/08/2026 12:27:11"
"C:\Users\Dionisio Lima\OneDrive\Área de Trabalho\SOUSA_2.0_PRODUCAO\node_modules\googleapis\build\src\apis\servicecontrol\v2.js","4507","03/08/2026 12:27:14"
"C:\Users\Dionisio Lima\OneDrive\Área de Trabalho\SOUSA_2.0_PRODUCAO\node_modules\googleapis\build\src\apis\servicedirectory\index.js","1846","03/08/2026 12:27:06"
"C:\Users\Dionisio Lima\OneDrive\Área de Trabalho\SOUSA_2.0_PRODUCAO\node_modules\googleapis\build\src\apis\servicedirectory\v1.js","34212","03/08/2026 12:27:11"
"C:\Users\Dionisio Lima\OneDrive\Área de Trabalho\SOUSA_2.0_PRODUCAO\node_modules\googleapis\build\src\apis\servicedirectory\v1beta1.js","38725","03/08/2026 12:27:13"
"C:\Users\Dionisio Lima\OneDrive\Área de Trabalho\SOUSA_2.0_PRODUCAO\node_modules\googleapis\build\src\apis\servicemanagement\index.js","1568","03/08/2026 12:27:06"
"C:\Users\Dionisio Lima\OneDrive\Área de Trabalho\SOUSA_2.0_PRODUCAO\node_modules\googleapis\build\src\apis\servicemanagement\v1.js","31422","03/08/2026 12:27:11"
"C:\Users\Dionisio Lima\OneDrive\Área de Trabalho\SOUSA_2.0_PRODUCAO\node_modules\googleapis\build\src\apis\servicenetworking\index.js","1852","03/08/2026 12:27:06"
"C:\Users\Dionisio Lima\OneDrive\Área de Trabalho\SOUSA_2.0_PRODUCAO\node_modules\googleapis\build\src\apis\servicenetworking\v1.js","42265","03/08/2026 12:27:11"
"C:\Users\Dionisio Lima\OneDrive\Área de Trabalho\SOUSA_2.0_PRODUCAO\node_modules\googleapis\build\src\apis\servicenetworking\v1beta.js","10241","03/08/2026 12:27:12"
"C:\Users\Dionisio Lima\OneDrive\Área de Trabalho\SOUSA_2.0_PRODUCAO\node_modules\googleapis\build\src\apis\serviceusage\index.js","1786","03/08/2026 12:27:06"
"C:\Users\Dionisio Lima\OneDrive\Área de Trabalho\SOUSA_2.0_PRODUCAO\node_modules\googleapis\build\src\apis\serviceusage\v1.js","14776","03/08/2026 12:27:11"
"C:\Users\Dionisio Lima\OneDrive\Área de Trabalho\SOUSA_2.0_PRODUCAO\node_modules\googleapis\build\src\apis\serviceusage\v1beta1.js","30808","03/08/2026 12:27:13"
"C:\Users\Dionisio Lima\OneDrive\Área de Trabalho\SOUSA_2.0_PRODUCAO\node_modules\googleapis\build\src\apis\sheets\index.js","1458","03/08/2026 12:27:06"
"C:\Users\Dionisio Lima\OneDrive\Área de Trabalho\SOUSA_2.0_PRODUCAO\node_modules\googleapis\build\src\apis\sheets\v4.js","25191","03/08/2026 12:27:15"
"C:\Users\Dionisio Lima\OneDrive\Área de Trabalho\SOUSA_2.0_PRODUCAO\node_modules\googleapis\build\src\apis\siteVerification\index.js","1558","03/08/2026 12:27:06"
"C:\Users\Dionisio Lima\OneDrive\Área de Trabalho\SOUSA_2.0_PRODUCAO\node_modules\googleapis\build\src\apis\siteVerification\v1.js","10771","03/08/2026 12:27:11"
"C:\Users\Dionisio Lima\OneDrive\Área de Trabalho\SOUSA_2.0_PRODUCAO\node_modules\googleapis\build\src\apis\slides\index.js","1458","03/08/2026 12:27:06"
"C:\Users\Dionisio Lima\OneDrive\Área de Trabalho\SOUSA_2.0_PRODUCAO\node_modules\googleapis\build\src\apis\slides\v1.js","8678","03/08/2026 12:27:11"
"C:\Users\Dionisio Lima\OneDrive\Área de Trabalho\SOUSA_2.0_PRODUCAO\node_modules\googleapis\build\src\apis\smartdevicemanagement\index.js","1608","03/08/2026 12:27:06"
"C:\Users\Dionisio Lima\OneDrive\Área de Trabalho\SOUSA_2.0_PRODUCAO\node_modules\googleapis\build\src\apis\smartdevicemanagement\v1.js","11880","03/08/2026 12:27:11"
"C:\Users\Dionisio Lima\OneDrive\Área de Trabalho\SOUSA_2.0_PRODUCAO\node_modules\googleapis\build\src\apis\solar\index.js","1448","03/08/2026 12:27:06"
"C:\Users\Dionisio Lima\OneDrive\Área de Trabalho\SOUSA_2.0_PRODUCAO\node_modules\googleapis\build\src\apis\solar\v1.js","5944","03/08/2026 12:27:11"
"C:\Users\Dionisio Lima\OneDrive\Área de Trabalho\SOUSA_2.0_PRODUCAO\node_modules\googleapis\build\src\apis\sourcerepo\index.js","1498","03/08/2026 12:27:06"
"C:\Users\Dionisio Lima\OneDrive\Área de Trabalho\SOUSA_2.0_PRODUCAO\node_modules\googleapis\build\src\apis\sourcerepo\v1.js","16440","03/08/2026 12:27:11"
"C:\Users\Dionisio Lima\OneDrive\Área de Trabalho\SOUSA_2.0_PRODUCAO\node_modules\googleapis\build\src\apis\spanner\index.js","1468","03/08/2026 12:27:06"
"C:\Users\Dionisio Lima\OneDrive\Área de Trabalho\SOUSA_2.0_PRODUCAO\node_modules\googleapis\build\src\apis\spanner\v1.js","135110","03/08/2026 12:27:11"
"C:\Users\Dionisio Lima\OneDrive\Área de Trabalho\SOUSA_2.0_PRODUCAO\node_modules\googleapis\build\src\apis\speech\index.js","1952","03/08/2026 12:27:06"
"C:\Users\Dionisio Lima\OneDrive\Área de Trabalho\SOUSA_2.0_PRODUCAO\node_modules\googleapis\build\src\apis\speech\v1.js","20721","03/08/2026 12:27:11"
"C:\Users\Dionisio Lima\OneDrive\Área de Trabalho\SOUSA_2.0_PRODUCAO\node_modules\googleapis\build\src\apis\speech\v1p1beta1.js","20917","03/08/2026 12:27:14"
"C:\Users\Dionisio Lima\OneDrive\Área de Trabalho\SOUSA_2.0_PRODUCAO\node_modules\googleapis\build\src\apis\speech\v2beta1.js","4903","03/08/2026 12:27:15"
"C:\Users\Dionisio Lima\OneDrive\Área de Trabalho\SOUSA_2.0_PRODUCAO\node_modules\googleapis\build\src\apis\sql\index.js","1473","03/08/2026 12:27:06"
"C:\Users\Dionisio Lima\OneDrive\Área de Trabalho\SOUSA_2.0_PRODUCAO\node_modules\googleapis\build\src\apis\sql\v1beta4.js","65548","03/08/2026 12:27:13"
"C:\Users\Dionisio Lima\OneDrive\Área de Trabalho\SOUSA_2.0_PRODUCAO\node_modules\googleapis\build\src\apis\sqladmin\index.js","1726","03/08/2026 12:27:06"
"C:\Users\Dionisio Lima\OneDrive\Área de Trabalho\SOUSA_2.0_PRODUCAO\node_modules\googleapis\build\src\apis\sqladmin\v1.js","94738","03/08/2026 12:27:11"
"C:\Users\Dionisio Lima\OneDrive\Área de Trabalho\SOUSA_2.0_PRODUCAO\node_modules\googleapis\build\src\apis\sqladmin\v1beta4.js","95906","03/08/2026 12:27:13"
"C:\Users\Dionisio Lima\OneDrive\Área de Trabalho\SOUSA_2.0_PRODUCAO\node_modules\googleapis\build\src\apis\storage\index.js","1711","03/08/2026 12:27:06"
"C:\Users\Dionisio Lima\OneDrive\Área de Trabalho\SOUSA_2.0_PRODUCAO\node_modules\googleapis\build\src\apis\storage\v1.js","111629","03/08/2026 12:27:11"
"C:\Users\Dionisio Lima\OneDrive\Área de Trabalho\SOUSA_2.0_PRODUCAO\node_modules\googleapis\build\src\apis\storage\v1beta2.js","46567","03/08/2026 12:27:13"
"C:\Users\Dionisio Lima\OneDrive\Área de Trabalho\SOUSA_2.0_PRODUCAO\node_modules\googleapis\build\src\apis\storagetransfer\index.js","1548","03/08/2026 12:27:06"
"C:\Users\Dionisio Lima\OneDrive\Área de Trabalho\SOUSA_2.0_PRODUCAO\node_modules\googleapis\build\src\apis\storagetransfer\v1.js","24647","03/08/2026 12:27:11"
"C:\Users\Dionisio Lima\OneDrive\Área de Trabalho\SOUSA_2.0_PRODUCAO\node_modules\googleapis\build\src\apis\streetviewpublish\index.js","1568","03/08/2026 12:27:06"
"C:\Users\Dionisio Lima\OneDrive\Área de Trabalho\SOUSA_2.0_PRODUCAO\node_modules\googleapis\build\src\apis\streetviewpublish\v1.js","20457","03/08/2026 12:27:11"
"C:\Users\Dionisio Lima\OneDrive\Área de Trabalho\SOUSA_2.0_PRODUCAO\node_modules\googleapis\build\src\apis\sts\index.js","1642","03/08/2026 12:27:06"
"C:\Users\Dionisio Lima\OneDrive\Área de Trabalho\SOUSA_2.0_PRODUCAO\node_modules\googleapis\build\src\apis\sts\v1.js","3029","03/08/2026 12:27:11"
"C:\Users\Dionisio Lima\OneDrive\Área de Trabalho\SOUSA_2.0_PRODUCAO\node_modules\googleapis\build\src\apis\sts\v1beta.js","3089","03/08/2026 12:27:12"
"C:\Users\Dionisio Lima\OneDrive\Área de Trabalho\SOUSA_2.0_PRODUCAO\node_modules\googleapis\build\src\apis\tagmanager\index.js","1711","03/08/2026 12:27:06"
"C:\Users\Dionisio Lima\OneDrive\Área de Trabalho\SOUSA_2.0_PRODUCAO\node_modules\googleapis\build\src\apis\tagmanager\v1.js","73220","03/08/2026 12:27:11"
"C:\Users\Dionisio Lima\OneDrive\Área de Trabalho\SOUSA_2.0_PRODUCAO\node_modules\googleapis\build\src\apis\tagmanager\v2.js","142573","03/08/2026 12:27:14"
"C:\Users\Dionisio Lima\OneDrive\Área de Trabalho\SOUSA_2.0_PRODUCAO\node_modules\googleapis\build\src\apis\tasks\index.js","1448","03/08/2026 12:27:06"
"C:\Users\Dionisio Lima\OneDrive\Área de Trabalho\SOUSA_2.0_PRODUCAO\node_modules\googleapis\build\src\apis\tasks\v1.js","19736","03/08/2026 12:27:11"
"C:\Users\Dionisio Lima\OneDrive\Área de Trabalho\SOUSA_2.0_PRODUCAO\node_modules\googleapis\build\src\apis\testing\index.js","1468","03/08/2026 12:27:07"
"C:\Users\Dionisio Lima\OneDrive\Área de Trabalho\SOUSA_2.0_PRODUCAO\node_modules\googleapis\build\src\apis\testing\v1.js","15903","03/08/2026 12:27:11"
"C:\Users\Dionisio Lima\OneDrive\Área de Trabalho\SOUSA_2.0_PRODUCAO\node_modules\googleapis\build\src\apis\texttospeech\index.js","1786","03/08/2026 12:27:07"
"C:\Users\Dionisio Lima\OneDrive\Área de Trabalho\SOUSA_2.0_PRODUCAO\node_modules\googleapis\build\src\apis\texttospeech\v1.js","11991","03/08/2026 12:27:11"
"C:\Users\Dionisio Lima\OneDrive\Área de Trabalho\SOUSA_2.0_PRODUCAO\node_modules\googleapis\build\src\apis\texttospeech\v1beta1.js","9315","03/08/2026 12:27:13"
"C:\Users\Dionisio Lima\OneDrive\Área de Trabalho\SOUSA_2.0_PRODUCAO\node_modules\googleapis\build\src\apis\toolresults\index.js","1553","03/08/2026 12:27:07"
"C:\Users\Dionisio Lima\OneDrive\Área de Trabalho\SOUSA_2.0_PRODUCAO\node_modules\googleapis\build\src\apis\toolresults\v1beta3.js","48725","03/08/2026 12:27:13"
"C:\Users\Dionisio Lima\OneDrive\Área de Trabalho\SOUSA_2.0_PRODUCAO\node_modules\googleapis\build\src\apis\tpu\index.js","2070","03/08/2026 12:27:07"
"C:\Users\Dionisio Lima\OneDrive\Área de Trabalho\SOUSA_2.0_PRODUCAO\node_modules\googleapis\build\src\apis\tpu\v1.js","24661","03/08/2026 12:27:11"
"C:\Users\Dionisio Lima\OneDrive\Área de Trabalho\SOUSA_2.0_PRODUCAO\node_modules\googleapis\build\src\apis\tpu\v1alpha1.js","24847","03/08/2026 12:27:12"
"C:\Users\Dionisio Lima\OneDrive\Área de Trabalho\SOUSA_2.0_PRODUCAO\node_modules\googleapis\build\src\apis\tpu\v2.js","33841","03/08/2026 12:27:14"
"C:\Users\Dionisio Lima\OneDrive\Área de Trabalho\SOUSA_2.0_PRODUCAO\node_modules\googleapis\build\src\apis\tpu\v2alpha1.js","39622","03/08/2026 12:27:14"
"C:\Users\Dionisio Lima\OneDrive\Área de Trabalho\SOUSA_2.0_PRODUCAO\node_modules\googleapis\build\src\apis\trafficdirector\index.js","1786","03/08/2026 12:27:07"
"C:\Users\Dionisio Lima\OneDrive\Área de Trabalho\SOUSA_2.0_PRODUCAO\node_modules\googleapis\build\src\apis\trafficdirector\v2.js","3139","03/08/2026 12:27:14"
"C:\Users\Dionisio Lima\OneDrive\Área de Trabalho\SOUSA_2.0_PRODUCAO\node_modules\googleapis\build\src\apis\trafficdirector\v3.js","3139","03/08/2026 12:27:15"
"C:\Users\Dionisio Lima\OneDrive\Área de Trabalho\SOUSA_2.0_PRODUCAO\node_modules\googleapis\build\src\apis\transcoder\index.js","1756","03/08/2026 12:27:07"
"C:\Users\Dionisio Lima\OneDrive\Área de Trabalho\SOUSA_2.0_PRODUCAO\node_modules\googleapis\build\src\apis\transcoder\v1.js","12900","03/08/2026 12:27:11"
"C:\Users\Dionisio Lima\OneDrive\Área de Trabalho\SOUSA_2.0_PRODUCAO\node_modules\googleapis\build\src\apis\transcoder\v1beta1.js","12715","03/08/2026 12:27:13"
"C:\Users\Dionisio Lima\OneDrive\Área de Trabalho\SOUSA_2.0_PRODUCAO\node_modules\googleapis\build\src\apis\translate\index.js","1949","03/08/2026 12:27:07"
"C:\Users\Dionisio Lima\OneDrive\Área de Trabalho\SOUSA_2.0_PRODUCAO\node_modules\googleapis\build\src\apis\translate\v2.js","8686","03/08/2026 12:27:14"
"C:\Users\Dionisio Lima\OneDrive\Área de Trabalho\SOUSA_2.0_PRODUCAO\node_modules\googleapis\build\src\apis\translate\v3.js","69695","03/08/2026 12:27:15"
"C:\Users\Dionisio Lima\OneDrive\Área de Trabalho\SOUSA_2.0_PRODUCAO\node_modules\googleapis\build\src\apis\translate\v3beta1.js","28380","03/08/2026 12:27:15"
"C:\Users\Dionisio Lima\OneDrive\Área de Trabalho\SOUSA_2.0_PRODUCAO\node_modules\googleapis\build\src\apis\travelimpactmodel\index.js","1568","03/08/2026 12:27:07"
"C:\Users\Dionisio Lima\OneDrive\Área de Trabalho\SOUSA_2.0_PRODUCAO\node_modules\googleapis\build\src\apis\travelimpactmodel\v1.js","3249","03/08/2026 12:27:11"
"C:\Users\Dionisio Lima\OneDrive\Área de Trabalho\SOUSA_2.0_PRODUCAO\node_modules\googleapis\build\src\apis\vault\index.js","1448","03/08/2026 12:27:07"
"C:\Users\Dionisio Lima\OneDrive\Área de Trabalho\SOUSA_2.0_PRODUCAO\node_modules\googleapis\build\src\apis\vault\v1.js","45768","03/08/2026 12:27:11"
"C:\Users\Dionisio Lima\OneDrive\Área de Trabalho\SOUSA_2.0_PRODUCAO\node_modules\googleapis\build\src\apis\vectortile\index.js","1498","03/08/2026 12:27:07"
"C:\Users\Dionisio Lima\OneDrive\Área de Trabalho\SOUSA_2.0_PRODUCAO\node_modules\googleapis\build\src\apis\vectortile\v1.js","4572","03/08/2026 12:27:11"
"C:\Users\Dionisio Lima\OneDrive\Área de Trabalho\SOUSA_2.0_PRODUCAO\node_modules\googleapis\build\src\apis\verifiedaccess\index.js","1771","03/08/2026 12:27:07"
"C:\Users\Dionisio Lima\OneDrive\Área de Trabalho\SOUSA_2.0_PRODUCAO\node_modules\googleapis\build\src\apis\verifiedaccess\v1.js","4463","03/08/2026 12:27:11"
"C:\Users\Dionisio Lima\OneDrive\Área de Trabalho\SOUSA_2.0_PRODUCAO\node_modules\googleapis\build\src\apis\verifiedaccess\v2.js","4490","03/08/2026 12:27:14"
"C:\Users\Dionisio Lima\OneDrive\Área de Trabalho\SOUSA_2.0_PRODUCAO\node_modules\googleapis\build\src\apis\versionhistory\index.js","1538","03/08/2026 12:27:07"
"C:\Users\Dionisio Lima\OneDrive\Área de Trabalho\SOUSA_2.0_PRODUCAO\node_modules\googleapis\build\src\apis\versionhistory\v1.js","7923","03/08/2026 12:27:11"
"C:\Users\Dionisio Lima\OneDrive\Área de Trabalho\SOUSA_2.0_PRODUCAO\node_modules\googleapis\build\src\apis\videointelligence\index.js","2794","03/08/2026 12:27:07"
"C:\Users\Dionisio Lima\OneDrive\Área de Trabalho\SOUSA_2.0_PRODUCAO\node_modules\googleapis\build\src\apis\videointelligence\v1.js","14342","03/08/2026 12:27:11"
"C:\Users\Dionisio Lima\OneDrive\Área de Trabalho\SOUSA_2.0_PRODUCAO\node_modules\googleapis\build\src\apis\videointelligence\v1beta2.js","3371","03/08/2026 12:27:13"
"C:\Users\Dionisio Lima\OneDrive\Área de Trabalho\SOUSA_2.0_PRODUCAO\node_modules\googleapis\build\src\apis\videointelligence\v1p1beta1.js","3391","03/08/2026 12:27:14"
"C:\Users\Dionisio Lima\OneDrive\Área de Trabalho\SOUSA_2.0_PRODUCAO\node_modules\googleapis\build\src\apis\videointelligence\v1p2beta1.js","3391","03/08/2026 12:27:14"
"C:\Users\Dionisio Lima\OneDrive\Área de Trabalho\SOUSA_2.0_PRODUCAO\node_modules\googleapis\build\src\apis\videointelligence\v1p3beta1.js","3391","03/08/2026 12:27:14"
"C:\Users\Dionisio Lima\OneDrive\Área de Trabalho\SOUSA_2.0_PRODUCAO\node_modules\googleapis\build\src\apis\vision\index.js","1970","03/08/2026 12:27:07"
"C:\Users\Dionisio Lima\OneDrive\Área de Trabalho\SOUSA_2.0_PRODUCAO\node_modules\googleapis\build\src\apis\vision\v1.js","54517","03/08/2026 12:27:11"
"C:\Users\Dionisio Lima\OneDrive\Área de Trabalho\SOUSA_2.0_PRODUCAO\node_modules\googleapis\build\src\apis\vision\v1p1beta1.js","19229","03/08/2026 12:27:14"
"C:\Users\Dionisio Lima\OneDrive\Área de Trabalho\SOUSA_2.0_PRODUCAO\node_modules\googleapis\build\src\apis\vision\v1p2beta1.js","19229","03/08/2026 12:27:14"
"C:\Users\Dionisio Lima\OneDrive\Área de Trabalho\SOUSA_2.0_PRODUCAO\node_modules\googleapis\build\src\apis\vmmigration\index.js","1780","03/08/2026 12:27:07"
"C:\Users\Dionisio Lima\OneDrive\Área de Trabalho\SOUSA_2.0_PRODUCAO\node_modules\googleapis\build\src\apis\vmmigration\v1.js","82064","03/08/2026 12:27:11"
"C:\Users\Dionisio Lima\OneDrive\Área de Trabalho\SOUSA_2.0_PRODUCAO\node_modules\googleapis\build\src\apis\vmmigration\v1alpha1.js","82550","03/08/2026 12:27:12"
"C:\Users\Dionisio Lima\OneDrive\Área de Trabalho\SOUSA_2.0_PRODUCAO\node_modules\googleapis\build\src\apis\vmwareengine\index.js","1518","03/08/2026 12:27:07"
"C:\Users\Dionisio Lima\OneDrive\Área de Trabalho\SOUSA_2.0_PRODUCAO\node_modules\googleapis\build\src\apis\vmwareengine\v1.js","129252","03/08/2026 12:27:11"
"C:\Users\Dionisio Lima\OneDrive\Área de Trabalho\SOUSA_2.0_PRODUCAO\node_modules\googleapis\build\src\apis\vpcaccess\index.js","1741","03/08/2026 12:27:07"
"C:\Users\Dionisio Lima\OneDrive\Área de Trabalho\SOUSA_2.0_PRODUCAO\node_modules\googleapis\build\src\apis\vpcaccess\v1.js","12803","03/08/2026 12:27:11"
"C:\Users\Dionisio Lima\OneDrive\Área de Trabalho\SOUSA_2.0_PRODUCAO\node_modules\googleapis\build\src\apis\vpcaccess\v1beta1.js","12903","03/08/2026 12:27:13"
"C:\Users\Dionisio Lima\OneDrive\Área de Trabalho\SOUSA_2.0_PRODUCAO\node_modules\googleapis\build\src\apis\walletobjects\index.js","1528","03/08/2026 12:27:07"
"C:\Users\Dionisio Lima\OneDrive\Área de Trabalho\SOUSA_2.0_PRODUCAO\node_modules\googleapis\build\src\apis\walletobjects\v1.js","133953","03/08/2026 12:27:11"
"C:\Users\Dionisio Lima\OneDrive\Área de Trabalho\SOUSA_2.0_PRODUCAO\node_modules\googleapis\build\src\apis\webfonts\index.js","1478","03/08/2026 12:27:07"
"C:\Users\Dionisio Lima\OneDrive\Área de Trabalho\SOUSA_2.0_PRODUCAO\node_modules\googleapis\build\src\apis\webfonts\v1.js","3097","03/08/2026 12:27:11"
"C:\Users\Dionisio Lima\OneDrive\Área de Trabalho\SOUSA_2.0_PRODUCAO\node_modules\googleapis\build\src\apis\webmasters\index.js","1498","03/08/2026 12:27:07"
"C:\Users\Dionisio Lima\OneDrive\Área de Trabalho\SOUSA_2.0_PRODUCAO\node_modules\googleapis\build\src\apis\webmasters\v3.js","13509","03/08/2026 12:27:15"
"C:\Users\Dionisio Lima\OneDrive\Área de Trabalho\SOUSA_2.0_PRODUCAO\node_modules\googleapis\build\src\apis\webrisk\index.js","1468","03/08/2026 12:27:07"
"C:\Users\Dionisio Lima\OneDrive\Área de Trabalho\SOUSA_2.0_PRODUCAO\node_modules\googleapis\build\src\apis\webrisk\v1.js","12986","03/08/2026 12:27:12"
"C:\Users\Dionisio Lima\OneDrive\Área de Trabalho\SOUSA_2.0_PRODUCAO\node_modules\googleapis\build\src\apis\websecurityscanner\index.js","2165","03/08/2026 12:27:07"
"C:\Users\Dionisio Lima\OneDrive\Área de Trabalho\SOUSA_2.0_PRODUCAO\node_modules\googleapis\build\src\apis\websecurityscanner\v1.js","20323","03/08/2026 12:27:12"
"C:\Users\Dionisio Lima\OneDrive\Área de Trabalho\SOUSA_2.0_PRODUCAO\node_modules\googleapis\build\src\apis\websecurityscanner\v1alpha.js","20458","03/08/2026 12:27:12"
"C:\Users\Dionisio Lima\OneDrive\Área de Trabalho\SOUSA_2.0_PRODUCAO\node_modules\googleapis\build\src\apis\websecurityscanner\v1beta.js","20431","03/08/2026 12:27:12"
"C:\Users\Dionisio Lima\OneDrive\Área de Trabalho\SOUSA_2.0_PRODUCAO\node_modules\googleapis\build\src\apis\workflowexecutions\index.js","1867","03/08/2026 12:27:07"
"C:\Users\Dionisio Lima\OneDrive\Área de Trabalho\SOUSA_2.0_PRODUCAO\node_modules\googleapis\build\src\apis\workflowexecutions\v1.js","16760","03/08/2026 12:27:12"
"C:\Users\Dionisio Lima\OneDrive\Área de Trabalho\SOUSA_2.0_PRODUCAO\node_modules\googleapis\build\src\apis\workflowexecutions\v1beta.js","8152","03/08/2026 12:27:12"
"C:\Users\Dionisio Lima\OneDrive\Área de Trabalho\SOUSA_2.0_PRODUCAO\node_modules\googleapis\build\src\apis\workflows\index.js","1732","03/08/2026 12:27:07"
"C:\Users\Dionisio Lima\OneDrive\Área de Trabalho\SOUSA_2.0_PRODUCAO\node_modules\googleapis\build\src\apis\workflows\v1.js","16645","03/08/2026 12:27:12"
"C:\Users\Dionisio Lima\OneDrive\Área de Trabalho\SOUSA_2.0_PRODUCAO\node_modules\googleapis\build\src\apis\workflows\v1beta.js","15441","03/08/2026 12:27:13"
"C:\Users\Dionisio Lima\OneDrive\Área de Trabalho\SOUSA_2.0_PRODUCAO\node_modules\googleapis\build\src\apis\workloadmanager\index.js","1548","03/08/2026 12:27:07"
"C:\Users\Dionisio Lima\OneDrive\Área de Trabalho\SOUSA_2.0_PRODUCAO\node_modules\googleapis\build\src\apis\workloadmanager\v1.js","33671","03/08/2026 12:27:12"
"C:\Users\Dionisio Lima\OneDrive\Área de Trabalho\SOUSA_2.0_PRODUCAO\node_modules\googleapis\build\src\apis\workspaceevents\index.js","1548","03/08/2026 12:27:07"
"C:\Users\Dionisio Lima\OneDrive\Área de Trabalho\SOUSA_2.0_PRODUCAO\node_modules\googleapis\build\src\apis\workspaceevents\v1.js","11062","03/08/2026 12:27:12"
"C:\Users\Dionisio Lima\OneDrive\Área de Trabalho\SOUSA_2.0_PRODUCAO\node_modules\googleapis\build\src\apis\workstations\index.js","1777","03/08/2026 12:27:07"
"C:\Users\Dionisio Lima\OneDrive\Área de Trabalho\SOUSA_2.0_PRODUCAO\node_modules\googleapis\build\src\apis\workstations\v1.js","45017","03/08/2026 12:27:12"
"C:\Users\Dionisio Lima\OneDrive\Área de Trabalho\SOUSA_2.0_PRODUCAO\node_modules\googleapis\build\src\apis\workstations\v1beta.js","42680","03/08/2026 12:27:13"
"C:\Users\Dionisio Lima\OneDrive\Área de Trabalho\SOUSA_2.0_PRODUCAO\node_modules\googleapis\build\src\apis\youtube\index.js","1468","03/08/2026 12:27:07"
"C:\Users\Dionisio Lima\OneDrive\Área de Trabalho\SOUSA_2.0_PRODUCAO\node_modules\googleapis\build\src\apis\youtube\v3.js","113524","03/08/2026 12:27:15"
"C:\Users\Dionisio Lima\OneDrive\Área de Trabalho\SOUSA_2.0_PRODUCAO\node_modules\googleapis\build\src\apis\youtubeAnalytics\index.js","1801","03/08/2026 12:27:07"
"C:\Users\Dionisio Lima\OneDrive\Área de Trabalho\SOUSA_2.0_PRODUCAO\node_modules\googleapis\build\src\apis\youtubeAnalytics\v1.js","1351","03/08/2026 12:27:12"
"C:\Users\Dionisio Lima\OneDrive\Área de Trabalho\SOUSA_2.0_PRODUCAO\node_modules\googleapis\build\src\apis\youtubeAnalytics\v2.js","12275","03/08/2026 12:27:14"
"C:\Users\Dionisio Lima\OneDrive\Área de Trabalho\SOUSA_2.0_PRODUCAO\node_modules\googleapis\build\src\apis\youtubereporting\index.js","1558","03/08/2026 12:27:07"
"C:\Users\Dionisio Lima\OneDrive\Área de Trabalho\SOUSA_2.0_PRODUCAO\node_modules\googleapis\build\src\apis\youtubereporting\v1.js","12750","03/08/2026 12:27:12"
"C:\Users\Dionisio Lima\OneDrive\Área de Trabalho\SOUSA_2.0_PRODUCAO\node_modules\googleapis\build\src\apis\index.js","47251","03/08/2026 12:27:04"
"C:\Users\Dionisio Lima\OneDrive\Área de Trabalho\SOUSA_2.0_PRODUCAO\node_modules\googleapis\build\src\generator\disclaimer.js","1736","03/08/2026 12:26:57"
"C:\Users\Dionisio Lima\OneDrive\Área de Trabalho\SOUSA_2.0_PRODUCAO\node_modules\googleapis\build\src\generator\docs.js","2652","03/08/2026 12:26:57"
"C:\Users\Dionisio Lima\OneDrive\Área de Trabalho\SOUSA_2.0_PRODUCAO\node_modules\googleapis\build\src\generator\download.js","7330","03/08/2026 12:26:57"
"C:\Users\Dionisio Lima\OneDrive\Área de Trabalho\SOUSA_2.0_PRODUCAO\node_modules\googleapis\build\src\generator\filters.js","4935","03/08/2026 12:26:57"
"C:\Users\Dionisio Lima\OneDrive\Área de Trabalho\SOUSA_2.0_PRODUCAO\node_modules\googleapis\build\src\generator\generator.js","13862","03/08/2026 12:26:57"
"C:\Users\Dionisio Lima\OneDrive\Área de Trabalho\SOUSA_2.0_PRODUCAO\node_modules\googleapis\build\src\generator\samplegen.js","5120","03/08/2026 12:27:07"
"C:\Users\Dionisio Lima\OneDrive\Área de Trabalho\SOUSA_2.0_PRODUCAO\node_modules\googleapis\build\src\generator\synth.js","8292","03/08/2026 12:27:07"
"C:\Users\Dionisio Lima\OneDrive\Área de Trabalho\SOUSA_2.0_PRODUCAO\node_modules\googleapis\build\src\googleapis.js","3505","03/08/2026 12:26:58"
"C:\Users\Dionisio Lima\OneDrive\Área de Trabalho\SOUSA_2.0_PRODUCAO\node_modules\googleapis\build\src\index.js","115366","03/08/2026 12:27:07"
"C:\Users\Dionisio Lima\OneDrive\Área de Trabalho\SOUSA_2.0_PRODUCAO\node_modules\googleapis\package.json","3521","03/08/2026 12:27:15"
"C:\Users\Dionisio Lima\OneDrive\Área de Trabalho\SOUSA_2.0_PRODUCAO\node_modules\googleapis-common\build\src\api.js","691","03/08/2026 12:26:52"
"C:\Users\Dionisio Lima\OneDrive\Área de Trabalho\SOUSA_2.0_PRODUCAO\node_modules\googleapis-common\build\src\apiIndex.js","1426","03/08/2026 12:26:53"
"C:\Users\Dionisio Lima\OneDrive\Área de Trabalho\SOUSA_2.0_PRODUCAO\node_modules\googleapis-common\build\src\apirequest.js","14313","03/08/2026 12:26:53"
"C:\Users\Dionisio Lima\OneDrive\Área de Trabalho\SOUSA_2.0_PRODUCAO\node_modules\googleapis-common\build\src\authplus.js","2074","03/08/2026 12:26:53"
"C:\Users\Dionisio Lima\OneDrive\Área de Trabalho\SOUSA_2.0_PRODUCAO\node_modules\googleapis-common\build\src\discovery.js","5441","03/08/2026 12:26:54"
"C:\Users\Dionisio Lima\OneDrive\Área de Trabalho\SOUSA_2.0_PRODUCAO\node_modules\googleapis-common\build\src\endpoint.js","5263","03/08/2026 12:26:55"
"C:\Users\Dionisio Lima\OneDrive\Área de Trabalho\SOUSA_2.0_PRODUCAO\node_modules\googleapis-common\build\src\http2.js","9054","03/08/2026 12:26:55"
"C:\Users\Dionisio Lima\OneDrive\Área de Trabalho\SOUSA_2.0_PRODUCAO\node_modules\googleapis-common\build\src\index.js","3609","03/08/2026 12:26:55"
"C:\Users\Dionisio Lima\OneDrive\Área de Trabalho\SOUSA_2.0_PRODUCAO\node_modules\googleapis-common\build\src\isbrowser.js","823","03/08/2026 12:26:55"
"C:\Users\Dionisio Lima\OneDrive\Área de Trabalho\SOUSA_2.0_PRODUCAO\node_modules\googleapis-common\build\src\schema.js","799","03/08/2026 12:26:55"
"C:\Users\Dionisio Lima\OneDrive\Área de Trabalho\SOUSA_2.0_PRODUCAO\node_modules\googleapis-common\package.json","2626","03/08/2026 12:26:55"
"C:\Users\Dionisio Lima\OneDrive\Área de Trabalho\SOUSA_2.0_PRODUCAO\node_modules\gopd\test\index.js","656","03/08/2026 12:26:53"
"C:\Users\Dionisio Lima\OneDrive\Área de Trabalho\SOUSA_2.0_PRODUCAO\node_modules\gopd\gOPD.js","97","03/08/2026 12:26:52"
"C:\Users\Dionisio Lima\OneDrive\Área de Trabalho\SOUSA_2.0_PRODUCAO\node_modules\gopd\index.js","206","03/08/2026 12:26:52"
"C:\Users\Dionisio Lima\OneDrive\Área de Trabalho\SOUSA_2.0_PRODUCAO\node_modules\gopd\package.json","2070","03/08/2026 12:26:53"
"C:\Users\Dionisio Lima\OneDrive\Área de Trabalho\SOUSA_2.0_PRODUCAO\node_modules\gopd\tsconfig.json","116","03/08/2026 12:26:53"
"C:\Users\Dionisio Lima\OneDrive\Área de Trabalho\SOUSA_2.0_PRODUCAO\node_modules\gtoken\build\src\index.js","11276","03/08/2026 12:26:52"
"C:\Users\Dionisio Lima\OneDrive\Área de Trabalho\SOUSA_2.0_PRODUCAO\node_modules\gtoken\package.json","1497","03/08/2026 12:26:52"
"C:\Users\Dionisio Lima\OneDrive\Área de Trabalho\SOUSA_2.0_PRODUCAO\node_modules\has-flag\index.js","330","03/08/2026 12:26:52"
"C:\Users\Dionisio Lima\OneDrive\Área de Trabalho\SOUSA_2.0_PRODUCAO\node_modules\has-flag\package.json","696","03/08/2026 12:26:52"
"C:\Users\Dionisio Lima\OneDrive\Área de Trabalho\SOUSA_2.0_PRODUCAO\node_modules\has-symbols\test\shams\core-js.js","797","03/08/2026 12:26:53"
"C:\Users\Dionisio Lima\OneDrive\Área de Trabalho\SOUSA_2.0_PRODUCAO\node_modules\has-symbols\test\shams\get-own-property-symbols.js","760","03/08/2026 12:26:53"
"C:\Users\Dionisio Lima\OneDrive\Área de Trabalho\SOUSA_2.0_PRODUCAO\node_modules\has-symbols\test\index.js","654","03/08/2026 12:26:53"
"C:\Users\Dionisio Lima\OneDrive\Área de Trabalho\SOUSA_2.0_PRODUCAO\node_modules\has-symbols\test\tests.js","2139","03/08/2026 12:26:54"
"C:\Users\Dionisio Lima\OneDrive\Área de Trabalho\SOUSA_2.0_PRODUCAO\node_modules\has-symbols\index.js","447","03/08/2026 12:26:53"
"C:\Users\Dionisio Lima\OneDrive\Área de Trabalho\SOUSA_2.0_PRODUCAO\node_modules\has-symbols\package.json","2974","03/08/2026 12:26:55"
"C:\Users\Dionisio Lima\OneDrive\Área de Trabalho\SOUSA_2.0_PRODUCAO\node_modules\has-symbols\shams.js","1922","03/08/2026 12:26:54"
"C:\Users\Dionisio Lima\OneDrive\Área de Trabalho\SOUSA_2.0_PRODUCAO\node_modules\has-symbols\tsconfig.json","143","03/08/2026 12:26:55"
"C:\Users\Dionisio Lima\OneDrive\Área de Trabalho\SOUSA_2.0_PRODUCAO\node_modules\hasown\index.js","206","03/08/2026 12:26:52"
"C:\Users\Dionisio Lima\OneDrive\Área de Trabalho\SOUSA_2.0_PRODUCAO\node_modules\hasown\package.json","2258","03/08/2026 12:26:52"
"C:\Users\Dionisio Lima\OneDrive\Área de Trabalho\SOUSA_2.0_PRODUCAO\node_modules\hasown\tsconfig.json","73","03/08/2026 12:26:53"
"C:\Users\Dionisio Lima\OneDrive\Área de Trabalho\SOUSA_2.0_PRODUCAO\node_modules\hono\dist\adapter\aws-lambda\conninfo.js","610","03/08/2026 12:26:58"
"C:\Users\Dionisio Lima\OneDrive\Área de Trabalho\SOUSA_2.0_PRODUCAO\node_modules\hono\dist\adapter\aws-lambda\handler.js","11203","03/08/2026 12:27:00"
"C:\Users\Dionisio Lima\OneDrive\Área de Trabalho\SOUSA_2.0_PRODUCAO\node_modules\hono\dist\adapter\aws-lambda\index.js","243","03/08/2026 12:27:01"
"C:\Users\Dionisio Lima\OneDrive\Área de Trabalho\SOUSA_2.0_PRODUCAO\node_modules\hono\dist\adapter\aws-lambda\types.js","0","03/08/2026 12:27:06"
"C:\Users\Dionisio Lima\OneDrive\Área de Trabalho\SOUSA_2.0_PRODUCAO\node_modules\hono\dist\adapter\bun\conninfo.js","655","03/08/2026 12:26:58"
"C:\Users\Dionisio Lima\OneDrive\Área de Trabalho\SOUSA_2.0_PRODUCAO\node_modules\hono\dist\adapter\bun\index.js","447","03/08/2026 12:27:02"
"C:\Users\Dionisio Lima\OneDrive\Área de Trabalho\SOUSA_2.0_PRODUCAO\node_modules\hono\dist\adapter\bun\serve-static.js","752","03/08/2026 12:27:05"
"C:\Users\Dionisio Lima\OneDrive\Área de Trabalho\SOUSA_2.0_PRODUCAO\node_modules\hono\dist\adapter\bun\server.js","124","03/08/2026 12:27:05"
"C:\Users\Dionisio Lima\OneDrive\Área de Trabalho\SOUSA_2.0_PRODUCAO\node_modules\hono\dist\adapter\bun\ssg.js","379","03/08/2026 12:27:05"
"C:\Users\Dionisio Lima\OneDrive\Área de Trabalho\SOUSA_2.0_PRODUCAO\node_modules\hono\dist\adapter\bun\websocket.js","2030","03/08/2026 12:27:07"
"C:\Users\Dionisio Lima\OneDrive\Área de Trabalho\SOUSA_2.0_PRODUCAO\node_modules\hono\dist\adapter\cloudflare-pages\conninfo.js","164","03/08/2026 12:26:58"
"C:\Users\Dionisio Lima\OneDrive\Área de Trabalho\SOUSA_2.0_PRODUCAO\node_modules\hono\dist\adapter\cloudflare-pages\handler.js","1619","03/08/2026 12:27:00"
"C:\Users\Dionisio Lima\OneDrive\Área de Trabalho\SOUSA_2.0_PRODUCAO\node_modules\hono\dist\adapter\cloudflare-pages\index.js","227","03/08/2026 12:27:02"
"C:\Users\Dionisio Lima\OneDrive\Área de Trabalho\SOUSA_2.0_PRODUCAO\node_modules\hono\dist\adapter\cloudflare-workers\conninfo.js","166","03/08/2026 12:26:58"
"C:\Users\Dionisio Lima\OneDrive\Área de Trabalho\SOUSA_2.0_PRODUCAO\node_modules\hono\dist\adapter\cloudflare-workers\index.js","256","03/08/2026 12:27:02"
"C:\Users\Dionisio Lima\OneDrive\Área de Trabalho\SOUSA_2.0_PRODUCAO\node_modules\hono\dist\adapter\cloudflare-workers\serve-static-module.js","204","03/08/2026 12:27:05"
"C:\Users\Dionisio Lima\OneDrive\Área de Trabalho\SOUSA_2.0_PRODUCAO\node_modules\hono\dist\adapter\cloudflare-workers\serve-static.js","720","03/08/2026 12:27:05"
"C:\Users\Dionisio Lima\OneDrive\Área de Trabalho\SOUSA_2.0_PRODUCAO\node_modules\hono\dist\adapter\cloudflare-workers\utils.js","915","03/08/2026 12:27:07"
"C:\Users\Dionisio Lima\OneDrive\Área de Trabalho\SOUSA_2.0_PRODUCAO\node_modules\hono\dist\adapter\cloudflare-workers\websocket.js","1259","03/08/2026 12:27:07"
"C:\Users\Dionisio Lima\OneDrive\Área de Trabalho\SOUSA_2.0_PRODUCAO\node_modules\hono\dist\adapter\deno\conninfo.js","259","03/08/2026 12:26:58"
"C:\Users\Dionisio Lima\OneDrive\Área de Trabalho\SOUSA_2.0_PRODUCAO\node_modules\hono\dist\adapter\deno\deno.d.js","0","03/08/2026 12:27:00"
"C:\Users\Dionisio Lima\OneDrive\Área de Trabalho\SOUSA_2.0_PRODUCAO\node_modules\hono\dist\adapter\deno\index.js","324","03/08/2026 12:27:02"
"C:\Users\Dionisio Lima\OneDrive\Área de Trabalho\SOUSA_2.0_PRODUCAO\node_modules\hono\dist\adapter\deno\serve-static.js","937","03/08/2026 12:27:05"
"C:\Users\Dionisio Lima\OneDrive\Área de Trabalho\SOUSA_2.0_PRODUCAO\node_modules\hono\dist\adapter\deno\ssg.js","566","03/08/2026 12:27:05"
"C:\Users\Dionisio Lima\OneDrive\Área de Trabalho\SOUSA_2.0_PRODUCAO\node_modules\hono\dist\adapter\deno\websocket.js","1116","03/08/2026 12:27:07"
"C:\Users\Dionisio Lima\OneDrive\Área de Trabalho\SOUSA_2.0_PRODUCAO\node_modules\hono\dist\adapter\lambda-edge\conninfo.js","169","03/08/2026 12:26:58"
"C:\Users\Dionisio Lima\OneDrive\Área de Trabalho\SOUSA_2.0_PRODUCAO\node_modules\hono\dist\adapter\lambda-edge\handler.js","3137","03/08/2026 12:27:00"
"C:\Users\Dionisio Lima\OneDrive\Área de Trabalho\SOUSA_2.0_PRODUCAO\node_modules\hono\dist\adapter\lambda-edge\index.js","156","03/08/2026 12:27:02"
"C:\Users\Dionisio Lima\OneDrive\Área de Trabalho\SOUSA_2.0_PRODUCAO\node_modules\hono\dist\adapter\netlify\conninfo.js","140","03/08/2026 12:26:58"
"C:\Users\Dionisio Lima\OneDrive\Área de Trabalho\SOUSA_2.0_PRODUCAO\node_modules\hono\dist\adapter\netlify\handler.js","156","03/08/2026 12:27:00"
"C:\Users\Dionisio Lima\OneDrive\Área de Trabalho\SOUSA_2.0_PRODUCAO\node_modules\hono\dist\adapter\netlify\index.js","58","03/08/2026 12:27:02"
"C:\Users\Dionisio Lima\OneDrive\Área de Trabalho\SOUSA_2.0_PRODUCAO\node_modules\hono\dist\adapter\netlify\mod.js","150","03/08/2026 12:27:04"
"C:\Users\Dionisio Lima\OneDrive\Área de Trabalho\SOUSA_2.0_PRODUCAO\node_modules\hono\dist\adapter\service-worker\handler.js","490","03/08/2026 12:27:00"
"C:\Users\Dionisio Lima\OneDrive\Área de Trabalho\SOUSA_2.0_PRODUCAO\node_modules\hono\dist\adapter\service-worker\index.js","192","03/08/2026 12:27:02"
"C:\Users\Dionisio Lima\OneDrive\Área de Trabalho\SOUSA_2.0_PRODUCAO\node_modules\hono\dist\adapter\service-worker\types.js","0","03/08/2026 12:27:06"
"C:\Users\Dionisio Lima\OneDrive\Área de Trabalho\SOUSA_2.0_PRODUCAO\node_modules\hono\dist\adapter\vercel\conninfo.js","278","03/08/2026 12:26:59"
"C:\Users\Dionisio Lima\OneDrive\Área de Trabalho\SOUSA_2.0_PRODUCAO\node_modules\hono\dist\adapter\vercel\handler.js","115","03/08/2026 12:27:00"
"C:\Users\Dionisio Lima\OneDrive\Área de Trabalho\SOUSA_2.0_PRODUCAO\node_modules\hono\dist\adapter\vercel\index.js","151","03/08/2026 12:27:02"
"C:\Users\Dionisio Lima\OneDrive\Área de Trabalho\SOUSA_2.0_PRODUCAO\node_modules\hono\dist\cjs\adapter\aws-lambda\conninfo.js","1580","03/08/2026 12:26:59"
"C:\Users\Dionisio Lima\OneDrive\Área de Trabalho\SOUSA_2.0_PRODUCAO\node_modules\hono\dist\cjs\adapter\aws-lambda\handler.js","12579","03/08/2026 12:27:00"
"C:\Users\Dionisio Lima\OneDrive\Área de Trabalho\SOUSA_2.0_PRODUCAO\node_modules\hono\dist\cjs\adapter\aws-lambda\index.js","1367","03/08/2026 12:27:02"
"C:\Users\Dionisio Lima\OneDrive\Área de Trabalho\SOUSA_2.0_PRODUCAO\node_modules\hono\dist\cjs\adapter\aws-lambda\types.js","727","03/08/2026 12:27:06"
"C:\Users\Dionisio Lima\OneDrive\Área de Trabalho\SOUSA_2.0_PRODUCAO\node_modules\hono\dist\cjs\adapter\bun\conninfo.js","1648","03/08/2026 12:26:59"
"C:\Users\Dionisio Lima\OneDrive\Área de Trabalho\SOUSA_2.0_PRODUCAO\node_modules\hono\dist\cjs\adapter\bun\index.js","1743","03/08/2026 12:27:02"
"C:\Users\Dionisio Lima\OneDrive\Área de Trabalho\SOUSA_2.0_PRODUCAO\node_modules\hono\dist\cjs\adapter\bun\serve-static.js","1802","03/08/2026 12:27:05"
"C:\Users\Dionisio Lima\OneDrive\Área de Trabalho\SOUSA_2.0_PRODUCAO\node_modules\hono\dist\cjs\adapter\bun\server.js","1099","03/08/2026 12:27:05"
"C:\Users\Dionisio Lima\OneDrive\Área de Trabalho\SOUSA_2.0_PRODUCAO\node_modules\hono\dist\cjs\adapter\bun\ssg.js","1382","03/08/2026 12:27:05"
"C:\Users\Dionisio Lima\OneDrive\Área de Trabalho\SOUSA_2.0_PRODUCAO\node_modules\hono\dist\cjs\adapter\bun\websocket.js","3174","03/08/2026 12:27:07"
"C:\Users\Dionisio Lima\OneDrive\Área de Trabalho\SOUSA_2.0_PRODUCAO\node_modules\hono\dist\cjs\adapter\cloudflare-pages\conninfo.js","1128","03/08/2026 12:26:59"
"C:\Users\Dionisio Lima\OneDrive\Área de Trabalho\SOUSA_2.0_PRODUCAO\node_modules\hono\dist\cjs\adapter\cloudflare-pages\handler.js","2695","03/08/2026 12:27:01"
"C:\Users\Dionisio Lima\OneDrive\Área de Trabalho\SOUSA_2.0_PRODUCAO\node_modules\hono\dist\cjs\adapter\cloudflare-pages\index.js","1352","03/08/2026 12:27:02"
"C:\Users\Dionisio Lima\OneDrive\Área de Trabalho\SOUSA_2.0_PRODUCAO\node_modules\hono\dist\cjs\adapter\cloudflare-workers\conninfo.js","1128","03/08/2026 12:26:59"
"C:\Users\Dionisio Lima\OneDrive\Área de Trabalho\SOUSA_2.0_PRODUCAO\node_modules\hono\dist\cjs\adapter\cloudflare-workers\index.js","1394","03/08/2026 12:27:02"
"C:\Users\Dionisio Lima\OneDrive\Área de Trabalho\SOUSA_2.0_PRODUCAO\node_modules\hono\dist\cjs\adapter\cloudflare-workers\serve-static-module.js","1204","03/08/2026 12:27:05"
"C:\Users\Dionisio Lima\OneDrive\Área de Trabalho\SOUSA_2.0_PRODUCAO\node_modules\hono\dist\cjs\adapter\cloudflare-workers\serve-static.js","1695","03/08/2026 12:27:05"
"C:\Users\Dionisio Lima\OneDrive\Área de Trabalho\SOUSA_2.0_PRODUCAO\node_modules\hono\dist\cjs\adapter\cloudflare-workers\utils.js","1891","03/08/2026 12:27:07"
"C:\Users\Dionisio Lima\OneDrive\Área de Trabalho\SOUSA_2.0_PRODUCAO\node_modules\hono\dist\cjs\adapter\cloudflare-workers\websocket.js","2246","03/08/2026 12:27:07"
"C:\Users\Dionisio Lima\OneDrive\Área de Trabalho\SOUSA_2.0_PRODUCAO\node_modules\hono\dist\cjs\adapter\deno\conninfo.js","1235","03/08/2026 12:26:59"
"C:\Users\Dionisio Lima\OneDrive\Área de Trabalho\SOUSA_2.0_PRODUCAO\node_modules\hono\dist\cjs\adapter\deno\deno.d.js","0","03/08/2026 12:27:00"
"C:\Users\Dionisio Lima\OneDrive\Área de Trabalho\SOUSA_2.0_PRODUCAO\node_modules\hono\dist\cjs\adapter\deno\index.js","1495","03/08/2026 12:27:02"
"C:\Users\Dionisio Lima\OneDrive\Área de Trabalho\SOUSA_2.0_PRODUCAO\node_modules\hono\dist\cjs\adapter\deno\serve-static.js","1957","03/08/2026 12:27:05"
"C:\Users\Dionisio Lima\OneDrive\Área de Trabalho\SOUSA_2.0_PRODUCAO\node_modules\hono\dist\cjs\adapter\deno\ssg.js","1574","03/08/2026 12:27:05"
"C:\Users\Dionisio Lima\OneDrive\Área de Trabalho\SOUSA_2.0_PRODUCAO\node_modules\hono\dist\cjs\adapter\deno\websocket.js","2117","03/08/2026 12:27:07"
"C:\Users\Dionisio Lima\OneDrive\Área de Trabalho\SOUSA_2.0_PRODUCAO\node_modules\hono\dist\cjs\adapter\lambda-edge\conninfo.js","1138","03/08/2026 12:26:59"
"C:\Users\Dionisio Lima\OneDrive\Área de Trabalho\SOUSA_2.0_PRODUCAO\node_modules\hono\dist\cjs\adapter\lambda-edge\handler.js","4851","03/08/2026 12:27:01"
"C:\Users\Dionisio Lima\OneDrive\Área de Trabalho\SOUSA_2.0_PRODUCAO\node_modules\hono\dist\cjs\adapter\lambda-edge\index.js","1194","03/08/2026 12:27:02"
"C:\Users\Dionisio Lima\OneDrive\Área de Trabalho\SOUSA_2.0_PRODUCAO\node_modules\hono\dist\cjs\adapter\netlify\conninfo.js","1113","03/08/2026 12:26:59"
"C:\Users\Dionisio Lima\OneDrive\Área de Trabalho\SOUSA_2.0_PRODUCAO\node_modules\hono\dist\cjs\adapter\netlify\handler.js","1117","03/08/2026 12:27:01"
"C:\Users\Dionisio Lima\OneDrive\Área de Trabalho\SOUSA_2.0_PRODUCAO\node_modules\hono\dist\cjs\adapter\netlify\index.js","1053","03/08/2026 12:27:02"
"C:\Users\Dionisio Lima\OneDrive\Área de Trabalho\SOUSA_2.0_PRODUCAO\node_modules\hono\dist\cjs\adapter\netlify\mod.js","1170","03/08/2026 12:27:04"
"C:\Users\Dionisio Lima\OneDrive\Área de Trabalho\SOUSA_2.0_PRODUCAO\node_modules\hono\dist\cjs\adapter\service-worker\handler.js","1444","03/08/2026 12:27:01"
"C:\Users\Dionisio Lima\OneDrive\Área de Trabalho\SOUSA_2.0_PRODUCAO\node_modules\hono\dist\cjs\adapter\service-worker\index.js","1228","03/08/2026 12:27:02"
"C:\Users\Dionisio Lima\OneDrive\Área de Trabalho\SOUSA_2.0_PRODUCAO\node_modules\hono\dist\cjs\adapter\service-worker\types.js","727","03/08/2026 12:27:06"
"C:\Users\Dionisio Lima\OneDrive\Área de Trabalho\SOUSA_2.0_PRODUCAO\node_modules\hono\dist\cjs\adapter\vercel\conninfo.js","1252","03/08/2026 12:26:59"
"C:\Users\Dionisio Lima\OneDrive\Área de Trabalho\SOUSA_2.0_PRODUCAO\node_modules\hono\dist\cjs\adapter\vercel\handler.js","1077","03/08/2026 12:27:01"
"C:\Users\Dionisio Lima\OneDrive\Área de Trabalho\SOUSA_2.0_PRODUCAO\node_modules\hono\dist\cjs\adapter\vercel\index.js","1179","03/08/2026 12:27:02"
"C:\Users\Dionisio Lima\OneDrive\Área de Trabalho\SOUSA_2.0_PRODUCAO\node_modules\hono\dist\cjs\client\client.js","6452","03/08/2026 12:26:56"
"C:\Users\Dionisio Lima\OneDrive\Área de Trabalho\SOUSA_2.0_PRODUCAO\node_modules\hono\dist\cjs\client\fetch-result-please.js","2746","03/08/2026 12:27:00"
"C:\Users\Dionisio Lima\OneDrive\Área de Trabalho\SOUSA_2.0_PRODUCAO\node_modules\hono\dist\cjs\client\index.js","1229","03/08/2026 12:27:02"
"C:\Users\Dionisio Lima\OneDrive\Área de Trabalho\SOUSA_2.0_PRODUCAO\node_modules\hono\dist\cjs\client\types.js","727","03/08/2026 12:27:06"
"C:\Users\Dionisio Lima\OneDrive\Área de Trabalho\SOUSA_2.0_PRODUCAO\node_modules\hono\dist\cjs\client\utils.js","3294","03/08/2026 12:27:07"
"C:\Users\Dionisio Lima\OneDrive\Área de Trabalho\SOUSA_2.0_PRODUCAO\node_modules\hono\dist\cjs\helper\accepts\accepts.js","1668","03/08/2026 12:26:53"
"C:\Users\Dionisio Lima\OneDrive\Área de Trabalho\SOUSA_2.0_PRODUCAO\node_modules\hono\dist\cjs\helper\accepts\index.js","1075","03/08/2026 12:27:02"
"C:\Users\Dionisio Lima\OneDrive\Área de Trabalho\SOUSA_2.0_PRODUCAO\node_modules\hono\dist\cjs\helper\adapter\index.js","2543","03/08/2026 12:27:02"
"C:\Users\Dionisio Lima\OneDrive\Área de Trabalho\SOUSA_2.0_PRODUCAO\node_modules\hono\dist\cjs\helper\conninfo\index.js","733","03/08/2026 12:27:02"
"C:\Users\Dionisio Lima\OneDrive\Área de Trabalho\SOUSA_2.0_PRODUCAO\node_modules\hono\dist\cjs\helper\conninfo\types.js","727","03/08/2026 12:27:06"
"C:\Users\Dionisio Lima\OneDrive\Área de Trabalho\SOUSA_2.0_PRODUCAO\node_modules\hono\dist\cjs\helper\cookie\index.js","4166","03/08/2026 12:27:02"
"C:\Users\Dionisio Lima\OneDrive\Área de Trabalho\SOUSA_2.0_PRODUCAO\node_modules\hono\dist\cjs\helper\css\common.js","8859","03/08/2026 12:26:57"
"C:\Users\Dionisio Lima\OneDrive\Área de Trabalho\SOUSA_2.0_PRODUCAO\node_modules\hono\dist\cjs\helper\css\index.js","5962","03/08/2026 12:27:02"
"C:\Users\Dionisio Lima\OneDrive\Área de Trabalho\SOUSA_2.0_PRODUCAO\node_modules\hono\dist\cjs\helper\dev\index.js","2885","03/08/2026 12:27:02"
"C:\Users\Dionisio Lima\OneDrive\Área de Trabalho\SOUSA_2.0_PRODUCAO\node_modules\hono\dist\cjs\helper\factory\index.js","1873","03/08/2026 12:27:02"
"C:\Users\Dionisio Lima\OneDrive\Área de Trabalho\SOUSA_2.0_PRODUCAO\node_modules\hono\dist\cjs\helper\html\index.js","2520","03/08/2026 12:27:02"
"C:\Users\Dionisio Lima\OneDrive\Área de Trabalho\SOUSA_2.0_PRODUCAO\node_modules\hono\dist\cjs\helper\proxy\index.js","3780","03/08/2026 12:27:02"
"C:\Users\Dionisio Lima\OneDrive\Área de Trabalho\SOUSA_2.0_PRODUCAO\node_modules\hono\dist\cjs\helper\route\index.js","2648","03/08/2026 12:27:02"
"C:\Users\Dionisio Lima\OneDrive\Área de Trabalho\SOUSA_2.0_PRODUCAO\node_modules\hono\dist\cjs\helper\ssg\index.js","1802","03/08/2026 12:27:02"
"C:\Users\Dionisio Lima\OneDrive\Área de Trabalho\SOUSA_2.0_PRODUCAO\node_modules\hono\dist\cjs\helper\ssg\middleware.js","2361","03/08/2026 12:27:04"
"C:\Users\Dionisio Lima\OneDrive\Área de Trabalho\SOUSA_2.0_PRODUCAO\node_modules\hono\dist\cjs\helper\ssg\plugins.js","2277","03/08/2026 12:27:05"
"C:\Users\Dionisio Lima\OneDrive\Área de Trabalho\SOUSA_2.0_PRODUCAO\node_modules\hono\dist\cjs\helper\ssg\ssg.js","11291","03/08/2026 12:27:05"
"C:\Users\Dionisio Lima\OneDrive\Área de Trabalho\SOUSA_2.0_PRODUCAO\node_modules\hono\dist\cjs\helper\ssg\utils.js","3319","03/08/2026 12:27:07"
"C:\Users\Dionisio Lima\OneDrive\Área de Trabalho\SOUSA_2.0_PRODUCAO\node_modules\hono\dist\cjs\helper\streaming\index.js","1331","03/08/2026 12:27:02"
"C:\Users\Dionisio Lima\OneDrive\Área de Trabalho\SOUSA_2.0_PRODUCAO\node_modules\hono\dist\cjs\helper\streaming\sse.js","3105","03/08/2026 12:27:05"
"C:\Users\Dionisio Lima\OneDrive\Área de Trabalho\SOUSA_2.0_PRODUCAO\node_modules\hono\dist\cjs\helper\streaming\stream.js","1875","03/08/2026 12:27:05"
"C:\Users\Dionisio Lima\OneDrive\Área de Trabalho\SOUSA_2.0_PRODUCAO\node_modules\hono\dist\cjs\helper\streaming\text.js","1333","03/08/2026 12:27:06"
"C:\Users\Dionisio Lima\OneDrive\Área de Trabalho\SOUSA_2.0_PRODUCAO\node_modules\hono\dist\cjs\helper\streaming\utils.js","1339","03/08/2026 12:27:07"
"C:\Users\Dionisio Lima\OneDrive\Área de Trabalho\SOUSA_2.0_PRODUCAO\node_modules\hono\dist\cjs\helper\testing\index.js","1322","03/08/2026 12:27:02"
"C:\Users\Dionisio Lima\OneDrive\Área de Trabalho\SOUSA_2.0_PRODUCAO\node_modules\hono\dist\cjs\helper\websocket\index.js","2433","03/08/2026 12:27:03"
"C:\Users\Dionisio Lima\OneDrive\Área de Trabalho\SOUSA_2.0_PRODUCAO\node_modules\hono\dist\cjs\jsx\dom\hooks\index (1).js","2565","03/08/2026 12:27:03"
"C:\Users\Dionisio Lima\OneDrive\Área de Trabalho\SOUSA_2.0_PRODUCAO\node_modules\hono\dist\cjs\jsx\dom\hooks\index.js","2565","03/08/2026 12:27:03"
"C:\Users\Dionisio Lima\OneDrive\Área de Trabalho\SOUSA_2.0_PRODUCAO\node_modules\hono\dist\cjs\jsx\dom\intrinsic-element\components.js","11379","03/08/2026 12:26:57"
"C:\Users\Dionisio Lima\OneDrive\Área de Trabalho\SOUSA_2.0_PRODUCAO\node_modules\hono\dist\cjs\jsx\dom\client.js","2310","03/08/2026 12:26:56"
"C:\Users\Dionisio Lima\OneDrive\Área de Trabalho\SOUSA_2.0_PRODUCAO\node_modules\hono\dist\cjs\jsx\dom\components.js","1828","03/08/2026 12:26:57"
"C:\Users\Dionisio Lima\OneDrive\Área de Trabalho\SOUSA_2.0_PRODUCAO\node_modules\hono\dist\cjs\jsx\dom\context.js","2232","03/08/2026 12:26:59"
"C:\Users\Dionisio Lima\OneDrive\Área de Trabalho\SOUSA_2.0_PRODUCAO\node_modules\hono\dist\cjs\jsx\dom\css.js","5313","03/08/2026 12:27:00"
"C:\Users\Dionisio Lima\OneDrive\Área de Trabalho\SOUSA_2.0_PRODUCAO\node_modules\hono\dist\cjs\jsx\dom\index (1).js","6273","03/08/2026 12:27:03"
"C:\Users\Dionisio Lima\OneDrive\Área de Trabalho\SOUSA_2.0_PRODUCAO\node_modules\hono\dist\cjs\jsx\dom\index.js","6273","03/08/2026 12:27:03"
"C:\Users\Dionisio Lima\OneDrive\Área de Trabalho\SOUSA_2.0_PRODUCAO\node_modules\hono\dist\cjs\jsx\dom\jsx-dev-runtime (1).js","2035","03/08/2026 12:27:04"
"C:\Users\Dionisio Lima\OneDrive\Área de Trabalho\SOUSA_2.0_PRODUCAO\node_modules\hono\dist\cjs\jsx\dom\jsx-dev-runtime.js","2035","03/08/2026 12:27:04"
"C:\Users\Dionisio Lima\OneDrive\Área de Trabalho\SOUSA_2.0_PRODUCAO\node_modules\hono\dist\cjs\jsx\dom\jsx-runtime (1).js","1279","03/08/2026 12:27:04"
"C:\Users\Dionisio Lima\OneDrive\Área de Trabalho\SOUSA_2.0_PRODUCAO\node_modules\hono\dist\cjs\jsx\dom\jsx-runtime.js","1279","03/08/2026 12:27:04"
"C:\Users\Dionisio Lima\OneDrive\Área de Trabalho\SOUSA_2.0_PRODUCAO\node_modules\hono\dist\cjs\jsx\dom\render (1).js","21038","03/08/2026 12:27:05"
"C:\Users\Dionisio Lima\OneDrive\Área de Trabalho\SOUSA_2.0_PRODUCAO\node_modules\hono\dist\cjs\jsx\dom\render.js","21038","03/08/2026 12:27:05"
"C:\Users\Dionisio Lima\OneDrive\Área de Trabalho\SOUSA_2.0_PRODUCAO\node_modules\hono\dist\cjs\jsx\dom\server (1).js","2677","03/08/2026 12:27:05"
"C:\Users\Dionisio Lima\OneDrive\Área de Trabalho\SOUSA_2.0_PRODUCAO\node_modules\hono\dist\cjs\jsx\dom\server.js","2677","03/08/2026 12:27:05"
"C:\Users\Dionisio Lima\OneDrive\Área de Trabalho\SOUSA_2.0_PRODUCAO\node_modules\hono\dist\cjs\jsx\dom\utils (1).js","1197","03/08/2026 12:27:07"
"C:\Users\Dionisio Lima\OneDrive\Área de Trabalho\SOUSA_2.0_PRODUCAO\node_modules\hono\dist\cjs\jsx\dom\utils.js","1197","03/08/2026 12:27:07"
"C:\Users\Dionisio Lima\OneDrive\Área de Trabalho\SOUSA_2.0_PRODUCAO\node_modules\hono\dist\cjs\jsx\hooks\index.js","11517","03/08/2026 12:27:03"
"C:\Users\Dionisio Lima\OneDrive\Área de Trabalho\SOUSA_2.0_PRODUCAO\node_modules\hono\dist\cjs\jsx\intrinsic-element\common.js","1807","03/08/2026 12:26:57"
"C:\Users\Dionisio Lima\OneDrive\Área de Trabalho\SOUSA_2.0_PRODUCAO\node_modules\hono\dist\cjs\jsx\intrinsic-element\components.js","7058","03/08/2026 12:26:57"
"C:\Users\Dionisio Lima\OneDrive\Área de Trabalho\SOUSA_2.0_PRODUCAO\node_modules\hono\dist\cjs\jsx\base.js","11616","03/08/2026 12:26:54"
"C:\Users\Dionisio Lima\OneDrive\Área de Trabalho\SOUSA_2.0_PRODUCAO\node_modules\hono\dist\cjs\jsx\children.js","1542","03/08/2026 12:26:56"
"C:\Users\Dionisio Lima\OneDrive\Área de Trabalho\SOUSA_2.0_PRODUCAO\node_modules\hono\dist\cjs\jsx\components.js","7915","03/08/2026 12:26:57"
"C:\Users\Dionisio Lima\OneDrive\Área de Trabalho\SOUSA_2.0_PRODUCAO\node_modules\hono\dist\cjs\jsx\constants.js","1635","03/08/2026 12:26:59"
"C:\Users\Dionisio Lima\OneDrive\Área de Trabalho\SOUSA_2.0_PRODUCAO\node_modules\hono\dist\cjs\jsx\context.js","6277","03/08/2026 12:26:59"
"C:\Users\Dionisio Lima\OneDrive\Área de Trabalho\SOUSA_2.0_PRODUCAO\node_modules\hono\dist\cjs\jsx\index.js","5005","03/08/2026 12:27:03"
"C:\Users\Dionisio Lima\OneDrive\Área de Trabalho\SOUSA_2.0_PRODUCAO\node_modules\hono\dist\cjs\jsx\intrinsic-elements (1).js","753","03/08/2026 12:27:04"
"C:\Users\Dionisio Lima\OneDrive\Área de Trabalho\SOUSA_2.0_PRODUCAO\node_modules\hono\dist\cjs\jsx\intrinsic-elements.js","753","03/08/2026 12:27:04"
"C:\Users\Dionisio Lima\OneDrive\Área de Trabalho\SOUSA_2.0_PRODUCAO\node_modules\hono\dist\cjs\jsx\jsx-dev-runtime.js","1525","03/08/2026 12:27:04"
"C:\Users\Dionisio Lima\OneDrive\Área de Trabalho\SOUSA_2.0_PRODUCAO\node_modules\hono\dist\cjs\jsx\jsx-runtime.js","2615","03/08/2026 12:27:04"
"C:\Users\Dionisio Lima\OneDrive\Área de Trabalho\SOUSA_2.0_PRODUCAO\node_modules\hono\dist\cjs\jsx\streaming (1).js","6347","03/08/2026 12:27:06"
"C:\Users\Dionisio Lima\OneDrive\Área de Trabalho\SOUSA_2.0_PRODUCAO\node_modules\hono\dist\cjs\jsx\streaming.js","6347","03/08/2026 12:27:06"
"C:\Users\Dionisio Lima\OneDrive\Área de Trabalho\SOUSA_2.0_PRODUCAO\node_modules\hono\dist\cjs\jsx\types.js","727","03/08/2026 12:27:06"
"C:\Users\Dionisio Lima\OneDrive\Área de Trabalho\SOUSA_2.0_PRODUCAO\node_modules\hono\dist\cjs\jsx\utils (1).js","6028","03/08/2026 12:27:07"
"C:\Users\Dionisio Lima\OneDrive\Área de Trabalho\SOUSA_2.0_PRODUCAO\node_modules\hono\dist\cjs\jsx\utils.js","6028","03/08/2026 12:27:07"
"C:\Users\Dionisio Lima\OneDrive\Área de Trabalho\SOUSA_2.0_PRODUCAO\node_modules\hono\dist\cjs\middleware\basic-auth\index.js","3499","03/08/2026 12:27:03"
"C:\Users\Dionisio Lima\OneDrive\Área de Trabalho\SOUSA_2.0_PRODUCAO\node_modules\hono\dist\cjs\middleware\bearer-auth\index.js","4860","03/08/2026 12:27:03"
"C:\Users\Dionisio Lima\OneDrive\Área de Trabalho\SOUSA_2.0_PRODUCAO\node_modules\hono\dist\cjs\middleware\body-limit\index.js","2509","03/08/2026 12:27:03"
"C:\Users\Dionisio Lima\OneDrive\Área de Trabalho\SOUSA_2.0_PRODUCAO\node_modules\hono\dist\cjs\middleware\cache\index.js","4806","03/08/2026 12:27:03"
"C:\Users\Dionisio Lima\OneDrive\Área de Trabalho\SOUSA_2.0_PRODUCAO\node_modules\hono\dist\cjs\middleware\combine\index.js","3178","03/08/2026 12:27:03"
"C:\Users\Dionisio Lima\OneDrive\Área de Trabalho\SOUSA_2.0_PRODUCAO\node_modules\hono\dist\cjs\middleware\compress\index.js","3826","03/08/2026 12:27:03"
"C:\Users\Dionisio Lima\OneDrive\Área de Trabalho\SOUSA_2.0_PRODUCAO\node_modules\hono\dist\cjs\middleware\context-storage\index.js","1655","03/08/2026 12:27:03"
"C:\Users\Dionisio Lima\OneDrive\Área de Trabalho\SOUSA_2.0_PRODUCAO\node_modules\hono\dist\cjs\middleware\cors\index.js","3579","03/08/2026 12:27:03"
"C:\Users\Dionisio Lima\OneDrive\Área de Trabalho\SOUSA_2.0_PRODUCAO\node_modules\hono\dist\cjs\middleware\csrf\index.js","3117","03/08/2026 12:27:03"
"C:\Users\Dionisio Lima\OneDrive\Área de Trabalho\SOUSA_2.0_PRODUCAO\node_modules\hono\dist\cjs\middleware\etag\digest.js","1789","03/08/2026 12:27:00"
"C:\Users\Dionisio Lima\OneDrive\Área de Trabalho\SOUSA_2.0_PRODUCAO\node_modules\hono\dist\cjs\middleware\etag\index.js","2974","03/08/2026 12:27:03"
"C:\Users\Dionisio Lima\OneDrive\Área de Trabalho\SOUSA_2.0_PRODUCAO\node_modules\hono\dist\cjs\middleware\ip-restriction\index.js","6325","03/08/2026 12:27:03"
"C:\Users\Dionisio Lima\OneDrive\Área de Trabalho\SOUSA_2.0_PRODUCAO\node_modules\hono\dist\cjs\middleware\jsx-renderer\index.js","2927","03/08/2026 12:27:03"
"C:\Users\Dionisio Lima\OneDrive\Área de Trabalho\SOUSA_2.0_PRODUCAO\node_modules\hono\dist\cjs\middleware\jwk\index.js","1039","03/08/2026 12:27:03"
"C:\Users\Dionisio Lima\OneDrive\Área de Trabalho\SOUSA_2.0_PRODUCAO\node_modules\hono\dist\cjs\middleware\jwk\jwk.js","4734","03/08/2026 12:27:04"
"C:\Users\Dionisio Lima\OneDrive\Área de Trabalho\SOUSA_2.0_PRODUCAO\node_modules\hono\dist\cjs\middleware\jwt\index.js","1355","03/08/2026 12:27:03"
"C:\Users\Dionisio Lima\OneDrive\Área de Trabalho\SOUSA_2.0_PRODUCAO\node_modules\hono\dist\cjs\middleware\jwt\jwt.js","4680","03/08/2026 12:27:04"
"C:\Users\Dionisio Lima\OneDrive\Área de Trabalho\SOUSA_2.0_PRODUCAO\node_modules\hono\dist\cjs\middleware\language\index.js","1419","03/08/2026 12:27:03"
"C:\Users\Dionisio Lima\OneDrive\Área de Trabalho\SOUSA_2.0_PRODUCAO\node_modules\hono\dist\cjs\middleware\language\language.js","6502","03/08/2026 12:27:04"
"C:\Users\Dionisio Lima\OneDrive\Área de Trabalho\SOUSA_2.0_PRODUCAO\node_modules\hono\dist\cjs\middleware\logger\index.js","2628","03/08/2026 12:27:03"
"C:\Users\Dionisio Lima\OneDrive\Área de Trabalho\SOUSA_2.0_PRODUCAO\node_modules\hono\dist\cjs\middleware\method-override\index.js","3751","03/08/2026 12:27:03"
"C:\Users\Dionisio Lima\OneDrive\Área de Trabalho\SOUSA_2.0_PRODUCAO\node_modules\hono\dist\cjs\middleware\powered-by\index.js","1207","03/08/2026 12:27:03"
"C:\Users\Dionisio Lima\OneDrive\Área de Trabalho\SOUSA_2.0_PRODUCAO\node_modules\hono\dist\cjs\middleware\pretty-json\index.js","1507","03/08/2026 12:27:03"
"C:\Users\Dionisio Lima\OneDrive\Área de Trabalho\SOUSA_2.0_PRODUCAO\node_modules\hono\dist\cjs\middleware\request-id\index.js","1099","03/08/2026 12:27:03"
"C:\Users\Dionisio Lima\OneDrive\Área de Trabalho\SOUSA_2.0_PRODUCAO\node_modules\hono\dist\cjs\middleware\request-id\request-id.js","1496","03/08/2026 12:27:05"
"C:\Users\Dionisio Lima\OneDrive\Área de Trabalho\SOUSA_2.0_PRODUCAO\node_modules\hono\dist\cjs\middleware\secure-headers\index.js","1188","03/08/2026 12:27:03"
"C:\Users\Dionisio Lima\OneDrive\Área de Trabalho\SOUSA_2.0_PRODUCAO\node_modules\hono\dist\cjs\middleware\secure-headers\permissions-policy.js","753","03/08/2026 12:27:05"
"C:\Users\Dionisio Lima\OneDrive\Área de Trabalho\SOUSA_2.0_PRODUCAO\node_modules\hono\dist\cjs\middleware\secure-headers\secure-headers.js","7064","03/08/2026 12:27:05"
"C:\Users\Dionisio Lima\OneDrive\Área de Trabalho\SOUSA_2.0_PRODUCAO\node_modules\hono\dist\cjs\middleware\serve-static\index.js","3548","03/08/2026 12:27:03"
"C:\Users\Dionisio Lima\OneDrive\Área de Trabalho\SOUSA_2.0_PRODUCAO\node_modules\hono\dist\cjs\middleware\serve-static\path.js","1469","03/08/2026 12:27:05"
"C:\Users\Dionisio Lima\OneDrive\Área de Trabalho\SOUSA_2.0_PRODUCAO\node_modules\hono\dist\cjs\middleware\timeout\index.js","1682","03/08/2026 12:27:03"
"C:\Users\Dionisio Lima\OneDrive\Área de Trabalho\SOUSA_2.0_PRODUCAO\node_modules\hono\dist\cjs\middleware\timing\index.js","1285","03/08/2026 12:27:03"
"C:\Users\Dionisio Lima\OneDrive\Área de Trabalho\SOUSA_2.0_PRODUCAO\node_modules\hono\dist\cjs\middleware\timing\timing.js","4070","03/08/2026 12:27:06"
"C:\Users\Dionisio Lima\OneDrive\Área de Trabalho\SOUSA_2.0_PRODUCAO\node_modules\hono\dist\cjs\middleware\trailing-slash\index.js","2630","03/08/2026 12:27:03"
"C:\Users\Dionisio Lima\OneDrive\Área de Trabalho\SOUSA_2.0_PRODUCAO\node_modules\hono\dist\cjs\preset\quick.js","1494","03/08/2026 12:27:05"
"C:\Users\Dionisio Lima\OneDrive\Área de Trabalho\SOUSA_2.0_PRODUCAO\node_modules\hono\dist\cjs\preset\tiny.js","1276","03/08/2026 12:27:06"
"C:\Users\Dionisio Lima\OneDrive\Área de Trabalho\SOUSA_2.0_PRODUCAO\node_modules\hono\dist\cjs\request\constants.js","1101","03/08/2026 12:26:59"
"C:\Users\Dionisio Lima\OneDrive\Área de Trabalho\SOUSA_2.0_PRODUCAO\node_modules\hono\dist\cjs\router\linear-router\index.js","1105","03/08/2026 12:27:03"
"C:\Users\Dionisio Lima\OneDrive\Área de Trabalho\SOUSA_2.0_PRODUCAO\node_modules\hono\dist\cjs\router\linear-router\router.js","5731","03/08/2026 12:27:05"
"C:\Users\Dionisio Lima\OneDrive\Área de Trabalho\SOUSA_2.0_PRODUCAO\node_modules\hono\dist\cjs\router\pattern-router\index.js","1111","03/08/2026 12:27:03"
"C:\Users\Dionisio Lima\OneDrive\Área de Trabalho\SOUSA_2.0_PRODUCAO\node_modules\hono\dist\cjs\router\pattern-router\router.js","2473","03/08/2026 12:27:05"
"C:\Users\Dionisio Lima\OneDrive\Área de Trabalho\SOUSA_2.0_PRODUCAO\node_modules\hono\dist\cjs\router\reg-exp-router\index.js","1446","03/08/2026 12:27:03"
"C:\Users\Dionisio Lima\OneDrive\Área de Trabalho\SOUSA_2.0_PRODUCAO\node_modules\hono\dist\cjs\router\reg-exp-router\matcher.js","1663","03/08/2026 12:27:04"
"C:\Users\Dionisio Lima\OneDrive\Área de Trabalho\SOUSA_2.0_PRODUCAO\node_modules\hono\dist\cjs\router\reg-exp-router\node.js","4381","03/08/2026 12:27:04"
"C:\Users\Dionisio Lima\OneDrive\Área de Trabalho\SOUSA_2.0_PRODUCAO\node_modules\hono\dist\cjs\router\reg-exp-router\prepared-router.js","5438","03/08/2026 12:27:05"
"C:\Users\Dionisio Lima\OneDrive\Área de Trabalho\SOUSA_2.0_PRODUCAO\node_modules\hono\dist\cjs\router\reg-exp-router\router.js","7677","03/08/2026 12:27:05"
"C:\Users\Dionisio Lima\OneDrive\Área de Trabalho\SOUSA_2.0_PRODUCAO\node_modules\hono\dist\cjs\router\reg-exp-router\trie.js","2640","03/08/2026 12:27:06"
"C:\Users\Dionisio Lima\OneDrive\Área de Trabalho\SOUSA_2.0_PRODUCAO\node_modules\hono\dist\cjs\router\smart-router\index.js","1099","03/08/2026 12:27:03"
"C:\Users\Dionisio Lima\OneDrive\Área de Trabalho\SOUSA_2.0_PRODUCAO\node_modules\hono\dist\cjs\router\smart-router\router.js","2435","03/08/2026 12:27:05"
"C:\Users\Dionisio Lima\OneDrive\Área de Trabalho\SOUSA_2.0_PRODUCAO\node_modules\hono\dist\cjs\router\trie-router\index.js","1093","03/08/2026 12:27:03"
"C:\Users\Dionisio Lima\OneDrive\Área de Trabalho\SOUSA_2.0_PRODUCAO\node_modules\hono\dist\cjs\router\trie-router\node.js","7415","03/08/2026 12:27:05"
"C:\Users\Dionisio Lima\OneDrive\Área de Trabalho\SOUSA_2.0_PRODUCAO\node_modules\hono\dist\cjs\router\trie-router\router.js","1603","03/08/2026 12:27:05"
"C:\Users\Dionisio Lima\OneDrive\Área de Trabalho\SOUSA_2.0_PRODUCAO\node_modules\hono\dist\cjs\utils\jwt\index.js","1164","03/08/2026 12:27:03"
"C:\Users\Dionisio Lima\OneDrive\Área de Trabalho\SOUSA_2.0_PRODUCAO\node_modules\hono\dist\cjs\utils\jwt\jwa.js","1633","03/08/2026 12:27:04"
"C:\Users\Dionisio Lima\OneDrive\Área de Trabalho\SOUSA_2.0_PRODUCAO\node_modules\hono\dist\cjs\utils\jwt\jws.js","6254","03/08/2026 12:27:04"
"C:\Users\Dionisio Lima\OneDrive\Área de Trabalho\SOUSA_2.0_PRODUCAO\node_modules\hono\dist\cjs\utils\jwt\jwt.js","7740","03/08/2026 12:27:04"
"C:\Users\Dionisio Lima\OneDrive\Área de Trabalho\SOUSA_2.0_PRODUCAO\node_modules\hono\dist\cjs\utils\jwt\types.js","5434","03/08/2026 12:27:06"
"C:\Users\Dionisio Lima\OneDrive\Área de Trabalho\SOUSA_2.0_PRODUCAO\node_modules\hono\dist\cjs\utils\jwt\utf8.js","1147","03/08/2026 12:27:07"
"C:\Users\Dionisio Lima\OneDrive\Área de Trabalho\SOUSA_2.0_PRODUCAO\node_modules\hono\dist\cjs\utils\accept.js","6668","03/08/2026 12:26:52"
"C:\Users\Dionisio Lima\OneDrive\Área de Trabalho\SOUSA_2.0_PRODUCAO\node_modules\hono\dist\cjs\utils\basic-auth.js","1623","03/08/2026 12:26:55"
"C:\Users\Dionisio Lima\OneDrive\Área de Trabalho\SOUSA_2.0_PRODUCAO\node_modules\hono\dist\cjs\utils\body.js","3802","03/08/2026 12:26:55"
"C:\Users\Dionisio Lima\OneDrive\Área de Trabalho\SOUSA_2.0_PRODUCAO\node_modules\hono\dist\cjs\utils\buffer.js","3333","03/08/2026 12:26:55"
"C:\Users\Dionisio Lima\OneDrive\Área de Trabalho\SOUSA_2.0_PRODUCAO\node_modules\hono\dist\cjs\utils\color.js","1800","03/08/2026 12:26:56"
"C:\Users\Dionisio Lima\OneDrive\Área de Trabalho\SOUSA_2.0_PRODUCAO\node_modules\hono\dist\cjs\utils\compress.js","1784","03/08/2026 12:26:58"
"C:\Users\Dionisio Lima\OneDrive\Área de Trabalho\SOUSA_2.0_PRODUCAO\node_modules\hono\dist\cjs\utils\concurrent.js","1840","03/08/2026 12:26:58"
"C:\Users\Dionisio Lima\OneDrive\Área de Trabalho\SOUSA_2.0_PRODUCAO\node_modules\hono\dist\cjs\utils\constants.js","1097","03/08/2026 12:26:59"
"C:\Users\Dionisio Lima\OneDrive\Área de Trabalho\SOUSA_2.0_PRODUCAO\node_modules\hono\dist\cjs\utils\cookie.js","6984","03/08/2026 12:26:59"
"C:\Users\Dionisio Lima\OneDrive\Área de Trabalho\SOUSA_2.0_PRODUCAO\node_modules\hono\dist\cjs\utils\crypto.js","2189","03/08/2026 12:27:00"
"C:\Users\Dionisio Lima\OneDrive\Área de Trabalho\SOUSA_2.0_PRODUCAO\node_modules\hono\dist\cjs\utils\encode.js","1971","03/08/2026 12:27:00"
"C:\Users\Dionisio Lima\OneDrive\Área de Trabalho\SOUSA_2.0_PRODUCAO\node_modules\hono\dist\cjs\utils\filepath.js","2080","03/08/2026 12:27:00"
"C:\Users\Dionisio Lima\OneDrive\Área de Trabalho\SOUSA_2.0_PRODUCAO\node_modules\hono\dist\cjs\utils\handler.js","1448","03/08/2026 12:27:01"
"C:\Users\Dionisio Lima\OneDrive\Área de Trabalho\SOUSA_2.0_PRODUCAO\node_modules\hono\dist\cjs\utils\headers.js","731","03/08/2026 12:27:01"
"C:\Users\Dionisio Lima\OneDrive\Área de Trabalho\SOUSA_2.0_PRODUCAO\node_modules\hono\dist\cjs\utils\html.js","4216","03/08/2026 12:27:01"
"C:\Users\Dionisio Lima\OneDrive\Área de Trabalho\SOUSA_2.0_PRODUCAO\node_modules\hono\dist\cjs\utils\http-status.js","739","03/08/2026 12:27:01"
"C:\Users\Dionisio Lima\OneDrive\Área de Trabalho\SOUSA_2.0_PRODUCAO\node_modules\hono\dist\cjs\utils\ipaddr (1).js","9426","03/08/2026 12:27:04"
"C:\Users\Dionisio Lima\OneDrive\Área de Trabalho\SOUSA_2.0_PRODUCAO\node_modules\hono\dist\cjs\utils\ipaddr.js","9426","03/08/2026 12:27:04"
"C:\Users\Dionisio Lima\OneDrive\Área de Trabalho\SOUSA_2.0_PRODUCAO\node_modules\hono\dist\cjs\utils\mime.js","3156","03/08/2026 12:27:04"
"C:\Users\Dionisio Lima\OneDrive\Área de Trabalho\SOUSA_2.0_PRODUCAO\node_modules\hono\dist\cjs\utils\stream.js","2806","03/08/2026 12:27:05"
"C:\Users\Dionisio Lima\OneDrive\Área de Trabalho\SOUSA_2.0_PRODUCAO\node_modules\hono\dist\cjs\utils\types.js","727","03/08/2026 12:27:06"
"C:\Users\Dionisio Lima\OneDrive\Área de Trabalho\SOUSA_2.0_PRODUCAO\node_modules\hono\dist\cjs\utils\url.js","7960","03/08/2026 12:27:07"
"C:\Users\Dionisio Lima\OneDrive\Área de Trabalho\SOUSA_2.0_PRODUCAO\node_modules\hono\dist\cjs\validator\index.js","1093","03/08/2026 12:27:03"
"C:\Users\Dionisio Lima\OneDrive\Área de Trabalho\SOUSA_2.0_PRODUCAO\node_modules\hono\dist\cjs\validator\utils.js","727","03/08/2026 12:27:07"
"C:\Users\Dionisio Lima\OneDrive\Área de Trabalho\SOUSA_2.0_PRODUCAO\node_modules\hono\dist\cjs\validator\validator.js","3853","03/08/2026 12:27:07"
"C:\Users\Dionisio Lima\OneDrive\Área de Trabalho\SOUSA_2.0_PRODUCAO\node_modules\hono\dist\cjs\compose.js","2140","03/08/2026 12:26:57"
"C:\Users\Dionisio Lima\OneDrive\Área de Trabalho\SOUSA_2.0_PRODUCAO\node_modules\hono\dist\cjs\context.js","11933","03/08/2026 12:26:59"
"C:\Users\Dionisio Lima\OneDrive\Área de Trabalho\SOUSA_2.0_PRODUCAO\node_modules\hono\dist\cjs\hono-base.js","12563","03/08/2026 12:27:01"
"C:\Users\Dionisio Lima\OneDrive\Área de Trabalho\SOUSA_2.0_PRODUCAO\node_modules\hono\dist\cjs\hono.js","1645","03/08/2026 12:27:01"
"C:\Users\Dionisio Lima\OneDrive\Área de Trabalho\SOUSA_2.0_PRODUCAO\node_modules\hono\dist\cjs\http-exception.js","1953","03/08/2026 12:27:01"
"C:\Users\Dionisio Lima\OneDrive\Área de Trabalho\SOUSA_2.0_PRODUCAO\node_modules\hono\dist\cjs\index.js","1146","03/08/2026 12:27:03"
"C:\Users\Dionisio Lima\OneDrive\Área de Trabalho\SOUSA_2.0_PRODUCAO\node_modules\hono\dist\cjs\package.json","25","03/08/2026 12:27:07"
"C:\Users\Dionisio Lima\OneDrive\Área de Trabalho\SOUSA_2.0_PRODUCAO\node_modules\hono\dist\cjs\request.js","9276","03/08/2026 12:27:05"
"C:\Users\Dionisio Lima\OneDrive\Área de Trabalho\SOUSA_2.0_PRODUCAO\node_modules\hono\dist\cjs\router.js","1641","03/08/2026 12:27:05"
"C:\Users\Dionisio Lima\OneDrive\Área de Trabalho\SOUSA_2.0_PRODUCAO\node_modules\hono\dist\cjs\types.js","1057","03/08/2026 12:27:06"
"C:\Users\Dionisio Lima\OneDrive\Área de Trabalho\SOUSA_2.0_PRODUCAO\node_modules\hono\dist\client\client.js","5420","03/08/2026 12:26:56"
"C:\Users\Dionisio Lima\OneDrive\Área de Trabalho\SOUSA_2.0_PRODUCAO\node_modules\hono\dist\client\fetch-result-please.js","1717","03/08/2026 12:27:00"
"C:\Users\Dionisio Lima\OneDrive\Área de Trabalho\SOUSA_2.0_PRODUCAO\node_modules\hono\dist\client\index.js","167","03/08/2026 12:27:03"
"C:\Users\Dionisio Lima\OneDrive\Área de Trabalho\SOUSA_2.0_PRODUCAO\node_modules\hono\dist\client\types.js","0","03/08/2026 12:27:06"
"C:\Users\Dionisio Lima\OneDrive\Área de Trabalho\SOUSA_2.0_PRODUCAO\node_modules\hono\dist\client\utils.js","1967","03/08/2026 12:27:07"
"C:\Users\Dionisio Lima\OneDrive\Área de Trabalho\SOUSA_2.0_PRODUCAO\node_modules\hono\dist\helper\accepts\accepts.js","649","03/08/2026 12:26:53"
"C:\Users\Dionisio Lima\OneDrive\Área de Trabalho\SOUSA_2.0_PRODUCAO\node_modules\hono\dist\helper\accepts\index.js","93","03/08/2026 12:27:03"
"C:\Users\Dionisio Lima\OneDrive\Área de Trabalho\SOUSA_2.0_PRODUCAO\node_modules\hono\dist\helper\adapter\index.js","1447","03/08/2026 12:27:03"
"C:\Users\Dionisio Lima\OneDrive\Área de Trabalho\SOUSA_2.0_PRODUCAO\node_modules\hono\dist\helper\conninfo\index.js","0","03/08/2026 12:27:03"
"C:\Users\Dionisio Lima\OneDrive\Área de Trabalho\SOUSA_2.0_PRODUCAO\node_modules\hono\dist\helper\conninfo\types.js","0","03/08/2026 12:27:06"
"C:\Users\Dionisio Lima\OneDrive\Área de Trabalho\SOUSA_2.0_PRODUCAO\node_modules\hono\dist\helper\cookie\index.js","2791","03/08/2026 12:27:03"
"C:\Users\Dionisio Lima\OneDrive\Área de Trabalho\SOUSA_2.0_PRODUCAO\node_modules\hono\dist\helper\css\common.js","7235","03/08/2026 12:26:57"
"C:\Users\Dionisio Lima\OneDrive\Área de Trabalho\SOUSA_2.0_PRODUCAO\node_modules\hono\dist\helper\css\index.js","4680","03/08/2026 12:27:03"
"C:\Users\Dionisio Lima\OneDrive\Área de Trabalho\SOUSA_2.0_PRODUCAO\node_modules\hono\dist\helper\dev\index.js","1789","03/08/2026 12:27:03"
"C:\Users\Dionisio Lima\OneDrive\Área de Trabalho\SOUSA_2.0_PRODUCAO\node_modules\hono\dist\helper\factory\index.js","815","03/08/2026 12:27:03"
"C:\Users\Dionisio Lima\OneDrive\Área de Trabalho\SOUSA_2.0_PRODUCAO\node_modules\hono\dist\helper\html\index.js","1472","03/08/2026 12:27:03"
"C:\Users\Dionisio Lima\OneDrive\Área de Trabalho\SOUSA_2.0_PRODUCAO\node_modules\hono\dist\helper\proxy\index.js","2788","03/08/2026 12:27:03"
"C:\Users\Dionisio Lima\OneDrive\Área de Trabalho\SOUSA_2.0_PRODUCAO\node_modules\hono\dist\helper\route\index.js","1547","03/08/2026 12:27:03"
"C:\Users\Dionisio Lima\OneDrive\Área de Trabalho\SOUSA_2.0_PRODUCAO\node_modules\hono\dist\helper\ssg\index.js","369","03/08/2026 12:27:03"
"C:\Users\Dionisio Lima\OneDrive\Área de Trabalho\SOUSA_2.0_PRODUCAO\node_modules\hono\dist\helper\ssg\middleware.js","1107","03/08/2026 12:27:04"
"C:\Users\Dionisio Lima\OneDrive\Área de Trabalho\SOUSA_2.0_PRODUCAO\node_modules\hono\dist\helper\ssg\plugins.js","1242","03/08/2026 12:27:05"
"C:\Users\Dionisio Lima\OneDrive\Área de Trabalho\SOUSA_2.0_PRODUCAO\node_modules\hono\dist\helper\ssg\ssg.js","9771","03/08/2026 12:27:05"
"C:\Users\Dionisio Lima\OneDrive\Área de Trabalho\SOUSA_2.0_PRODUCAO\node_modules\hono\dist\helper\ssg\utils.js","2130","03/08/2026 12:27:07"
"C:\Users\Dionisio Lima\OneDrive\Área de Trabalho\SOUSA_2.0_PRODUCAO\node_modules\hono\dist\helper\streaming\index.js","233","03/08/2026 12:27:04"
"C:\Users\Dionisio Lima\OneDrive\Área de Trabalho\SOUSA_2.0_PRODUCAO\node_modules\hono\dist\helper\streaming\sse.js","2091","03/08/2026 12:27:05"
"C:\Users\Dionisio Lima\OneDrive\Área de Trabalho\SOUSA_2.0_PRODUCAO\node_modules\hono\dist\helper\streaming\stream.js","893","03/08/2026 12:27:05"
"C:\Users\Dionisio Lima\OneDrive\Área de Trabalho\SOUSA_2.0_PRODUCAO\node_modules\hono\dist\helper\streaming\text.js","349","03/08/2026 12:27:06"
"C:\Users\Dionisio Lima\OneDrive\Área de Trabalho\SOUSA_2.0_PRODUCAO\node_modules\hono\dist\helper\streaming\utils.js","367","03/08/2026 12:27:07"
"C:\Users\Dionisio Lima\OneDrive\Área de Trabalho\SOUSA_2.0_PRODUCAO\node_modules\hono\dist\helper\testing\index.js","330","03/08/2026 12:27:04"
"C:\Users\Dionisio Lima\OneDrive\Área de Trabalho\SOUSA_2.0_PRODUCAO\node_modules\hono\dist\helper\websocket\index.js","1358","03/08/2026 12:27:04"
"C:\Users\Dionisio Lima\OneDrive\Área de Trabalho\SOUSA_2.0_PRODUCAO\node_modules\hono\dist\jsx\dom\hooks\index.js","1336","03/08/2026 12:27:04"
"C:\Users\Dionisio Lima\OneDrive\Área de Trabalho\SOUSA_2.0_PRODUCAO\node_modules\hono\dist\jsx\dom\intrinsic-element\components.js","10014","03/08/2026 12:26:57"
"C:\Users\Dionisio Lima\OneDrive\Área de Trabalho\SOUSA_2.0_PRODUCAO\node_modules\hono\dist\jsx\dom\client.js","1257","03/08/2026 12:26:56"
"C:\Users\Dionisio Lima\OneDrive\Área de Trabalho\SOUSA_2.0_PRODUCAO\node_modules\hono\dist\jsx\dom\components.js","726","03/08/2026 12:26:57"
"C:\Users\Dionisio Lima\OneDrive\Área de Trabalho\SOUSA_2.0_PRODUCAO\node_modules\hono\dist\jsx\dom\context.js","1128","03/08/2026 12:26:59"
"C:\Users\Dionisio Lima\OneDrive\Área de Trabalho\SOUSA_2.0_PRODUCAO\node_modules\hono\dist\jsx\dom\css.js","4041","03/08/2026 12:27:00"
"C:\Users\Dionisio Lima\OneDrive\Área de Trabalho\SOUSA_2.0_PRODUCAO\node_modules\hono\dist\jsx\dom\index.js","2962","03/08/2026 12:27:04"
"C:\Users\Dionisio Lima\OneDrive\Área de Trabalho\SOUSA_2.0_PRODUCAO\node_modules\hono\dist\jsx\dom\jsx-dev-runtime.js","416","03/08/2026 12:27:04"
"C:\Users\Dionisio Lima\OneDrive\Área de Trabalho\SOUSA_2.0_PRODUCAO\node_modules\hono\dist\jsx\dom\jsx-runtime.js","204","03/08/2026 12:27:04"
"C:\Users\Dionisio Lima\OneDrive\Área de Trabalho\SOUSA_2.0_PRODUCAO\node_modules\hono\dist\jsx\dom\render.js","19369","03/08/2026 12:27:05"
"C:\Users\Dionisio Lima\OneDrive\Área de Trabalho\SOUSA_2.0_PRODUCAO\node_modules\hono\dist\jsx\dom\server.js","996","03/08/2026 12:27:05"
"C:\Users\Dionisio Lima\OneDrive\Área de Trabalho\SOUSA_2.0_PRODUCAO\node_modules\hono\dist\jsx\dom\utils.js","195","03/08/2026 12:27:07"
"C:\Users\Dionisio Lima\OneDrive\Área de Trabalho\SOUSA_2.0_PRODUCAO\node_modules\hono\dist\jsx\hooks\index.js","9423","03/08/2026 12:27:04"
"C:\Users\Dionisio Lima\OneDrive\Área de Trabalho\SOUSA_2.0_PRODUCAO\node_modules\hono\dist\jsx\intrinsic-element\common.js","632","03/08/2026 12:26:57"
"C:\Users\Dionisio Lima\OneDrive\Área de Trabalho\SOUSA_2.0_PRODUCAO\node_modules\hono\dist\jsx\intrinsic-element\components.js","5577","03/08/2026 12:26:57"
"C:\Users\Dionisio Lima\OneDrive\Área de Trabalho\SOUSA_2.0_PRODUCAO\node_modules\hono\dist\jsx\base.js","9459","03/08/2026 12:26:55"
"C:\Users\Dionisio Lima\OneDrive\Área de Trabalho\SOUSA_2.0_PRODUCAO\node_modules\hono\dist\jsx\children.js","535","03/08/2026 12:26:56"
"C:\Users\Dionisio Lima\OneDrive\Área de Trabalho\SOUSA_2.0_PRODUCAO\node_modules\hono\dist\jsx\components.js","6578","03/08/2026 12:26:57"
"C:\Users\Dionisio Lima\OneDrive\Área de Trabalho\SOUSA_2.0_PRODUCAO\node_modules\hono\dist\jsx\constants.js","458","03/08/2026 12:26:59"
"C:\Users\Dionisio Lima\OneDrive\Área de Trabalho\SOUSA_2.0_PRODUCAO\node_modules\hono\dist\jsx\context.js","5038","03/08/2026 12:26:59"
"C:\Users\Dionisio Lima\OneDrive\Área de Trabalho\SOUSA_2.0_PRODUCAO\node_modules\hono\dist\jsx\index.js","1942","03/08/2026 12:27:04"
"C:\Users\Dionisio Lima\OneDrive\Área de Trabalho\SOUSA_2.0_PRODUCAO\node_modules\hono\dist\jsx\intrinsic-elements.js","0","03/08/2026 12:27:04"
"C:\Users\Dionisio Lima\OneDrive\Área de Trabalho\SOUSA_2.0_PRODUCAO\node_modules\hono\dist\jsx\jsx-dev-runtime.js","444","03/08/2026 12:27:04"
"C:\Users\Dionisio Lima\OneDrive\Área de Trabalho\SOUSA_2.0_PRODUCAO\node_modules\hono\dist\jsx\jsx-runtime.js","1354","03/08/2026 12:27:04"
"C:\Users\Dionisio Lima\OneDrive\Área de Trabalho\SOUSA_2.0_PRODUCAO\node_modules\hono\dist\jsx\streaming.js","4959","03/08/2026 12:27:06"
"C:\Users\Dionisio Lima\OneDrive\Área de Trabalho\SOUSA_2.0_PRODUCAO\node_modules\hono\dist\jsx\types.js","0","03/08/2026 12:27:06"
"C:\Users\Dionisio Lima\OneDrive\Área de Trabalho\SOUSA_2.0_PRODUCAO\node_modules\hono\dist\jsx\utils.js","4841","03/08/2026 12:27:07"
"C:\Users\Dionisio Lima\OneDrive\Área de Trabalho\SOUSA_2.0_PRODUCAO\node_modules\hono\dist\middleware\basic-auth\index.js","2437","03/08/2026 12:27:04"
"C:\Users\Dionisio Lima\OneDrive\Área de Trabalho\SOUSA_2.0_PRODUCAO\node_modules\hono\dist\middleware\bearer-auth\index.js","3820","03/08/2026 12:27:04"
"C:\Users\Dionisio Lima\OneDrive\Área de Trabalho\SOUSA_2.0_PRODUCAO\node_modules\hono\dist\middleware\body-limit\index.js","1509","03/08/2026 12:27:04"
"C:\Users\Dionisio Lima\OneDrive\Área de Trabalho\SOUSA_2.0_PRODUCAO\node_modules\hono\dist\middleware\cache\index.js","3844","03/08/2026 12:27:04"
"C:\Users\Dionisio Lima\OneDrive\Área de Trabalho\SOUSA_2.0_PRODUCAO\node_modules\hono\dist\middleware\combine\index.js","2108","03/08/2026 12:27:04"
"C:\Users\Dionisio Lima\OneDrive\Área de Trabalho\SOUSA_2.0_PRODUCAO\node_modules\hono\dist\middleware\compress\index.js","2749","03/08/2026 12:27:04"
"C:\Users\Dionisio Lima\OneDrive\Área de Trabalho\SOUSA_2.0_PRODUCAO\node_modules\hono\dist\middleware\context-storage\index.js","558","03/08/2026 12:27:04"
"C:\Users\Dionisio Lima\OneDrive\Área de Trabalho\SOUSA_2.0_PRODUCAO\node_modules\hono\dist\middleware\cors\index.js","2629","03/08/2026 12:27:04"
"C:\Users\Dionisio Lima\OneDrive\Área de Trabalho\SOUSA_2.0_PRODUCAO\node_modules\hono\dist\middleware\csrf\index.js","2133","03/08/2026 12:27:04"
"C:\Users\Dionisio Lima\OneDrive\Área de Trabalho\SOUSA_2.0_PRODUCAO\node_modules\hono\dist\middleware\etag\digest.js","812","03/08/2026 12:27:00"
"C:\Users\Dionisio Lima\OneDrive\Área de Trabalho\SOUSA_2.0_PRODUCAO\node_modules\hono\dist\middleware\etag\index.js","1954","03/08/2026 12:27:04"
"C:\Users\Dionisio Lima\OneDrive\Área de Trabalho\SOUSA_2.0_PRODUCAO\node_modules\hono\dist\middleware\ip-restriction\index.js","5177","03/08/2026 12:27:04"
"C:\Users\Dionisio Lima\OneDrive\Área de Trabalho\SOUSA_2.0_PRODUCAO\node_modules\hono\dist\middleware\jsx-renderer\index.js","1787","03/08/2026 12:27:04"
"C:\Users\Dionisio Lima\OneDrive\Área de Trabalho\SOUSA_2.0_PRODUCAO\node_modules\hono\dist\middleware\jwk\index.js","81","03/08/2026 12:27:04"
"C:\Users\Dionisio Lima\OneDrive\Área de Trabalho\SOUSA_2.0_PRODUCAO\node_modules\hono\dist\middleware\jwk\jwk.js","3616","03/08/2026 12:27:04"
"C:\Users\Dionisio Lima\OneDrive\Área de Trabalho\SOUSA_2.0_PRODUCAO\node_modules\hono\dist\middleware\jwt\index.js","240","03/08/2026 12:27:04"
"C:\Users\Dionisio Lima\OneDrive\Área de Trabalho\SOUSA_2.0_PRODUCAO\node_modules\hono\dist\middleware\jwt\jwt.js","3402","03/08/2026 12:27:04"
"C:\Users\Dionisio Lima\OneDrive\Área de Trabalho\SOUSA_2.0_PRODUCAO\node_modules\hono\dist\middleware\language\index.js","273","03/08/2026 12:27:04"
"C:\Users\Dionisio Lima\OneDrive\Área de Trabalho\SOUSA_2.0_PRODUCAO\node_modules\hono\dist\middleware\language\language.js","5093","03/08/2026 12:27:04"
"C:\Users\Dionisio Lima\OneDrive\Área de Trabalho\SOUSA_2.0_PRODUCAO\node_modules\hono\dist\middleware\logger\index.js","1466","03/08/2026 12:27:04"
"C:\Users\Dionisio Lima\OneDrive\Área de Trabalho\SOUSA_2.0_PRODUCAO\node_modules\hono\dist\middleware\method-override\index.js","2740","03/08/2026 12:27:04"
"C:\Users\Dionisio Lima\OneDrive\Área de Trabalho\SOUSA_2.0_PRODUCAO\node_modules\hono\dist\middleware\powered-by\index.js","235","03/08/2026 12:27:04"
"C:\Users\Dionisio Lima\OneDrive\Área de Trabalho\SOUSA_2.0_PRODUCAO\node_modules\hono\dist\middleware\pretty-json\index.js","531","03/08/2026 12:27:04"
"C:\Users\Dionisio Lima\OneDrive\Área de Trabalho\SOUSA_2.0_PRODUCAO\node_modules\hono\dist\middleware\request-id\index.js","107","03/08/2026 12:27:04"
"C:\Users\Dionisio Lima\OneDrive\Área de Trabalho\SOUSA_2.0_PRODUCAO\node_modules\hono\dist\middleware\request-id\request-id.js","529","03/08/2026 12:27:05"
"C:\Users\Dionisio Lima\OneDrive\Área de Trabalho\SOUSA_2.0_PRODUCAO\node_modules\hono\dist\middleware\secure-headers\index.js","139","03/08/2026 12:27:04"
"C:\Users\Dionisio Lima\OneDrive\Área de Trabalho\SOUSA_2.0_PRODUCAO\node_modules\hono\dist\middleware\secure-headers\permissions-policy.js","0","03/08/2026 12:27:05"
"C:\Users\Dionisio Lima\OneDrive\Área de Trabalho\SOUSA_2.0_PRODUCAO\node_modules\hono\dist\middleware\secure-headers\secure-headers.js","6039","03/08/2026 12:27:05"
"C:\Users\Dionisio Lima\OneDrive\Área de Trabalho\SOUSA_2.0_PRODUCAO\node_modules\hono\dist\middleware\serve-static\index.js","2518","03/08/2026 12:27:04"
"C:\Users\Dionisio Lima\OneDrive\Área de Trabalho\SOUSA_2.0_PRODUCAO\node_modules\hono\dist\middleware\serve-static\path.js","512","03/08/2026 12:27:05"
"C:\Users\Dionisio Lima\OneDrive\Área de Trabalho\SOUSA_2.0_PRODUCAO\node_modules\hono\dist\middleware\timeout\index.js","692","03/08/2026 12:27:04"
"C:\Users\Dionisio Lima\OneDrive\Área de Trabalho\SOUSA_2.0_PRODUCAO\node_modules\hono\dist\middleware\timing\index.js","183","03/08/2026 12:27:04"
"C:\Users\Dionisio Lima\OneDrive\Área de Trabalho\SOUSA_2.0_PRODUCAO\node_modules\hono\dist\middleware\timing\timing.js","2971","03/08/2026 12:27:06"
"C:\Users\Dionisio Lima\OneDrive\Área de Trabalho\SOUSA_2.0_PRODUCAO\node_modules\hono\dist\middleware\trailing-slash\index.js","1582","03/08/2026 12:27:04"
"C:\Users\Dionisio Lima\OneDrive\Área de Trabalho\SOUSA_2.0_PRODUCAO\node_modules\hono\dist\preset\quick.js","466","03/08/2026 12:27:05"
"C:\Users\Dionisio Lima\OneDrive\Área de Trabalho\SOUSA_2.0_PRODUCAO\node_modules\hono\dist\preset\tiny.js","284","03/08/2026 12:27:06"
"C:\Users\Dionisio Lima\OneDrive\Área de Trabalho\SOUSA_2.0_PRODUCAO\node_modules\hono\dist\request\constants.js","108","03/08/2026 12:26:59"
"C:\Users\Dionisio Lima\OneDrive\Área de Trabalho\SOUSA_2.0_PRODUCAO\node_modules\hono\dist\router\linear-router\index.js","108","03/08/2026 12:27:04"
"C:\Users\Dionisio Lima\OneDrive\Área de Trabalho\SOUSA_2.0_PRODUCAO\node_modules\hono\dist\router\linear-router\router.js","4768","03/08/2026 12:27:05"
"C:\Users\Dionisio Lima\OneDrive\Área de Trabalho\SOUSA_2.0_PRODUCAO\node_modules\hono\dist\router\pattern-router\index.js","111","03/08/2026 12:27:04"
"C:\Users\Dionisio Lima\OneDrive\Área de Trabalho\SOUSA_2.0_PRODUCAO\node_modules\hono\dist\router\pattern-router\router.js","1513","03/08/2026 12:27:05"
"C:\Users\Dionisio Lima\OneDrive\Área de Trabalho\SOUSA_2.0_PRODUCAO\node_modules\hono\dist\router\reg-exp-router\index.js","274","03/08/2026 12:27:04"
"C:\Users\Dionisio Lima\OneDrive\Área de Trabalho\SOUSA_2.0_PRODUCAO\node_modules\hono\dist\router\reg-exp-router\matcher.js","670","03/08/2026 12:27:04"
"C:\Users\Dionisio Lima\OneDrive\Área de Trabalho\SOUSA_2.0_PRODUCAO\node_modules\hono\dist\router\reg-exp-router\node.js","3411","03/08/2026 12:27:05"
"C:\Users\Dionisio Lima\OneDrive\Área de Trabalho\SOUSA_2.0_PRODUCAO\node_modules\hono\dist\router\reg-exp-router\prepared-router.js","4252","03/08/2026 12:27:05"
"C:\Users\Dionisio Lima\OneDrive\Área de Trabalho\SOUSA_2.0_PRODUCAO\node_modules\hono\dist\router\reg-exp-router\router.js","6502","03/08/2026 12:27:05"
"C:\Users\Dionisio Lima\OneDrive\Área de Trabalho\SOUSA_2.0_PRODUCAO\node_modules\hono\dist\router\reg-exp-router\trie.js","1689","03/08/2026 12:27:06"
"C:\Users\Dionisio Lima\OneDrive\Área de Trabalho\SOUSA_2.0_PRODUCAO\node_modules\hono\dist\router\smart-router\index.js","105","03/08/2026 12:27:04"
"C:\Users\Dionisio Lima\OneDrive\Área de Trabalho\SOUSA_2.0_PRODUCAO\node_modules\hono\dist\router\smart-router\router.js","1496","03/08/2026 12:27:05"
"C:\Users\Dionisio Lima\OneDrive\Área de Trabalho\SOUSA_2.0_PRODUCAO\node_modules\hono\dist\router\trie-router\index.js","102","03/08/2026 12:27:04"
"C:\Users\Dionisio Lima\OneDrive\Área de Trabalho\SOUSA_2.0_PRODUCAO\node_modules\hono\dist\router\trie-router\node.js","6456","03/08/2026 12:27:05"
"C:\Users\Dionisio Lima\OneDrive\Área de Trabalho\SOUSA_2.0_PRODUCAO\node_modules\hono\dist\router\trie-router\router.js","633","03/08/2026 12:27:05"
"C:\Users\Dionisio Lima\OneDrive\Área de Trabalho\SOUSA_2.0_PRODUCAO\node_modules\hono\dist\types\package.json","25","03/08/2026 12:27:07"
"C:\Users\Dionisio Lima\OneDrive\Área de Trabalho\SOUSA_2.0_PRODUCAO\node_modules\hono\dist\utils\jwt\index.js","161","03/08/2026 12:27:04"
"C:\Users\Dionisio Lima\OneDrive\Área de Trabalho\SOUSA_2.0_PRODUCAO\node_modules\hono\dist\utils\jwt\jwa.js","660","03/08/2026 12:27:04"
"C:\Users\Dionisio Lima\OneDrive\Área de Trabalho\SOUSA_2.0_PRODUCAO\node_modules\hono\dist\utils\jwt\jws.js","5187","03/08/2026 12:27:04"
"C:\Users\Dionisio Lima\OneDrive\Área de Trabalho\SOUSA_2.0_PRODUCAO\node_modules\hono\dist\utils\jwt\jwt.js","6471","03/08/2026 12:27:04"
"C:\Users\Dionisio Lima\OneDrive\Área de Trabalho\SOUSA_2.0_PRODUCAO\node_modules\hono\dist\utils\jwt\types.js","3790","03/08/2026 12:27:06"
"C:\Users\Dionisio Lima\OneDrive\Área de Trabalho\SOUSA_2.0_PRODUCAO\node_modules\hono\dist\utils\jwt\utf8.js","140","03/08/2026 12:27:07"
"C:\Users\Dionisio Lima\OneDrive\Área de Trabalho\SOUSA_2.0_PRODUCAO\node_modules\hono\dist\utils\accept.js","5673","03/08/2026 12:26:53"
"C:\Users\Dionisio Lima\OneDrive\Área de Trabalho\SOUSA_2.0_PRODUCAO\node_modules\hono\dist\utils\basic-auth.js","628","03/08/2026 12:26:55"
"C:\Users\Dionisio Lima\OneDrive\Área de Trabalho\SOUSA_2.0_PRODUCAO\node_modules\hono\dist\utils\body.js","2813","03/08/2026 12:26:55"
"C:\Users\Dionisio Lima\OneDrive\Área de Trabalho\SOUSA_2.0_PRODUCAO\node_modules\hono\dist\utils\buffer.js","2199","03/08/2026 12:26:56"
"C:\Users\Dionisio Lima\OneDrive\Área de Trabalho\SOUSA_2.0_PRODUCAO\node_modules\hono\dist\utils\color.js","765","03/08/2026 12:26:56"
"C:\Users\Dionisio Lima\OneDrive\Área de Trabalho\SOUSA_2.0_PRODUCAO\node_modules\hono\dist\utils\compress.js","761","03/08/2026 12:26:58"
"C:\Users\Dionisio Lima\OneDrive\Área de Trabalho\SOUSA_2.0_PRODUCAO\node_modules\hono\dist\utils\concurrent.js","853","03/08/2026 12:26:58"
"C:\Users\Dionisio Lima\OneDrive\Área de Trabalho\SOUSA_2.0_PRODUCAO\node_modules\hono\dist\utils\constants.js","102","03/08/2026 12:26:59"
"C:\Users\Dionisio Lima\OneDrive\Área de Trabalho\SOUSA_2.0_PRODUCAO\node_modules\hono\dist\utils\cookie.js","5884","03/08/2026 12:27:00"
"C:\Users\Dionisio Lima\OneDrive\Área de Trabalho\SOUSA_2.0_PRODUCAO\node_modules\hono\dist\utils\crypto.js","1144","03/08/2026 12:27:00"
"C:\Users\Dionisio Lima\OneDrive\Área de Trabalho\SOUSA_2.0_PRODUCAO\node_modules\hono\dist\utils\encode.js","864","03/08/2026 12:27:00"
"C:\Users\Dionisio Lima\OneDrive\Área de Trabalho\SOUSA_2.0_PRODUCAO\node_modules\hono\dist\utils\filepath.js","1017","03/08/2026 12:27:00"
"C:\Users\Dionisio Lima\OneDrive\Área de Trabalho\SOUSA_2.0_PRODUCAO\node_modules\hono\dist\utils\handler.js","387","03/08/2026 12:27:01"
"C:\Users\Dionisio Lima\OneDrive\Área de Trabalho\SOUSA_2.0_PRODUCAO\node_modules\hono\dist\utils\headers.js","0","03/08/2026 12:27:01"
"C:\Users\Dionisio Lima\OneDrive\Área de Trabalho\SOUSA_2.0_PRODUCAO\node_modules\hono\dist\utils\html.js","3001","03/08/2026 12:27:01"
"C:\Users\Dionisio Lima\OneDrive\Área de Trabalho\SOUSA_2.0_PRODUCAO\node_modules\hono\dist\utils\http-status.js","0","03/08/2026 12:27:01"
"C:\Users\Dionisio Lima\OneDrive\Área de Trabalho\SOUSA_2.0_PRODUCAO\node_modules\hono\dist\utils\ipaddr.js","7947","03/08/2026 12:27:04"
"C:\Users\Dionisio Lima\OneDrive\Área de Trabalho\SOUSA_2.0_PRODUCAO\node_modules\hono\dist\utils\mime.js","2126","03/08/2026 12:27:04"
"C:\Users\Dionisio Lima\OneDrive\Área de Trabalho\SOUSA_2.0_PRODUCAO\node_modules\hono\dist\utils\stream.js","1834","03/08/2026 12:27:05"
"C:\Users\Dionisio Lima\OneDrive\Área de Trabalho\SOUSA_2.0_PRODUCAO\node_modules\hono\dist\utils\types.js","0","03/08/2026 12:27:06"
"C:\Users\Dionisio Lima\OneDrive\Área de Trabalho\SOUSA_2.0_PRODUCAO\node_modules\hono\dist\utils\url.js","6491","03/08/2026 12:27:07"
"C:\Users\Dionisio Lima\OneDrive\Área de Trabalho\SOUSA_2.0_PRODUCAO\node_modules\hono\dist\validator\index.js","94","03/08/2026 12:27:04"
"C:\Users\Dionisio Lima\OneDrive\Área de Trabalho\SOUSA_2.0_PRODUCAO\node_modules\hono\dist\validator\utils.js","0","03/08/2026 12:27:07"
"C:\Users\Dionisio Lima\OneDrive\Área de Trabalho\SOUSA_2.0_PRODUCAO\node_modules\hono\dist\validator\validator.js","2797","03/08/2026 12:27:07"
"C:\Users\Dionisio Lima\OneDrive\Área de Trabalho\SOUSA_2.0_PRODUCAO\node_modules\hono\dist\compose.js","1161","03/08/2026 12:26:57"
"C:\Users\Dionisio Lima\OneDrive\Área de Trabalho\SOUSA_2.0_PRODUCAO\node_modules\hono\dist\context.js","10916","03/08/2026 12:26:59"
"C:\Users\Dionisio Lima\OneDrive\Área de Trabalho\SOUSA_2.0_PRODUCAO\node_modules\hono\dist\hono-base.js","11425","03/08/2026 12:27:01"
"C:\Users\Dionisio Lima\OneDrive\Área de Trabalho\SOUSA_2.0_PRODUCAO\node_modules\hono\dist\hono.js","610","03/08/2026 12:27:01"
"C:\Users\Dionisio Lima\OneDrive\Área de Trabalho\SOUSA_2.0_PRODUCAO\node_modules\hono\dist\http-exception.js","957","03/08/2026 12:27:01"
"C:\Users\Dionisio Lima\OneDrive\Área de Trabalho\SOUSA_2.0_PRODUCAO\node_modules\hono\dist\index.js","120","03/08/2026 12:27:04"
"C:\Users\Dionisio Lima\OneDrive\Área de Trabalho\SOUSA_2.0_PRODUCAO\node_modules\hono\dist\request.js","8194","03/08/2026 12:27:05"
"C:\Users\Dionisio Lima\OneDrive\Área de Trabalho\SOUSA_2.0_PRODUCAO\node_modules\hono\dist\router.js","433","03/08/2026 12:27:05"
"C:\Users\Dionisio Lima\OneDrive\Área de Trabalho\SOUSA_2.0_PRODUCAO\node_modules\hono\dist\types.js","77","03/08/2026 12:27:06"
"C:\Users\Dionisio Lima\OneDrive\Área de Trabalho\SOUSA_2.0_PRODUCAO\node_modules\hono\package.json","23279","03/08/2026 12:27:07"
"C:\Users\Dionisio Lima\OneDrive\Área de Trabalho\SOUSA_2.0_PRODUCAO\node_modules\hosted-git-info\lib\from-url.js","4219","03/08/2026 12:26:52"
"C:\Users\Dionisio Lima\OneDrive\Área de Trabalho\SOUSA_2.0_PRODUCAO\node_modules\hosted-git-info\lib\hosts.js","8980","03/08/2026 12:26:52"
"C:\Users\Dionisio Lima\OneDrive\Área de Trabalho\SOUSA_2.0_PRODUCAO\node_modules\hosted-git-info\lib\index.js","4416","03/08/2026 12:26:53"
"C:\Users\Dionisio Lima\OneDrive\Área de Trabalho\SOUSA_2.0_PRODUCAO\node_modules\hosted-git-info\lib\parse-url.js","2517","03/08/2026 12:26:53"
"C:\Users\Dionisio Lima\OneDrive\Área de Trabalho\SOUSA_2.0_PRODUCAO\node_modules\hosted-git-info\package.json","1457","03/08/2026 12:26:53"
"C:\Users\Dionisio Lima\OneDrive\Área de Trabalho\SOUSA_2.0_PRODUCAO\node_modules\http-errors\index.js","6430","03/08/2026 12:26:52"
"C:\Users\Dionisio Lima\OneDrive\Área de Trabalho\SOUSA_2.0_PRODUCAO\node_modules\http-errors\package.json","1410","03/08/2026 12:26:52"
"C:\Users\Dionisio Lima\OneDrive\Área de Trabalho\SOUSA_2.0_PRODUCAO\node_modules\https-proxy-agent\dist\index.js","7451","03/08/2026 12:26:53"
"C:\Users\Dionisio Lima\OneDrive\Área de Trabalho\SOUSA_2.0_PRODUCAO\node_modules\https-proxy-agent\dist\parse-proxy-response.js","3908","03/08/2026 12:26:53"
"C:\Users\Dionisio Lima\OneDrive\Área de Trabalho\SOUSA_2.0_PRODUCAO\node_modules\https-proxy-agent\package.json","1223","03/08/2026 12:26:53"
"C:\Users\Dionisio Lima\OneDrive\Área de Trabalho\SOUSA_2.0_PRODUCAO\node_modules\iconv-lite\encodings\tables\big5-added.json","17717","03/08/2026 12:26:55"
"C:\Users\Dionisio Lima\OneDrive\Área de Trabalho\SOUSA_2.0_PRODUCAO\node_modules\iconv-lite\encodings\tables\cp936.json","47320","03/08/2026 12:26:56"
"C:\Users\Dionisio Lima\OneDrive\Área de Trabalho\SOUSA_2.0_PRODUCAO\node_modules\iconv-lite\encodings\tables\cp949.json","38122","03/08/2026 12:26:56"
"C:\Users\Dionisio Lima\OneDrive\Área de Trabalho\SOUSA_2.0_PRODUCAO\node_modules\iconv-lite\encodings\tables\cp950.json","42356","03/08/2026 12:26:56"
"C:\Users\Dionisio Lima\OneDrive\Área de Trabalho\SOUSA_2.0_PRODUCAO\node_modules\iconv-lite\encodings\tables\eucjp.json","41064","03/08/2026 12:26:56"
"C:\Users\Dionisio Lima\OneDrive\Área de Trabalho\SOUSA_2.0_PRODUCAO\node_modules\iconv-lite\encodings\tables\gb18030-ranges.json","2216","03/08/2026 12:26:56"
"C:\Users\Dionisio Lima\OneDrive\Área de Trabalho\SOUSA_2.0_PRODUCAO\node_modules\iconv-lite\encodings\tables\gbk-added.json","1247","03/08/2026 12:26:56"
"C:\Users\Dionisio Lima\OneDrive\Área de Trabalho\SOUSA_2.0_PRODUCAO\node_modules\iconv-lite\encodings\tables\shiftjis.json","23782","03/08/2026 12:26:56"
"C:\Users\Dionisio Lima\OneDrive\Área de Trabalho\SOUSA_2.0_PRODUCAO\node_modules\iconv-lite\encodings\dbcs-codec.js","20464","03/08/2026 12:26:52"
"C:\Users\Dionisio Lima\OneDrive\Área de Trabalho\SOUSA_2.0_PRODUCAO\node_modules\iconv-lite\encodings\dbcs-data.js","8881","03/08/2026 12:26:53"
"C:\Users\Dionisio Lima\OneDrive\Área de Trabalho\SOUSA_2.0_PRODUCAO\node_modules\iconv-lite\encodings\index.js","670","03/08/2026 12:26:53"
"C:\Users\Dionisio Lima\OneDrive\Área de Trabalho\SOUSA_2.0_PRODUCAO\node_modules\iconv-lite\encodings\internal.js","6560","03/08/2026 12:26:54"
"C:\Users\Dionisio Lima\OneDrive\Área de Trabalho\SOUSA_2.0_PRODUCAO\node_modules\iconv-lite\encodings\sbcs-codec.js","2114","03/08/2026 12:26:55"
"C:\Users\Dionisio Lima\OneDrive\Área de Trabalho\SOUSA_2.0_PRODUCAO\node_modules\iconv-lite\encodings\sbcs-data-generated.js","32034","03/08/2026 12:26:55"
"C:\Users\Dionisio Lima\OneDrive\Área de Trabalho\SOUSA_2.0_PRODUCAO\node_modules\iconv-lite\encodings\sbcs-data.js","4577","03/08/2026 12:26:55"
"C:\Users\Dionisio Lima\OneDrive\Área de Trabalho\SOUSA_2.0_PRODUCAO\node_modules\iconv-lite\encodings\utf16.js","5097","03/08/2026 12:26:55"
"C:\Users\Dionisio Lima\OneDrive\Área de Trabalho\SOUSA_2.0_PRODUCAO\node_modules\iconv-lite\encodings\utf32.js","9531","03/08/2026 12:26:55"
"C:\Users\Dionisio Lima\OneDrive\Área de Trabalho\SOUSA_2.0_PRODUCAO\node_modules\iconv-lite\encodings\utf7.js","8580","03/08/2026 12:26:55"
"C:\Users\Dionisio Lima\OneDrive\Área de Trabalho\SOUSA_2.0_PRODUCAO\node_modules\iconv-lite\lib\helpers\merge-exports.js","310","03/08/2026 12:26:54"
"C:\Users\Dionisio Lima\OneDrive\Área de Trabalho\SOUSA_2.0_PRODUCAO\node_modules\iconv-lite\lib\bom-handling.js","1035","03/08/2026 12:26:52"
"C:\Users\Dionisio Lima\OneDrive\Área de Trabalho\SOUSA_2.0_PRODUCAO\node_modules\iconv-lite\lib\index.js","6711","03/08/2026 12:26:53"
"C:\Users\Dionisio Lima\OneDrive\Área de Trabalho\SOUSA_2.0_PRODUCAO\node_modules\iconv-lite\lib\streams.js","2979","03/08/2026 12:26:55"
"C:\Users\Dionisio Lima\OneDrive\Área de Trabalho\SOUSA_2.0_PRODUCAO\node_modules\iconv-lite\package.json","2260","03/08/2026 12:26:56"
"C:\Users\Dionisio Lima\OneDrive\Área de Trabalho\SOUSA_2.0_PRODUCAO\node_modules\index-to-position\index.js","1026","03/08/2026 12:26:52"
"C:\Users\Dionisio Lima\OneDrive\Área de Trabalho\SOUSA_2.0_PRODUCAO\node_modules\index-to-position\package.json","877","03/08/2026 12:26:52"
"C:\Users\Dionisio Lima\OneDrive\Área de Trabalho\SOUSA_2.0_PRODUCAO\node_modules\inflection\.vscode\settings.json","35","03/08/2026 12:26:53"
"C:\Users\Dionisio Lima\OneDrive\Área de Trabalho\SOUSA_2.0_PRODUCAO\node_modules\inflection\lib\inflection.js","26557","03/08/2026 12:26:52"
"C:\Users\Dionisio Lima\OneDrive\Área de Trabalho\SOUSA_2.0_PRODUCAO\node_modules\inflection\package.json","2161","03/08/2026 12:26:53"
"C:\Users\Dionisio Lima\OneDrive\Área de Trabalho\SOUSA_2.0_PRODUCAO\node_modules\inflection\tsconfig.json","11319","03/08/2026 12:26:53"
"C:\Users\Dionisio Lima\OneDrive\Área de Trabalho\SOUSA_2.0_PRODUCAO\node_modules\inflection\vite.config.js","117","03/08/2026 12:26:53"
"C:\Users\Dionisio Lima\OneDrive\Área de Trabalho\SOUSA_2.0_PRODUCAO\node_modules\inherits\inherits.js","250","03/08/2026 12:26:52"
"C:\Users\Dionisio Lima\OneDrive\Área de Trabalho\SOUSA_2.0_PRODUCAO\node_modules\inherits\inherits_browser.js","753","03/08/2026 12:26:52"
"C:\Users\Dionisio Lima\OneDrive\Área de Trabalho\SOUSA_2.0_PRODUCAO\node_modules\inherits\package.json","581","03/08/2026 12:26:52"
"C:\Users\Dionisio Lima\OneDrive\Área de Trabalho\SOUSA_2.0_PRODUCAO\node_modules\inquirer\dist\commonjs\ui\prompt.js","10791","03/08/2026 12:26:53"
"C:\Users\Dionisio Lima\OneDrive\Área de Trabalho\SOUSA_2.0_PRODUCAO\node_modules\inquirer\dist\commonjs\index.js","2200","03/08/2026 12:26:52"
"C:\Users\Dionisio Lima\OneDrive\Área de Trabalho\SOUSA_2.0_PRODUCAO\node_modules\inquirer\dist\commonjs\package.json","25","03/08/2026 12:26:55"
"C:\Users\Dionisio Lima\OneDrive\Área de Trabalho\SOUSA_2.0_PRODUCAO\node_modules\inquirer\dist\commonjs\types.js","77","03/08/2026 12:26:54"
"C:\Users\Dionisio Lima\OneDrive\Área de Trabalho\SOUSA_2.0_PRODUCAO\node_modules\inquirer\dist\esm\ui\prompt.js","10277","03/08/2026 12:26:53"
"C:\Users\Dionisio Lima\OneDrive\Área de Trabalho\SOUSA_2.0_PRODUCAO\node_modules\inquirer\dist\esm\index.js","1776","03/08/2026 12:26:53"
"C:\Users\Dionisio Lima\OneDrive\Área de Trabalho\SOUSA_2.0_PRODUCAO\node_modules\inquirer\dist\esm\package.json","23","03/08/2026 12:26:55"
"C:\Users\Dionisio Lima\OneDrive\Área de Trabalho\SOUSA_2.0_PRODUCAO\node_modules\inquirer\dist\esm\types.js","11","03/08/2026 12:26:55"
"C:\Users\Dionisio Lima\OneDrive\Área de Trabalho\SOUSA_2.0_PRODUCAO\node_modules\inquirer\package.json","2353","03/08/2026 12:26:55"
"C:\Users\Dionisio Lima\OneDrive\Área de Trabalho\SOUSA_2.0_PRODUCAO\node_modules\inquirer-autocomplete-standalone\dist\index.js","9063","03/08/2026 12:26:52"
"C:\Users\Dionisio Lima\OneDrive\Área de Trabalho\SOUSA_2.0_PRODUCAO\node_modules\inquirer-autocomplete-standalone\node_modules\@inquirer\core\dist\cjs\lib\key.js","996","03/08/2026 12:26:53"
"C:\Users\Dionisio Lima\OneDrive\Área de Trabalho\SOUSA_2.0_PRODUCAO\node_modules\inquirer-autocomplete-standalone\node_modules\@inquirer\core\dist\cjs\lib\options.js","1143","03/08/2026 12:26:54"
"C:\Users\Dionisio Lima\OneDrive\Área de Trabalho\SOUSA_2.0_PRODUCAO\node_modules\inquirer-autocomplete-standalone\node_modules\@inquirer\core\dist\cjs\lib\prefix.js","1025","03/08/2026 12:26:55"
"C:\Users\Dionisio Lima\OneDrive\Área de Trabalho\SOUSA_2.0_PRODUCAO\node_modules\inquirer-autocomplete-standalone\node_modules\@inquirer\core\dist\cjs\lib\screen-manager.js","5213","03/08/2026 12:26:55"
"C:\Users\Dionisio Lima\OneDrive\Área de Trabalho\SOUSA_2.0_PRODUCAO\node_modules\inquirer-autocomplete-standalone\node_modules\@inquirer\core\dist\cjs\lib\Separator.js","1096","03/08/2026 12:26:55"
"C:\Users\Dionisio Lima\OneDrive\Área de Trabalho\SOUSA_2.0_PRODUCAO\node_modules\inquirer-autocomplete-standalone\node_modules\@inquirer\core\dist\cjs\lib\utils.js","780","03/08/2026 12:26:55"
"C:\Users\Dionisio Lima\OneDrive\Área de Trabalho\SOUSA_2.0_PRODUCAO\node_modules\inquirer-autocomplete-standalone\node_modules\@inquirer\core\dist\cjs\index.js","11001","03/08/2026 12:26:53"
"C:\Users\Dionisio Lima\OneDrive\Área de Trabalho\SOUSA_2.0_PRODUCAO\node_modules\inquirer-autocomplete-standalone\node_modules\@inquirer\core\node_modules\figures\index.js","2931","03/08/2026 12:26:52"
"C:\Users\Dionisio Lima\OneDrive\Área de Trabalho\SOUSA_2.0_PRODUCAO\node_modules\inquirer-autocomplete-standalone\node_modules\@inquirer\core\node_modules\figures\package.json","807","03/08/2026 12:26:52"
"C:\Users\Dionisio Lima\OneDrive\Área de Trabalho\SOUSA_2.0_PRODUCAO\node_modules\inquirer-autocomplete-standalone\node_modules\@inquirer\core\package.json","2152","03/08/2026 12:26:55"
"C:\Users\Dionisio Lima\OneDrive\Área de Trabalho\SOUSA_2.0_PRODUCAO\node_modules\inquirer-autocomplete-standalone\node_modules\@inquirer\type\dist\cjs\index.js","852","03/08/2026 12:26:52"
"C:\Users\Dionisio Lima\OneDrive\Área de Trabalho\SOUSA_2.0_PRODUCAO\node_modules\inquirer-autocomplete-standalone\node_modules\@inquirer\type\dist\cjs\inquirer.js","702","03/08/2026 12:26:52"
"C:\Users\Dionisio Lima\OneDrive\Área de Trabalho\SOUSA_2.0_PRODUCAO\node_modules\inquirer-autocomplete-standalone\node_modules\@inquirer\type\dist\cjs\utils.js","133","03/08/2026 12:26:53"
"C:\Users\Dionisio Lima\OneDrive\Área de Trabalho\SOUSA_2.0_PRODUCAO\node_modules\inquirer-autocomplete-standalone\node_modules\@inquirer\type\package.json","1608","03/08/2026 12:26:53"
"C:\Users\Dionisio Lima\OneDrive\Área de Trabalho\SOUSA_2.0_PRODUCAO\node_modules\inquirer-autocomplete-standalone\node_modules\ansi-regex\index.js","350","03/08/2026 12:26:52"
"C:\Users\Dionisio Lima\OneDrive\Área de Trabalho\SOUSA_2.0_PRODUCAO\node_modules\inquirer-autocomplete-standalone\node_modules\ansi-regex\package.json","841","03/08/2026 12:26:52"
"C:\Users\Dionisio Lima\OneDrive\Área de Trabalho\SOUSA_2.0_PRODUCAO\node_modules\inquirer-autocomplete-standalone\node_modules\ansi-styles\index.js","4139","03/08/2026 12:26:52"
"C:\Users\Dionisio Lima\OneDrive\Área de Trabalho\SOUSA_2.0_PRODUCAO\node_modules\inquirer-autocomplete-standalone\node_modules\ansi-styles\package.json","1054","03/08/2026 12:26:52"
"C:\Users\Dionisio Lima\OneDrive\Área de Trabalho\SOUSA_2.0_PRODUCAO\node_modules\inquirer-autocomplete-standalone\node_modules\chalk\source\index.js","6075","03/08/2026 12:26:52"
"C:\Users\Dionisio Lima\OneDrive\Área de Trabalho\SOUSA_2.0_PRODUCAO\node_modules\inquirer-autocomplete-standalone\node_modules\chalk\source\templates.js","3367","03/08/2026 12:26:52"
"C:\Users\Dionisio Lima\OneDrive\Área de Trabalho\SOUSA_2.0_PRODUCAO\node_modules\inquirer-autocomplete-standalone\node_modules\chalk\source\util.js","1035","03/08/2026 12:26:53"
"C:\Users\Dionisio Lima\OneDrive\Área de Trabalho\SOUSA_2.0_PRODUCAO\node_modules\inquirer-autocomplete-standalone\node_modules\chalk\package.json","1197","03/08/2026 12:26:53"
"C:\Users\Dionisio Lima\OneDrive\Área de Trabalho\SOUSA_2.0_PRODUCAO\node_modules\inquirer-autocomplete-standalone\node_modules\escape-string-regexp\index.js","226","03/08/2026 12:26:52"
"C:\Users\Dionisio Lima\OneDrive\Área de Trabalho\SOUSA_2.0_PRODUCAO\node_modules\inquirer-autocomplete-standalone\node_modules\escape-string-regexp\package.json","791","03/08/2026 12:26:52"
"C:\Users\Dionisio Lima\OneDrive\Área de Trabalho\SOUSA_2.0_PRODUCAO\node_modules\inquirer-autocomplete-standalone\node_modules\mute-stream\lib\index.js","2841","03/08/2026 12:26:52"
"C:\Users\Dionisio Lima\OneDrive\Área de Trabalho\SOUSA_2.0_PRODUCAO\node_modules\inquirer-autocomplete-standalone\node_modules\mute-stream\package.json","1163","03/08/2026 12:26:52"
"C:\Users\Dionisio Lima\OneDrive\Área de Trabalho\SOUSA_2.0_PRODUCAO\node_modules\inquirer-autocomplete-standalone\node_modules\run-async\index.js","3555","03/08/2026 12:26:52"
"C:\Users\Dionisio Lima\OneDrive\Área de Trabalho\SOUSA_2.0_PRODUCAO\node_modules\inquirer-autocomplete-standalone\node_modules\run-async\package.json","554","03/08/2026 12:26:52"
"C:\Users\Dionisio Lima\OneDrive\Área de Trabalho\SOUSA_2.0_PRODUCAO\node_modules\inquirer-autocomplete-standalone\node_modules\strip-ansi\index.js","154","03/08/2026 12:26:52"
"C:\Users\Dionisio Lima\OneDrive\Área de Trabalho\SOUSA_2.0_PRODUCAO\node_modules\inquirer-autocomplete-standalone\node_modules\strip-ansi\package.json","798","03/08/2026 12:26:52"
"C:\Users\Dionisio Lima\OneDrive\Área de Trabalho\SOUSA_2.0_PRODUCAO\node_modules\inquirer-autocomplete-standalone\package.json","2139","03/08/2026 12:26:52"
"C:\Users\Dionisio Lima\OneDrive\Área de Trabalho\SOUSA_2.0_PRODUCAO\node_modules\intl-messageformat\lib\src\core.js","8513","03/08/2026 12:26:52"
"C:\Users\Dionisio Lima\OneDrive\Área de Trabalho\SOUSA_2.0_PRODUCAO\node_modules\intl-messageformat\lib\src\error.js","2285","03/08/2026 12:26:53"
"C:\Users\Dionisio Lima\OneDrive\Área de Trabalho\SOUSA_2.0_PRODUCAO\node_modules\intl-messageformat\lib\src\formatters.js","7024","03/08/2026 12:26:53"
"C:\Users\Dionisio Lima\OneDrive\Área de Trabalho\SOUSA_2.0_PRODUCAO\node_modules\intl-messageformat\lib\index.js","354","03/08/2026 12:26:55"
"C:\Users\Dionisio Lima\OneDrive\Área de Trabalho\SOUSA_2.0_PRODUCAO\node_modules\intl-messageformat\src\core.js","8876","03/08/2026 12:26:52"
"C:\Users\Dionisio Lima\OneDrive\Área de Trabalho\SOUSA_2.0_PRODUCAO\node_modules\intl-messageformat\src\error.js","2608","03/08/2026 12:26:53"
"C:\Users\Dionisio Lima\OneDrive\Área de Trabalho\SOUSA_2.0_PRODUCAO\node_modules\intl-messageformat\src\formatters.js","7446","03/08/2026 12:26:54"
"C:\Users\Dionisio Lima\OneDrive\Área de Trabalho\SOUSA_2.0_PRODUCAO\node_modules\intl-messageformat\index.js","675","03/08/2026 12:26:54"
"C:\Users\Dionisio Lima\OneDrive\Área de Trabalho\SOUSA_2.0_PRODUCAO\node_modules\intl-messageformat\intl-messageformat.esm.js","81646","03/08/2026 12:26:55"
"C:\Users\Dionisio Lima\OneDrive\Área de Trabalho\SOUSA_2.0_PRODUCAO\node_modules\intl-messageformat\intl-messageformat.iife.js","91494","03/08/2026 12:26:55"
"C:\Users\Dionisio Lima\OneDrive\Área de Trabalho\SOUSA_2.0_PRODUCAO\node_modules\intl-messageformat\package.json","1130","03/08/2026 12:26:55"
"C:\Users\Dionisio Lima\OneDrive\Área de Trabalho\SOUSA_2.0_PRODUCAO\node_modules\ip-address\dist\v4\constants.js","788","03/08/2026 12:26:53"
"C:\Users\Dionisio Lima\OneDrive\Área de Trabalho\SOUSA_2.0_PRODUCAO\node_modules\ip-address\dist\v6\constants.js","2853","03/08/2026 12:26:53"
"C:\Users\Dionisio Lima\OneDrive\Área de Trabalho\SOUSA_2.0_PRODUCAO\node_modules\ip-address\dist\v6\helpers.js","1710","03/08/2026 12:26:53"
"C:\Users\Dionisio Lima\OneDrive\Área de Trabalho\SOUSA_2.0_PRODUCAO\node_modules\ip-address\dist\v6\regular-expressions.js","3719","03/08/2026 12:26:55"
"C:\Users\Dionisio Lima\OneDrive\Área de Trabalho\SOUSA_2.0_PRODUCAO\node_modules\ip-address\dist\address-error.js","372","03/08/2026 12:26:52"
"C:\Users\Dionisio Lima\OneDrive\Área de Trabalho\SOUSA_2.0_PRODUCAO\node_modules\ip-address\dist\common.js","4110","03/08/2026 12:26:52"
"C:\Users\Dionisio Lima\OneDrive\Área de Trabalho\SOUSA_2.0_PRODUCAO\node_modules\ip-address\dist\ip-address.js","1772","03/08/2026 12:26:54"
"C:\Users\Dionisio Lima\OneDrive\Área de Trabalho\SOUSA_2.0_PRODUCAO\node_modules\ip-address\dist\ipv4.js","18676","03/08/2026 12:26:55"
"C:\Users\Dionisio Lima\OneDrive\Área de Trabalho\SOUSA_2.0_PRODUCAO\node_modules\ip-address\dist\ipv6.js","53018","03/08/2026 12:26:55"
"C:\Users\Dionisio Lima\OneDrive\Área de Trabalho\SOUSA_2.0_PRODUCAO\node_modules\ip-address\package.json","2304","03/08/2026 12:26:55"
"C:\Users\Dionisio Lima\OneDrive\Área de Trabalho\SOUSA_2.0_PRODUCAO\node_modules\ipaddr.js\lib\ipaddr.js","19333","03/08/2026 12:26:53"
"C:\Users\Dionisio Lima\OneDrive\Área de Trabalho\SOUSA_2.0_PRODUCAO\node_modules\ipaddr.js\ipaddr.min.js","9738","03/08/2026 12:26:52"
"C:\Users\Dionisio Lima\OneDrive\Área de Trabalho\SOUSA_2.0_PRODUCAO\node_modules\ipaddr.js\package.json","719","03/08/2026 12:26:52"
"C:\Users\Dionisio Lima\OneDrive\Área de Trabalho\SOUSA_2.0_PRODUCAO\node_modules\is-docker\cli.js","131","03/08/2026 12:26:52"
"C:\Users\Dionisio Lima\OneDrive\Área de Trabalho\SOUSA_2.0_PRODUCAO\node_modules\is-docker\index.js","509","03/08/2026 12:26:52"
"C:\Users\Dionisio Lima\OneDrive\Área de Trabalho\SOUSA_2.0_PRODUCAO\node_modules\is-docker\package.json","826","03/08/2026 12:26:52"
"C:\Users\Dionisio Lima\OneDrive\Área de Trabalho\SOUSA_2.0_PRODUCAO\node_modules\is-fullwidth-code-point\index.js","1606","03/08/2026 12:26:52"
"C:\Users\Dionisio Lima\OneDrive\Área de Trabalho\SOUSA_2.0_PRODUCAO\node_modules\is-fullwidth-code-point\package.json","837","03/08/2026 12:26:52"
"C:\Users\Dionisio Lima\OneDrive\Área de Trabalho\SOUSA_2.0_PRODUCAO\node_modules\is-inside-container\cli.js","149","03/08/2026 12:26:52"
"C:\Users\Dionisio Lima\OneDrive\Área de Trabalho\SOUSA_2.0_PRODUCAO\node_modules\is-inside-container\index.js","431","03/08/2026 12:26:52"
"C:\Users\Dionisio Lima\OneDrive\Área de Trabalho\SOUSA_2.0_PRODUCAO\node_modules\is-inside-container\package.json","978","03/08/2026 12:26:52"
"C:\Users\Dionisio Lima\OneDrive\Área de Trabalho\SOUSA_2.0_PRODUCAO\node_modules\is-interactive\index.js","181","03/08/2026 12:26:52"
"C:\Users\Dionisio Lima\OneDrive\Área de Trabalho\SOUSA_2.0_PRODUCAO\node_modules\is-interactive\package.json","746","03/08/2026 12:26:52"
"C:\Users\Dionisio Lima\OneDrive\Área de Trabalho\SOUSA_2.0_PRODUCAO\node_modules\is-number\index.js","411","03/08/2026 12:26:52"
"C:\Users\Dionisio Lima\OneDrive\Área de Trabalho\SOUSA_2.0_PRODUCAO\node_modules\is-number\package.json","1599","03/08/2026 12:26:52"
"C:\Users\Dionisio Lima\OneDrive\Área de Trabalho\SOUSA_2.0_PRODUCAO\node_modules\is-promise\index.js","201","03/08/2026 12:26:52"
"C:\Users\Dionisio Lima\OneDrive\Área de Trabalho\SOUSA_2.0_PRODUCAO\node_modules\is-promise\package.json","576","03/08/2026 12:26:52"
"C:\Users\Dionisio Lima\OneDrive\Área de Trabalho\SOUSA_2.0_PRODUCAO\node_modules\is-stream\index.js","677","03/08/2026 12:26:52"
"C:\Users\Dionisio Lima\OneDrive\Área de Trabalho\SOUSA_2.0_PRODUCAO\node_modules\is-stream\package.json","734","03/08/2026 12:26:52"
"C:\Users\Dionisio Lima\OneDrive\Área de Trabalho\SOUSA_2.0_PRODUCAO\node_modules\is-unicode-supported\index.js","651","03/08/2026 12:26:52"
"C:\Users\Dionisio Lima\OneDrive\Área de Trabalho\SOUSA_2.0_PRODUCAO\node_modules\is-unicode-supported\package.json","779","03/08/2026 12:26:52"
"C:\Users\Dionisio Lima\OneDrive\Área de Trabalho\SOUSA_2.0_PRODUCAO\node_modules\is-wsl\index.js","762","03/08/2026 12:26:52"
"C:\Users\Dionisio Lima\OneDrive\Área de Trabalho\SOUSA_2.0_PRODUCAO\node_modules\is-wsl\package.json","1024","03/08/2026 12:26:52"
"C:\Users\Dionisio Lima\OneDrive\Área de Trabalho\SOUSA_2.0_PRODUCAO\node_modules\isexe\test\basic.js","4996","03/08/2026 12:26:53"
"C:\Users\Dionisio Lima\OneDrive\Área de Trabalho\SOUSA_2.0_PRODUCAO\node_modules\isexe\index.js","1192","03/08/2026 12:26:53"
"C:\Users\Dionisio Lima\OneDrive\Área de Trabalho\SOUSA_2.0_PRODUCAO\node_modules\isexe\mode.js","909","03/08/2026 12:26:53"
"C:\Users\Dionisio Lima\OneDrive\Área de Trabalho\SOUSA_2.0_PRODUCAO\node_modules\isexe\package.json","786","03/08/2026 12:26:52"
"C:\Users\Dionisio Lima\OneDrive\Área de Trabalho\SOUSA_2.0_PRODUCAO\node_modules\isexe\windows.js","890","03/08/2026 12:26:53"
"C:\Users\Dionisio Lima\OneDrive\Área de Trabalho\SOUSA_2.0_PRODUCAO\node_modules\jose\dist\webapi\jwe\compact\decrypt.js","404","03/08/2026 12:26:55"
"C:\Users\Dionisio Lima\OneDrive\Área de Trabalho\SOUSA_2.0_PRODUCAO\node_modules\jose\dist\webapi\jwe\compact\encrypt.js","897","03/08/2026 12:26:56"
"C:\Users\Dionisio Lima\OneDrive\Área de Trabalho\SOUSA_2.0_PRODUCAO\node_modules\jose\dist\webapi\jwe\flattened\decrypt.js","510","03/08/2026 12:26:55"
"C:\Users\Dionisio Lima\OneDrive\Área de Trabalho\SOUSA_2.0_PRODUCAO\node_modules\jose\dist\webapi\jwe\flattened\encrypt.js","2580","03/08/2026 12:26:56"
"C:\Users\Dionisio Lima\OneDrive\Área de Trabalho\SOUSA_2.0_PRODUCAO\node_modules\jose\dist\webapi\jwe\general\decrypt.js","1857","03/08/2026 12:26:56"
"C:\Users\Dionisio Lima\OneDrive\Área de Trabalho\SOUSA_2.0_PRODUCAO\node_modules\jose\dist\webapi\jwe\general\encrypt.js","6470","03/08/2026 12:26:56"
"C:\Users\Dionisio Lima\OneDrive\Área de Trabalho\SOUSA_2.0_PRODUCAO\node_modules\jose\dist\webapi\jwk\embedded.js","756","03/08/2026 12:26:56"
"C:\Users\Dionisio Lima\OneDrive\Área de Trabalho\SOUSA_2.0_PRODUCAO\node_modules\jose\dist\webapi\jwk\thumbprint.js","2799","03/08/2026 12:26:59"
"C:\Users\Dionisio Lima\OneDrive\Área de Trabalho\SOUSA_2.0_PRODUCAO\node_modules\jose\dist\webapi\jwks\local.js","3018","03/08/2026 12:26:58"
"C:\Users\Dionisio Lima\OneDrive\Área de Trabalho\SOUSA_2.0_PRODUCAO\node_modules\jose\dist\webapi\jwks\remote.js","5654","03/08/2026 12:26:58"
"C:\Users\Dionisio Lima\OneDrive\Área de Trabalho\SOUSA_2.0_PRODUCAO\node_modules\jose\dist\webapi\jws\compact\sign.js","770","03/08/2026 12:26:59"
"C:\Users\Dionisio Lima\OneDrive\Área de Trabalho\SOUSA_2.0_PRODUCAO\node_modules\jose\dist\webapi\jws\compact\verify.js","392","03/08/2026 12:26:59"
"C:\Users\Dionisio Lima\OneDrive\Área de Trabalho\SOUSA_2.0_PRODUCAO\node_modules\jose\dist\webapi\jws\flattened\sign.js","1049","03/08/2026 12:26:59"
"C:\Users\Dionisio Lima\OneDrive\Área de Trabalho\SOUSA_2.0_PRODUCAO\node_modules\jose\dist\webapi\jws\flattened\verify.js","1122","03/08/2026 12:26:59"
"C:\Users\Dionisio Lima\OneDrive\Área de Trabalho\SOUSA_2.0_PRODUCAO\node_modules\jose\dist\webapi\jws\general\sign.js","2354","03/08/2026 12:26:59"
"C:\Users\Dionisio Lima\OneDrive\Área de Trabalho\SOUSA_2.0_PRODUCAO\node_modules\jose\dist\webapi\jws\general\verify.js","1688","03/08/2026 12:26:59"
"C:\Users\Dionisio Lima\OneDrive\Área de Trabalho\SOUSA_2.0_PRODUCAO\node_modules\jose\dist\webapi\jwt\decrypt.js","1294","03/08/2026 12:26:56"
"C:\Users\Dionisio Lima\OneDrive\Área de Trabalho\SOUSA_2.0_PRODUCAO\node_modules\jose\dist\webapi\jwt\encrypt.js","3087","03/08/2026 12:26:57"
"C:\Users\Dionisio Lima\OneDrive\Área de Trabalho\SOUSA_2.0_PRODUCAO\node_modules\jose\dist\webapi\jwt\sign.js","1398","03/08/2026 12:26:59"
"C:\Users\Dionisio Lima\OneDrive\Área de Trabalho\SOUSA_2.0_PRODUCAO\node_modules\jose\dist\webapi\jwt\unsecured.js","1995","03/08/2026 12:26:59"
"C:\Users\Dionisio Lima\OneDrive\Área de Trabalho\SOUSA_2.0_PRODUCAO\node_modules\jose\dist\webapi\jwt\verify.js","655","03/08/2026 12:26:59"
"C:\Users\Dionisio Lima\OneDrive\Área de Trabalho\SOUSA_2.0_PRODUCAO\node_modules\jose\dist\webapi\key\export.js","1386","03/08/2026 12:26:57"
"C:\Users\Dionisio Lima\OneDrive\Área de Trabalho\SOUSA_2.0_PRODUCAO\node_modules\jose\dist\webapi\key\generate_key_pair.js","1910","03/08/2026 12:26:57"
"C:\Users\Dionisio Lima\OneDrive\Área de Trabalho\SOUSA_2.0_PRODUCAO\node_modules\jose\dist\webapi\key\generate_secret.js","1382","03/08/2026 12:26:57"
"C:\Users\Dionisio Lima\OneDrive\Área de Trabalho\SOUSA_2.0_PRODUCAO\node_modules\jose\dist\webapi\key\import.js","2426","03/08/2026 12:26:57"
"C:\Users\Dionisio Lima\OneDrive\Área de Trabalho\SOUSA_2.0_PRODUCAO\node_modules\jose\dist\webapi\lib\asn1.js","6344","03/08/2026 12:26:52"
"C:\Users\Dionisio Lima\OneDrive\Área de Trabalho\SOUSA_2.0_PRODUCAO\node_modules\jose\dist\webapi\lib\base64.js","673","03/08/2026 12:26:53"
"C:\Users\Dionisio Lima\OneDrive\Área de Trabalho\SOUSA_2.0_PRODUCAO\node_modules\jose\dist\webapi\lib\buffer_utils.js","1417","03/08/2026 12:26:53"
"C:\Users\Dionisio Lima\OneDrive\Área de Trabalho\SOUSA_2.0_PRODUCAO\node_modules\jose\dist\webapi\lib\content_encryption.js","5401","03/08/2026 12:26:54"
"C:\Users\Dionisio Lima\OneDrive\Área de Trabalho\SOUSA_2.0_PRODUCAO\node_modules\jose\dist\webapi\lib\crypto_key.js","1251","03/08/2026 12:26:55"
"C:\Users\Dionisio Lima\OneDrive\Área de Trabalho\SOUSA_2.0_PRODUCAO\node_modules\jose\dist\webapi\lib\deflate.js","1525","03/08/2026 12:26:56"
"C:\Users\Dionisio Lima\OneDrive\Área de Trabalho\SOUSA_2.0_PRODUCAO\node_modules\jose\dist\webapi\lib\helpers (1).js","1212","03/08/2026 12:26:57"
"C:\Users\Dionisio Lima\OneDrive\Área de Trabalho\SOUSA_2.0_PRODUCAO\node_modules\jose\dist\webapi\lib\helpers.js","1212","03/08/2026 12:26:57"
"C:\Users\Dionisio Lima\OneDrive\Área de Trabalho\SOUSA_2.0_PRODUCAO\node_modules\jose\dist\webapi\lib\invalid_key_input (1).js","939","03/08/2026 12:26:57"
"C:\Users\Dionisio Lima\OneDrive\Área de Trabalho\SOUSA_2.0_PRODUCAO\node_modules\jose\dist\webapi\lib\invalid_key_input.js","939","03/08/2026 12:26:57"
"C:\Users\Dionisio Lima\OneDrive\Área de Trabalho\SOUSA_2.0_PRODUCAO\node_modules\jose\dist\webapi\lib\is_key_like (1).js","493","03/08/2026 12:26:57"
"C:\Users\Dionisio Lima\OneDrive\Área de Trabalho\SOUSA_2.0_PRODUCAO\node_modules\jose\dist\webapi\lib\is_key_like.js","493","03/08/2026 12:26:57"
"C:\Users\Dionisio Lima\OneDrive\Área de Trabalho\SOUSA_2.0_PRODUCAO\node_modules\jose\dist\webapi\lib\jwe_algorithms.js","3192","03/08/2026 12:26:57"
"C:\Users\Dionisio Lima\OneDrive\Área de Trabalho\SOUSA_2.0_PRODUCAO\node_modules\jose\dist\webapi\lib\jwe_decrypt.js","8286","03/08/2026 12:26:57"
"C:\Users\Dionisio Lima\OneDrive\Área de Trabalho\SOUSA_2.0_PRODUCAO\node_modules\jose\dist\webapi\lib\jwe_encrypt.js","4545","03/08/2026 12:26:57"
"C:\Users\Dionisio Lima\OneDrive\Área de Trabalho\SOUSA_2.0_PRODUCAO\node_modules\jose\dist\webapi\lib\jwk_to_key.js","818","03/08/2026 12:26:57"
"C:\Users\Dionisio Lima\OneDrive\Área de Trabalho\SOUSA_2.0_PRODUCAO\node_modules\jose\dist\webapi\lib\jws_algorithms.js","1925","03/08/2026 12:26:57"
"C:\Users\Dionisio Lima\OneDrive\Área de Trabalho\SOUSA_2.0_PRODUCAO\node_modules\jose\dist\webapi\lib\jws_sign.js","2849","03/08/2026 12:26:58"
"C:\Users\Dionisio Lima\OneDrive\Área de Trabalho\SOUSA_2.0_PRODUCAO\node_modules\jose\dist\webapi\lib\jws_verify.js","4290","03/08/2026 12:26:58"
"C:\Users\Dionisio Lima\OneDrive\Área de Trabalho\SOUSA_2.0_PRODUCAO\node_modules\jose\dist\webapi\lib\jwt_claims_set.js","6929","03/08/2026 12:26:58"
"C:\Users\Dionisio Lima\OneDrive\Área de Trabalho\SOUSA_2.0_PRODUCAO\node_modules\jose\dist\webapi\lib\key.js","5303","03/08/2026 12:26:58"
"C:\Users\Dionisio Lima\OneDrive\Área de Trabalho\SOUSA_2.0_PRODUCAO\node_modules\jose\dist\webapi\lib\key_algorithm.js","488","03/08/2026 12:26:58"
"C:\Users\Dionisio Lima\OneDrive\Área de Trabalho\SOUSA_2.0_PRODUCAO\node_modules\jose\dist\webapi\lib\key_descriptor.js","172","03/08/2026 12:26:58"
"C:\Users\Dionisio Lima\OneDrive\Área de Trabalho\SOUSA_2.0_PRODUCAO\node_modules\jose\dist\webapi\lib\key_management.js","11601","03/08/2026 12:26:58"
"C:\Users\Dionisio Lima\OneDrive\Área de Trabalho\SOUSA_2.0_PRODUCAO\node_modules\jose\dist\webapi\lib\options.js","2342","03/08/2026 12:26:58"
"C:\Users\Dionisio Lima\OneDrive\Área de Trabalho\SOUSA_2.0_PRODUCAO\node_modules\jose\dist\webapi\lib\signing.js","889","03/08/2026 12:26:59"
"C:\Users\Dionisio Lima\OneDrive\Área de Trabalho\SOUSA_2.0_PRODUCAO\node_modules\jose\dist\webapi\lib\type_checks.js","1252","03/08/2026 12:26:59"
"C:\Users\Dionisio Lima\OneDrive\Área de Trabalho\SOUSA_2.0_PRODUCAO\node_modules\jose\dist\webapi\util\base64url.js","1297","03/08/2026 12:26:53"
"C:\Users\Dionisio Lima\OneDrive\Área de Trabalho\SOUSA_2.0_PRODUCAO\node_modules\jose\dist\webapi\util\decode_jwt.js","1114","03/08/2026 12:26:55"
"C:\Users\Dionisio Lima\OneDrive\Área de Trabalho\SOUSA_2.0_PRODUCAO\node_modules\jose\dist\webapi\util\decode_protected_header.js","814","03/08/2026 12:26:55"
"C:\Users\Dionisio Lima\OneDrive\Área de Trabalho\SOUSA_2.0_PRODUCAO\node_modules\jose\dist\webapi\util\errors.js","3311","03/08/2026 12:26:57"
"C:\Users\Dionisio Lima\OneDrive\Área de Trabalho\SOUSA_2.0_PRODUCAO\node_modules\jose\dist\webapi\index.js","1779","03/08/2026 12:26:57"
"C:\Users\Dionisio Lima\OneDrive\Área de Trabalho\SOUSA_2.0_PRODUCAO\node_modules\jose\package.json","5582","03/08/2026 12:26:59"
"C:\Users\Dionisio Lima\OneDrive\Área de Trabalho\SOUSA_2.0_PRODUCAO\node_modules\js-tokens\index.js","1448","03/08/2026 12:26:52"
"C:\Users\Dionisio Lima\OneDrive\Área de Trabalho\SOUSA_2.0_PRODUCAO\node_modules\js-tokens\package.json","649","03/08/2026 12:26:52"
"C:\Users\Dionisio Lima\OneDrive\Área de Trabalho\SOUSA_2.0_PRODUCAO\node_modules\json-bigint\lib\parse.js","12834","03/08/2026 12:26:52"
"C:\Users\Dionisio Lima\OneDrive\Área de Trabalho\SOUSA_2.0_PRODUCAO\node_modules\json-bigint\lib\stringify.js","13501","03/08/2026 12:26:53"
"C:\Users\Dionisio Lima\OneDrive\Área de Trabalho\SOUSA_2.0_PRODUCAO\node_modules\json-bigint\index.js","409","03/08/2026 12:26:52"
"C:\Users\Dionisio Lima\OneDrive\Área de Trabalho\SOUSA_2.0_PRODUCAO\node_modules\json-bigint\package.json","683","03/08/2026 12:26:53"
"C:\Users\Dionisio Lima\OneDrive\Área de Trabalho\SOUSA_2.0_PRODUCAO\node_modules\json-schema-traverse\spec\fixtures\schema.js","5544","03/08/2026 12:26:53"
"C:\Users\Dionisio Lima\OneDrive\Área de Trabalho\SOUSA_2.0_PRODUCAO\node_modules\json-schema-traverse\spec\index.spec.js","6042","03/08/2026 12:26:52"
"C:\Users\Dionisio Lima\OneDrive\Área de Trabalho\SOUSA_2.0_PRODUCAO\node_modules\json-schema-traverse\index.js","2428","03/08/2026 12:26:52"
"C:\Users\Dionisio Lima\OneDrive\Área de Trabalho\SOUSA_2.0_PRODUCAO\node_modules\json-schema-traverse\package.json","1004","03/08/2026 12:26:53"
"C:\Users\Dionisio Lima\OneDrive\Área de Trabalho\SOUSA_2.0_PRODUCAO\node_modules\json-schema-typed\draft_07.js","11838","03/08/2026 12:26:52"
"C:\Users\Dionisio Lima\OneDrive\Área de Trabalho\SOUSA_2.0_PRODUCAO\node_modules\json-schema-typed\draft_2019_09.js","12528","03/08/2026 12:26:52"
"C:\Users\Dionisio Lima\OneDrive\Área de Trabalho\SOUSA_2.0_PRODUCAO\node_modules\json-schema-typed\draft_2020_12.js","12641","03/08/2026 12:26:52"
"C:\Users\Dionisio Lima\OneDrive\Área de Trabalho\SOUSA_2.0_PRODUCAO\node_modules\json-schema-typed\package.json","1124","03/08/2026 12:26:53"
"C:\Users\Dionisio Lima\OneDrive\Área de Trabalho\SOUSA_2.0_PRODUCAO\node_modules\json5\dist\index.js","58620","03/08/2026 12:26:52"
"C:\Users\Dionisio Lima\OneDrive\Área de Trabalho\SOUSA_2.0_PRODUCAO\node_modules\json5\dist\index.min.js","31631","03/08/2026 12:26:53"
"C:\Users\Dionisio Lima\OneDrive\Área de Trabalho\SOUSA_2.0_PRODUCAO\node_modules\json5\lib\cli.js","3592","03/08/2026 12:26:52"
"C:\Users\Dionisio Lima\OneDrive\Área de Trabalho\SOUSA_2.0_PRODUCAO\node_modules\json5\lib\index.js","143","03/08/2026 12:26:53"
"C:\Users\Dionisio Lima\OneDrive\Área de Trabalho\SOUSA_2.0_PRODUCAO\node_modules\json5\lib\parse.js","22402","03/08/2026 12:26:53"
"C:\Users\Dionisio Lima\OneDrive\Área de Trabalho\SOUSA_2.0_PRODUCAO\node_modules\json5\lib\register.js","374","03/08/2026 12:26:54"
"C:\Users\Dionisio Lima\OneDrive\Área de Trabalho\SOUSA_2.0_PRODUCAO\node_modules\json5\lib\require.js","163","03/08/2026 12:26:54"
"C:\Users\Dionisio Lima\OneDrive\Área de Trabalho\SOUSA_2.0_PRODUCAO\node_modules\json5\lib\stringify.js","6983","03/08/2026 12:26:55"
"C:\Users\Dionisio Lima\OneDrive\Área de Trabalho\SOUSA_2.0_PRODUCAO\node_modules\json5\lib\unicode.js","15815","03/08/2026 12:26:55"
"C:\Users\Dionisio Lima\OneDrive\Área de Trabalho\SOUSA_2.0_PRODUCAO\node_modules\json5\lib\util.js","885","03/08/2026 12:26:55"
"C:\Users\Dionisio Lima\OneDrive\Área de Trabalho\SOUSA_2.0_PRODUCAO\node_modules\json5\package.json","1916","03/08/2026 12:26:55"
"C:\Users\Dionisio Lima\OneDrive\Área de Trabalho\SOUSA_2.0_PRODUCAO\node_modules\jwa\index.js","6800","03/08/2026 12:26:52"
"C:\Users\Dionisio Lima\OneDrive\Área de Trabalho\SOUSA_2.0_PRODUCAO\node_modules\jwa\package.json","749","03/08/2026 12:26:52"
"C:\Users\Dionisio Lima\OneDrive\Área de Trabalho\SOUSA_2.0_PRODUCAO\node_modules\jws\lib\data-stream.js","1242","03/08/2026 12:26:52"
"C:\Users\Dionisio Lima\OneDrive\Área de Trabalho\SOUSA_2.0_PRODUCAO\node_modules\jws\lib\sign-stream.js","2416","03/08/2026 12:26:53"
"C:\Users\Dionisio Lima\OneDrive\Área de Trabalho\SOUSA_2.0_PRODUCAO\node_modules\jws\lib\tostring.js","262","03/08/2026 12:26:53"
"C:\Users\Dionisio Lima\OneDrive\Área de Trabalho\SOUSA_2.0_PRODUCAO\node_modules\jws\lib\verify-stream.js","3479","03/08/2026 12:26:53"
"C:\Users\Dionisio Lima\OneDrive\Área de Trabalho\SOUSA_2.0_PRODUCAO\node_modules\jws\index.js","609","03/08/2026 12:26:52"
"C:\Users\Dionisio Lima\OneDrive\Área de Trabalho\SOUSA_2.0_PRODUCAO\node_modules\jws\package.json","671","03/08/2026 12:26:53"
"C:\Users\Dionisio Lima\OneDrive\Área de Trabalho\SOUSA_2.0_PRODUCAO\node_modules\locate-path\index.js","1518","03/08/2026 12:26:52"
"C:\Users\Dionisio Lima\OneDrive\Área de Trabalho\SOUSA_2.0_PRODUCAO\node_modules\locate-path\package.json","860","03/08/2026 12:26:52"
"C:\Users\Dionisio Lima\OneDrive\Área de Trabalho\SOUSA_2.0_PRODUCAO\node_modules\log-symbols\browser.js","124","03/08/2026 12:26:52"
"C:\Users\Dionisio Lima\OneDrive\Área de Trabalho\SOUSA_2.0_PRODUCAO\node_modules\log-symbols\index.js","435","03/08/2026 12:26:52"
"C:\Users\Dionisio Lima\OneDrive\Área de Trabalho\SOUSA_2.0_PRODUCAO\node_modules\log-symbols\package.json","1023","03/08/2026 12:26:52"
"C:\Users\Dionisio Lima\OneDrive\Área de Trabalho\SOUSA_2.0_PRODUCAO\node_modules\loud-rejection\node_modules\signal-exit\index.js","5708","03/08/2026 12:26:52"
"C:\Users\Dionisio Lima\OneDrive\Área de Trabalho\SOUSA_2.0_PRODUCAO\node_modules\loud-rejection\node_modules\signal-exit\package.json","864","03/08/2026 12:26:52"
"C:\Users\Dionisio Lima\OneDrive\Área de Trabalho\SOUSA_2.0_PRODUCAO\node_modules\loud-rejection\node_modules\signal-exit\signals.js","1295","03/08/2026 12:26:52"
"C:\Users\Dionisio Lima\OneDrive\Área de Trabalho\SOUSA_2.0_PRODUCAO\node_modules\loud-rejection\index.js","829","03/08/2026 12:26:52"
"C:\Users\Dionisio Lima\OneDrive\Área de Trabalho\SOUSA_2.0_PRODUCAO\node_modules\loud-rejection\package.json","1036","03/08/2026 12:26:52"
"C:\Users\Dionisio Lima\OneDrive\Área de Trabalho\SOUSA_2.0_PRODUCAO\node_modules\loud-rejection\register.js","30","03/08/2026 12:26:52"
"C:\Users\Dionisio Lima\OneDrive\Área de Trabalho\SOUSA_2.0_PRODUCAO\node_modules\lru-cache\dist\commonjs\index.js","55020","03/08/2026 12:26:52"
"C:\Users\Dionisio Lima\OneDrive\Área de Trabalho\SOUSA_2.0_PRODUCAO\node_modules\lru-cache\dist\commonjs\index.min.js","17085","03/08/2026 12:26:53"
"C:\Users\Dionisio Lima\OneDrive\Área de Trabalho\SOUSA_2.0_PRODUCAO\node_modules\lru-cache\dist\commonjs\package.json","25","03/08/2026 12:26:54"
"C:\Users\Dionisio Lima\OneDrive\Área de Trabalho\SOUSA_2.0_PRODUCAO\node_modules\lru-cache\dist\esm\index.js","54894","03/08/2026 12:26:53"
"C:\Users\Dionisio Lima\OneDrive\Área de Trabalho\SOUSA_2.0_PRODUCAO\node_modules\lru-cache\dist\esm\index.min.js","16996","03/08/2026 12:26:54"
"C:\Users\Dionisio Lima\OneDrive\Área de Trabalho\SOUSA_2.0_PRODUCAO\node_modules\lru-cache\dist\esm\package.json","23","03/08/2026 12:26:55"
"C:\Users\Dionisio Lima\OneDrive\Área de Trabalho\SOUSA_2.0_PRODUCAO\node_modules\lru-cache\package.json","2827","03/08/2026 12:26:55"
"C:\Users\Dionisio Lima\OneDrive\Área de Trabalho\SOUSA_2.0_PRODUCAO\node_modules\math-intrinsics\constants\maxArrayLength.js","110","03/08/2026 12:26:54"
"C:\Users\Dionisio Lima\OneDrive\Área de Trabalho\SOUSA_2.0_PRODUCAO\node_modules\math-intrinsics\constants\maxSafeInteger.js","231","03/08/2026 12:26:55"
"C:\Users\Dionisio Lima\OneDrive\Área de Trabalho\SOUSA_2.0_PRODUCAO\node_modules\math-intrinsics\constants\maxValue.js","197","03/08/2026 12:26:55"
"C:\Users\Dionisio Lima\OneDrive\Área de Trabalho\SOUSA_2.0_PRODUCAO\node_modules\math-intrinsics\test\index.js","6320","03/08/2026 12:26:53"
"C:\Users\Dionisio Lima\OneDrive\Área de Trabalho\SOUSA_2.0_PRODUCAO\node_modules\math-intrinsics\abs.js","73","03/08/2026 12:26:52"
"C:\Users\Dionisio Lima\OneDrive\Área de Trabalho\SOUSA_2.0_PRODUCAO\node_modules\math-intrinsics\floor.js","77","03/08/2026 12:26:52"
"C:\Users\Dionisio Lima\OneDrive\Área de Trabalho\SOUSA_2.0_PRODUCAO\node_modules\math-intrinsics\isFinite.js","262","03/08/2026 12:26:53"
"C:\Users\Dionisio Lima\OneDrive\Área de Trabalho\SOUSA_2.0_PRODUCAO\node_modules\math-intrinsics\isInteger.js","410","03/08/2026 12:26:53"
"C:\Users\Dionisio Lima\OneDrive\Área de Trabalho\SOUSA_2.0_PRODUCAO\node_modules\math-intrinsics\isNaN.js","121","03/08/2026 12:26:53"
"C:\Users\Dionisio Lima\OneDrive\Área de Trabalho\SOUSA_2.0_PRODUCAO\node_modules\math-intrinsics\isNegativeZero.js","143","03/08/2026 12:26:53"
"C:\Users\Dionisio Lima\OneDrive\Área de Trabalho\SOUSA_2.0_PRODUCAO\node_modules\math-intrinsics\max.js","73","03/08/2026 12:26:54"
"C:\Users\Dionisio Lima\OneDrive\Área de Trabalho\SOUSA_2.0_PRODUCAO\node_modules\math-intrinsics\min.js","73","03/08/2026 12:26:55"
"C:\Users\Dionisio Lima\OneDrive\Área de Trabalho\SOUSA_2.0_PRODUCAO\node_modules\math-intrinsics\mod.js","218","03/08/2026 12:26:55"
"C:\Users\Dionisio Lima\OneDrive\Área de Trabalho\SOUSA_2.0_PRODUCAO\node_modules\math-intrinsics\package.json","2670","03/08/2026 12:26:55"
"C:\Users\Dionisio Lima\OneDrive\Área de Trabalho\SOUSA_2.0_PRODUCAO\node_modules\math-intrinsics\pow.js","73","03/08/2026 12:26:55"
"C:\Users\Dionisio Lima\OneDrive\Área de Trabalho\SOUSA_2.0_PRODUCAO\node_modules\math-intrinsics\round.js","77","03/08/2026 12:26:55"
"C:\Users\Dionisio Lima\OneDrive\Área de Trabalho\SOUSA_2.0_PRODUCAO\node_modules\math-intrinsics\sign.js","214","03/08/2026 12:26:55"
"C:\Users\Dionisio Lima\OneDrive\Área de Trabalho\SOUSA_2.0_PRODUCAO\node_modules\math-intrinsics\tsconfig.json","36","03/08/2026 12:26:55"
"C:\Users\Dionisio Lima\OneDrive\Área de Trabalho\SOUSA_2.0_PRODUCAO\node_modules\media-typer\index.js","2936","03/08/2026 12:26:52"
"C:\Users\Dionisio Lima\OneDrive\Área de Trabalho\SOUSA_2.0_PRODUCAO\node_modules\media-typer\package.json","1036","03/08/2026 12:26:52"
"C:\Users\Dionisio Lima\OneDrive\Área de Trabalho\SOUSA_2.0_PRODUCAO\node_modules\merge-descriptors\index.js","616","03/08/2026 12:26:52"
"C:\Users\Dionisio Lima\OneDrive\Área de Trabalho\SOUSA_2.0_PRODUCAO\node_modules\merge-descriptors\package.json","961","03/08/2026 12:26:52"
"C:\Users\Dionisio Lima\OneDrive\Área de Trabalho\SOUSA_2.0_PRODUCAO\node_modules\micromatch\node_modules\picomatch\lib\constants.js","4563","03/08/2026 12:26:52"
"C:\Users\Dionisio Lima\OneDrive\Área de Trabalho\SOUSA_2.0_PRODUCAO\node_modules\micromatch\node_modules\picomatch\lib\parse.js","33950","03/08/2026 12:26:53"
"C:\Users\Dionisio Lima\OneDrive\Área de Trabalho\SOUSA_2.0_PRODUCAO\node_modules\micromatch\node_modules\picomatch\lib\picomatch.js","9956","03/08/2026 12:26:53"
"C:\Users\Dionisio Lima\OneDrive\Área de Trabalho\SOUSA_2.0_PRODUCAO\node_modules\micromatch\node_modules\picomatch\lib\scan.js","9189","03/08/2026 12:26:53"
"C:\Users\Dionisio Lima\OneDrive\Área de Trabalho\SOUSA_2.0_PRODUCAO\node_modules\micromatch\node_modules\picomatch\lib\utils.js","1885","03/08/2026 12:26:54"
"C:\Users\Dionisio Lima\OneDrive\Área de Trabalho\SOUSA_2.0_PRODUCAO\node_modules\micromatch\node_modules\picomatch\index.js","60","03/08/2026 12:26:52"
"C:\Users\Dionisio Lima\OneDrive\Área de Trabalho\SOUSA_2.0_PRODUCAO\node_modules\micromatch\node_modules\picomatch\package.json","1912","03/08/2026 12:26:54"
"C:\Users\Dionisio Lima\OneDrive\Área de Trabalho\SOUSA_2.0_PRODUCAO\node_modules\micromatch\index.js","13898","03/08/2026 12:26:52"
"C:\Users\Dionisio Lima\OneDrive\Área de Trabalho\SOUSA_2.0_PRODUCAO\node_modules\micromatch\package.json","2648","03/08/2026 12:26:52"
"C:\Users\Dionisio Lima\OneDrive\Área de Trabalho\SOUSA_2.0_PRODUCAO\node_modules\mime-db\db.json","203840","03/08/2026 12:26:53"
"C:\Users\Dionisio Lima\OneDrive\Área de Trabalho\SOUSA_2.0_PRODUCAO\node_modules\mime-db\index.js","189","03/08/2026 12:26:52"
"C:\Users\Dionisio Lima\OneDrive\Área de Trabalho\SOUSA_2.0_PRODUCAO\node_modules\mime-db\package.json","1530","03/08/2026 12:26:53"
"C:\Users\Dionisio Lima\OneDrive\Área de Trabalho\SOUSA_2.0_PRODUCAO\node_modules\mime-types\index.js","4546","03/08/2026 12:26:52"
"C:\Users\Dionisio Lima\OneDrive\Área de Trabalho\SOUSA_2.0_PRODUCAO\node_modules\mime-types\mimeScore.js","1497","03/08/2026 12:26:52"
"C:\Users\Dionisio Lima\OneDrive\Área de Trabalho\SOUSA_2.0_PRODUCAO\node_modules\mime-types\package.json","1266","03/08/2026 12:26:52"
"C:\Users\Dionisio Lima\OneDrive\Área de Trabalho\SOUSA_2.0_PRODUCAO\node_modules\mimic-function\index.js","3038","03/08/2026 12:26:52"
"C:\Users\Dionisio Lima\OneDrive\Área de Trabalho\SOUSA_2.0_PRODUCAO\node_modules\mimic-function\package.json","832","03/08/2026 12:26:52"
"C:\Users\Dionisio Lima\OneDrive\Área de Trabalho\SOUSA_2.0_PRODUCAO\node_modules\ms\index.js","3024","03/08/2026 12:26:52"
"C:\Users\Dionisio Lima\OneDrive\Área de Trabalho\SOUSA_2.0_PRODUCAO\node_modules\ms\package.json","732","03/08/2026 12:26:52"
"C:\Users\Dionisio Lima\OneDrive\Área de Trabalho\SOUSA_2.0_PRODUCAO\node_modules\mute-stream\lib\index.js","2841","03/08/2026 12:26:52"
"C:\Users\Dionisio Lima\OneDrive\Área de Trabalho\SOUSA_2.0_PRODUCAO\node_modules\mute-stream\package.json","1231","03/08/2026 12:26:52"
"C:\Users\Dionisio Lima\OneDrive\Área de Trabalho\SOUSA_2.0_PRODUCAO\node_modules\negotiator\lib\charset.js","3081","03/08/2026 12:26:52"
"C:\Users\Dionisio Lima\OneDrive\Área de Trabalho\SOUSA_2.0_PRODUCAO\node_modules\negotiator\lib\encoding.js","4155","03/08/2026 12:26:52"
"C:\Users\Dionisio Lima\OneDrive\Área de Trabalho\SOUSA_2.0_PRODUCAO\node_modules\negotiator\lib\language.js","3409","03/08/2026 12:26:53"
"C:\Users\Dionisio Lima\OneDrive\Área de Trabalho\SOUSA_2.0_PRODUCAO\node_modules\negotiator\lib\mediaType.js","5343","03/08/2026 12:26:53"
"C:\Users\Dionisio Lima\OneDrive\Área de Trabalho\SOUSA_2.0_PRODUCAO\node_modules\negotiator\index.js","2516","03/08/2026 12:26:53"
"C:\Users\Dionisio Lima\OneDrive\Área de Trabalho\SOUSA_2.0_PRODUCAO\node_modules\negotiator\package.json","1080","03/08/2026 12:26:53"
"C:\Users\Dionisio Lima\OneDrive\Área de Trabalho\SOUSA_2.0_PRODUCAO\node_modules\node-fetch\lib\index.es.js","45346","03/08/2026 12:26:52"
"C:\Users\Dionisio Lima\OneDrive\Área de Trabalho\SOUSA_2.0_PRODUCAO\node_modules\node-fetch\lib\index.js","45775","03/08/2026 12:26:53"
"C:\Users\Dionisio Lima\OneDrive\Área de Trabalho\SOUSA_2.0_PRODUCAO\node_modules\node-fetch\browser.js","781","03/08/2026 12:26:52"
"C:\Users\Dionisio Lima\OneDrive\Área de Trabalho\SOUSA_2.0_PRODUCAO\node_modules\node-fetch\package.json","2668","03/08/2026 12:26:53"
"C:\Users\Dionisio Lima\OneDrive\Área de Trabalho\SOUSA_2.0_PRODUCAO\node_modules\normalize-package-data\lib\extract_description.js","549","03/08/2026 12:26:52"
"C:\Users\Dionisio Lima\OneDrive\Área de Trabalho\SOUSA_2.0_PRODUCAO\node_modules\normalize-package-data\lib\fixer.js","12709","03/08/2026 12:26:52"
"C:\Users\Dionisio Lima\OneDrive\Área de Trabalho\SOUSA_2.0_PRODUCAO\node_modules\normalize-package-data\lib\make_warning.js","711","03/08/2026 12:26:53"
"C:\Users\Dionisio Lima\OneDrive\Área de Trabalho\SOUSA_2.0_PRODUCAO\node_modules\normalize-package-data\lib\normalize.js","1380","03/08/2026 12:26:53"
"C:\Users\Dionisio Lima\OneDrive\Área de Trabalho\SOUSA_2.0_PRODUCAO\node_modules\normalize-package-data\lib\safe_format.js","262","03/08/2026 12:26:53"
"C:\Users\Dionisio Lima\OneDrive\Área de Trabalho\SOUSA_2.0_PRODUCAO\node_modules\normalize-package-data\lib\typos.json","747","03/08/2026 12:26:54"
"C:\Users\Dionisio Lima\OneDrive\Área de Trabalho\SOUSA_2.0_PRODUCAO\node_modules\normalize-package-data\lib\warning_messages.json","1798","03/08/2026 12:26:55"
"C:\Users\Dionisio Lima\OneDrive\Área de Trabalho\SOUSA_2.0_PRODUCAO\node_modules\normalize-package-data\package.json","1380","03/08/2026 12:26:54"
"C:\Users\Dionisio Lima\OneDrive\Área de Trabalho\SOUSA_2.0_PRODUCAO\node_modules\normalize-path\index.js","1024","03/08/2026 12:26:52"
"C:\Users\Dionisio Lima\OneDrive\Área de Trabalho\SOUSA_2.0_PRODUCAO\node_modules\normalize-path\package.json","1666","03/08/2026 12:26:52"
"C:\Users\Dionisio Lima\OneDrive\Área de Trabalho\SOUSA_2.0_PRODUCAO\node_modules\object-assign\index.js","2108","03/08/2026 12:26:52"
"C:\Users\Dionisio Lima\OneDrive\Área de Trabalho\SOUSA_2.0_PRODUCAO\node_modules\object-assign\package.json","764","03/08/2026 12:26:52"
"C:\Users\Dionisio Lima\OneDrive\Área de Trabalho\SOUSA_2.0_PRODUCAO\node_modules\object-inspect\example\all.js","391","03/08/2026 12:26:53"
"C:\Users\Dionisio Lima\OneDrive\Área de Trabalho\SOUSA_2.0_PRODUCAO\node_modules\object-inspect\example\circular.js","116","03/08/2026 12:26:53"
"C:\Users\Dionisio Lima\OneDrive\Área de Trabalho\SOUSA_2.0_PRODUCAO\node_modules\object-inspect\example\fn.js","126","03/08/2026 12:26:55"
"C:\Users\Dionisio Lima\OneDrive\Área de Trabalho\SOUSA_2.0_PRODUCAO\node_modules\object-inspect\example\inspect.js","251","03/08/2026 12:26:56"
"C:\Users\Dionisio Lima\OneDrive\Área de Trabalho\SOUSA_2.0_PRODUCAO\node_modules\object-inspect\test\browser\dom.js","416","03/08/2026 12:26:54"
"C:\Users\Dionisio Lima\OneDrive\Área de Trabalho\SOUSA_2.0_PRODUCAO\node_modules\object-inspect\test\bigint.js","2082","03/08/2026 12:26:53"
"C:\Users\Dionisio Lima\OneDrive\Área de Trabalho\SOUSA_2.0_PRODUCAO\node_modules\object-inspect\test\circular.js","451","03/08/2026 12:26:53"
"C:\Users\Dionisio Lima\OneDrive\Área de Trabalho\SOUSA_2.0_PRODUCAO\node_modules\object-inspect\test\deep.js","400","03/08/2026 12:26:54"
"C:\Users\Dionisio Lima\OneDrive\Área de Trabalho\SOUSA_2.0_PRODUCAO\node_modules\object-inspect\test\element.js","1575","03/08/2026 12:26:55"
"C:\Users\Dionisio Lima\OneDrive\Área de Trabalho\SOUSA_2.0_PRODUCAO\node_modules\object-inspect\test\err.js","1536","03/08/2026 12:26:55"
"C:\Users\Dionisio Lima\OneDrive\Área de Trabalho\SOUSA_2.0_PRODUCAO\node_modules\object-inspect\test\fakes.js","683","03/08/2026 12:26:55"
"C:\Users\Dionisio Lima\OneDrive\Área de Trabalho\SOUSA_2.0_PRODUCAO\node_modules\object-inspect\test\fn.js","2227","03/08/2026 12:26:55"
"C:\Users\Dionisio Lima\OneDrive\Área de Trabalho\SOUSA_2.0_PRODUCAO\node_modules\object-inspect\test\global.js","372","03/08/2026 12:26:55"
"C:\Users\Dionisio Lima\OneDrive\Área de Trabalho\SOUSA_2.0_PRODUCAO\node_modules\object-inspect\test\has.js","514","03/08/2026 12:26:55"
"C:\Users\Dionisio Lima\OneDrive\Área de Trabalho\SOUSA_2.0_PRODUCAO\node_modules\object-inspect\test\holes.js","255","03/08/2026 12:26:55"
"C:\Users\Dionisio Lima\OneDrive\Área de Trabalho\SOUSA_2.0_PRODUCAO\node_modules\object-inspect\test\indent-option.js","6633","03/08/2026 12:26:55"
"C:\Users\Dionisio Lima\OneDrive\Área de Trabalho\SOUSA_2.0_PRODUCAO\node_modules\object-inspect\test\inspect.js","4946","03/08/2026 12:26:56"
"C:\Users\Dionisio Lima\OneDrive\Área de Trabalho\SOUSA_2.0_PRODUCAO\node_modules\object-inspect\test\lowbyte.js","268","03/08/2026 12:26:56"
"C:\Users\Dionisio Lima\OneDrive\Área de Trabalho\SOUSA_2.0_PRODUCAO\node_modules\object-inspect\test\number.js","2312","03/08/2026 12:26:56"
"C:\Users\Dionisio Lima\OneDrive\Área de Trabalho\SOUSA_2.0_PRODUCAO\node_modules\object-inspect\test\quoteStyle.js","1530","03/08/2026 12:26:56"
"C:\Users\Dionisio Lima\OneDrive\Área de Trabalho\SOUSA_2.0_PRODUCAO\node_modules\object-inspect\test\toStringTag.js","1546","03/08/2026 12:26:56"
"C:\Users\Dionisio Lima\OneDrive\Área de Trabalho\SOUSA_2.0_PRODUCAO\node_modules\object-inspect\test\undef.js","302","03/08/2026 12:26:56"
"C:\Users\Dionisio Lima\OneDrive\Área de Trabalho\SOUSA_2.0_PRODUCAO\node_modules\object-inspect\test\values.js","8407","03/08/2026 12:26:56"
"C:\Users\Dionisio Lima\OneDrive\Área de Trabalho\SOUSA_2.0_PRODUCAO\node_modules\object-inspect\index.js","19059","03/08/2026 12:26:56"
"C:\Users\Dionisio Lima\OneDrive\Área de Trabalho\SOUSA_2.0_PRODUCAO\node_modules\object-inspect\package-support.json","365","03/08/2026 12:26:56"
"C:\Users\Dionisio Lima\OneDrive\Área de Trabalho\SOUSA_2.0_PRODUCAO\node_modules\object-inspect\package.json","2841","03/08/2026 12:26:56"
"C:\Users\Dionisio Lima\OneDrive\Área de Trabalho\SOUSA_2.0_PRODUCAO\node_modules\object-inspect\test-core-js.js","534","03/08/2026 12:26:56"
"C:\Users\Dionisio Lima\OneDrive\Área de Trabalho\SOUSA_2.0_PRODUCAO\node_modules\object-inspect\util.inspect.js","42","03/08/2026 12:26:56"
"C:\Users\Dionisio Lima\OneDrive\Área de Trabalho\SOUSA_2.0_PRODUCAO\node_modules\on-finished\index.js","4430","03/08/2026 12:26:52"
"C:\Users\Dionisio Lima\OneDrive\Área de Trabalho\SOUSA_2.0_PRODUCAO\node_modules\on-finished\package.json","1057","03/08/2026 12:26:52"
"C:\Users\Dionisio Lima\OneDrive\Área de Trabalho\SOUSA_2.0_PRODUCAO\node_modules\once\once.js","935","03/08/2026 12:26:52"
"C:\Users\Dionisio Lima\OneDrive\Área de Trabalho\SOUSA_2.0_PRODUCAO\node_modules\once\package.json","574","03/08/2026 12:26:52"
"C:\Users\Dionisio Lima\OneDrive\Área de Trabalho\SOUSA_2.0_PRODUCAO\node_modules\onetime\index.js","1033","03/08/2026 12:26:52"
"C:\Users\Dionisio Lima\OneDrive\Área de Trabalho\SOUSA_2.0_PRODUCAO\node_modules\onetime\package.json","836","03/08/2026 12:26:52"
"C:\Users\Dionisio Lima\OneDrive\Área de Trabalho\SOUSA_2.0_PRODUCAO\node_modules\open\index.js","9282","03/08/2026 12:26:52"
"C:\Users\Dionisio Lima\OneDrive\Área de Trabalho\SOUSA_2.0_PRODUCAO\node_modules\open\package.json","1140","03/08/2026 12:26:53"
"C:\Users\Dionisio Lima\OneDrive\Área de Trabalho\SOUSA_2.0_PRODUCAO\node_modules\ora\node_modules\is-unicode-supported\index.js","657","03/08/2026 12:26:52"
"C:\Users\Dionisio Lima\OneDrive\Área de Trabalho\SOUSA_2.0_PRODUCAO\node_modules\ora\node_modules\is-unicode-supported\package.json","847","03/08/2026 12:26:52"
"C:\Users\Dionisio Lima\OneDrive\Área de Trabalho\SOUSA_2.0_PRODUCAO\node_modules\ora\index.js","9672","03/08/2026 12:26:52"
"C:\Users\Dionisio Lima\OneDrive\Área de Trabalho\SOUSA_2.0_PRODUCAO\node_modules\ora\package.json","1180","03/08/2026 12:26:52"
"C:\Users\Dionisio Lima\OneDrive\Área de Trabalho\SOUSA_2.0_PRODUCAO\node_modules\p-limit\index.js","1502","03/08/2026 12:26:52"
"C:\Users\Dionisio Lima\OneDrive\Área de Trabalho\SOUSA_2.0_PRODUCAO\node_modules\p-limit\package.json","1002","03/08/2026 12:26:52"
"C:\Users\Dionisio Lima\OneDrive\Área de Trabalho\SOUSA_2.0_PRODUCAO\node_modules\p-locate\index.js","1121","03/08/2026 12:26:52"
"C:\Users\Dionisio Lima\OneDrive\Área de Trabalho\SOUSA_2.0_PRODUCAO\node_modules\p-locate\package.json","1016","03/08/2026 12:26:52"
"C:\Users\Dionisio Lima\OneDrive\Área de Trabalho\SOUSA_2.0_PRODUCAO\node_modules\p-map\index.js","7204","03/08/2026 12:26:52"
"C:\Users\Dionisio Lima\OneDrive\Área de Trabalho\SOUSA_2.0_PRODUCAO\node_modules\p-map\package.json","993","03/08/2026 12:26:52"
"C:\Users\Dionisio Lima\OneDrive\Área de Trabalho\SOUSA_2.0_PRODUCAO\node_modules\parse-json\index.js","2890","03/08/2026 12:26:52"
"C:\Users\Dionisio Lima\OneDrive\Área de Trabalho\SOUSA_2.0_PRODUCAO\node_modules\parse-json\package.json","975","03/08/2026 12:26:52"
"C:\Users\Dionisio Lima\OneDrive\Área de Trabalho\SOUSA_2.0_PRODUCAO\node_modules\parseurl\index.js","2809","03/08/2026 12:26:52"
"C:\Users\Dionisio Lima\OneDrive\Área de Trabalho\SOUSA_2.0_PRODUCAO\node_modules\parseurl\package.json","1180","03/08/2026 12:26:52"
"C:\Users\Dionisio Lima\OneDrive\Área de Trabalho\SOUSA_2.0_PRODUCAO\node_modules\path-exists\index.js","298","03/08/2026 12:26:52"
"C:\Users\Dionisio Lima\OneDrive\Área de Trabalho\SOUSA_2.0_PRODUCAO\node_modules\path-exists\package.json","691","03/08/2026 12:26:52"
"C:\Users\Dionisio Lima\OneDrive\Área de Trabalho\SOUSA_2.0_PRODUCAO\node_modules\path-key\index.js","415","03/08/2026 12:26:52"
"C:\Users\Dionisio Lima\OneDrive\Área de Trabalho\SOUSA_2.0_PRODUCAO\node_modules\path-key\package.json","650","03/08/2026 12:26:52"
"C:\Users\Dionisio Lima\OneDrive\Área de Trabalho\SOUSA_2.0_PRODUCAO\node_modules\path-to-regexp\dist\index.js","14528","03/08/2026 12:26:52"
"C:\Users\Dionisio Lima\OneDrive\Área de Trabalho\SOUSA_2.0_PRODUCAO\node_modules\path-to-regexp\package.json","1399","03/08/2026 12:26:52"
"C:\Users\Dionisio Lima\OneDrive\Área de Trabalho\SOUSA_2.0_PRODUCAO\node_modules\picocolors\package.json","552","03/08/2026 12:26:52"
"C:\Users\Dionisio Lima\OneDrive\Área de Trabalho\SOUSA_2.0_PRODUCAO\node_modules\picocolors\picocolors.browser.js","598","03/08/2026 12:26:52"
"C:\Users\Dionisio Lima\OneDrive\Área de Trabalho\SOUSA_2.0_PRODUCAO\node_modules\picocolors\picocolors.js","2663","03/08/2026 12:26:52"
"C:\Users\Dionisio Lima\OneDrive\Área de Trabalho\SOUSA_2.0_PRODUCAO\node_modules\picomatch\lib\constants.js","4552","03/08/2026 12:26:52"
"C:\Users\Dionisio Lima\OneDrive\Área de Trabalho\SOUSA_2.0_PRODUCAO\node_modules\picomatch\lib\parse.js","34668","03/08/2026 12:26:53"
"C:\Users\Dionisio Lima\OneDrive\Área de Trabalho\SOUSA_2.0_PRODUCAO\node_modules\picomatch\lib\picomatch.js","10722","03/08/2026 12:26:53"
"C:\Users\Dionisio Lima\OneDrive\Área de Trabalho\SOUSA_2.0_PRODUCAO\node_modules\picomatch\lib\scan.js","9189","03/08/2026 12:26:54"
"C:\Users\Dionisio Lima\OneDrive\Área de Trabalho\SOUSA_2.0_PRODUCAO\node_modules\picomatch\lib\utils.js","1994","03/08/2026 12:26:54"
"C:\Users\Dionisio Lima\OneDrive\Área de Trabalho\SOUSA_2.0_PRODUCAO\node_modules\picomatch\index.js","479","03/08/2026 12:26:52"
"C:\Users\Dionisio Lima\OneDrive\Área de Trabalho\SOUSA_2.0_PRODUCAO\node_modules\picomatch\package.json","1915","03/08/2026 12:26:54"
"C:\Users\Dionisio Lima\OneDrive\Área de Trabalho\SOUSA_2.0_PRODUCAO\node_modules\picomatch\posix.js","60","03/08/2026 12:26:53"
"C:\Users\Dionisio Lima\OneDrive\Área de Trabalho\SOUSA_2.0_PRODUCAO\node_modules\pkce-challenge\dist\index.browser.js","2781","03/08/2026 12:26:53"
"C:\Users\Dionisio Lima\OneDrive\Área de Trabalho\SOUSA_2.0_PRODUCAO\node_modules\pkce-challenge\dist\index.node.js","2928","03/08/2026 12:26:53"
"C:\Users\Dionisio Lima\OneDrive\Área de Trabalho\SOUSA_2.0_PRODUCAO\node_modules\pkce-challenge\package.json","1648","03/08/2026 12:26:53"
"C:\Users\Dionisio Lima\OneDrive\Área de Trabalho\SOUSA_2.0_PRODUCAO\node_modules\proxy-addr\index.js","6000","03/08/2026 12:26:52"
"C:\Users\Dionisio Lima\OneDrive\Área de Trabalho\SOUSA_2.0_PRODUCAO\node_modules\proxy-addr\package.json","1183","03/08/2026 12:26:52"
"C:\Users\Dionisio Lima\OneDrive\Área de Trabalho\SOUSA_2.0_PRODUCAO\node_modules\qs\dist\qs.js","53175","03/08/2026 12:26:55"
"C:\Users\Dionisio Lima\OneDrive\Área de Trabalho\SOUSA_2.0_PRODUCAO\node_modules\qs\lib\formats.js","476","03/08/2026 12:26:53"
"C:\Users\Dionisio Lima\OneDrive\Área de Trabalho\SOUSA_2.0_PRODUCAO\node_modules\qs\lib\index.js","211","03/08/2026 12:26:53"
"C:\Users\Dionisio Lima\OneDrive\Área de Trabalho\SOUSA_2.0_PRODUCAO\node_modules\qs\lib\parse.js","16105","03/08/2026 12:26:53"
"C:\Users\Dionisio Lima\OneDrive\Área de Trabalho\SOUSA_2.0_PRODUCAO\node_modules\qs\lib\stringify.js","11688","03/08/2026 12:26:55"
"C:\Users\Dionisio Lima\OneDrive\Área de Trabalho\SOUSA_2.0_PRODUCAO\node_modules\qs\lib\utils.js","12222","03/08/2026 12:26:55"
"C:\Users\Dionisio Lima\OneDrive\Área de Trabalho\SOUSA_2.0_PRODUCAO\node_modules\qs\test\empty-keys-cases.js","7698","03/08/2026 12:26:52"
"C:\Users\Dionisio Lima\OneDrive\Área de Trabalho\SOUSA_2.0_PRODUCAO\node_modules\qs\test\parse.js","80338","03/08/2026 12:26:54"
"C:\Users\Dionisio Lima\OneDrive\Área de Trabalho\SOUSA_2.0_PRODUCAO\node_modules\qs\test\stringify.js","58636","03/08/2026 12:26:55"
"C:\Users\Dionisio Lima\OneDrive\Área de Trabalho\SOUSA_2.0_PRODUCAO\node_modules\qs\test\utils.js","24083","03/08/2026 12:26:55"
"C:\Users\Dionisio Lima\OneDrive\Área de Trabalho\SOUSA_2.0_PRODUCAO\node_modules\qs\package.json","3192","03/08/2026 12:26:55"
"C:\Users\Dionisio Lima\OneDrive\Área de Trabalho\SOUSA_2.0_PRODUCAO\node_modules\range-parser\index.js","3205","03/08/2026 12:26:52"
"C:\Users\Dionisio Lima\OneDrive\Área de Trabalho\SOUSA_2.0_PRODUCAO\node_modules\range-parser\package.json","1297","03/08/2026 12:26:52"
"C:\Users\Dionisio Lima\OneDrive\Área de Trabalho\SOUSA_2.0_PRODUCAO\node_modules\raw-body\index.js","7171","03/08/2026 12:26:52"
"C:\Users\Dionisio Lima\OneDrive\Área de Trabalho\SOUSA_2.0_PRODUCAO\node_modules\raw-body\package.json","1275","03/08/2026 12:26:52"
"C:\Users\Dionisio Lima\OneDrive\Área de Trabalho\SOUSA_2.0_PRODUCAO\node_modules\read-package-up\index.js","626","03/08/2026 12:26:52"
"C:\Users\Dionisio Lima\OneDrive\Área de Trabalho\SOUSA_2.0_PRODUCAO\node_modules\read-package-up\package.json","1130","03/08/2026 12:26:52"
"C:\Users\Dionisio Lima\OneDrive\Área de Trabalho\SOUSA_2.0_PRODUCAO\node_modules\read-pkg\index.js","1353","03/08/2026 12:26:52"
"C:\Users\Dionisio Lima\OneDrive\Área de Trabalho\SOUSA_2.0_PRODUCAO\node_modules\read-pkg\package.json","959","03/08/2026 12:26:52"
"C:\Users\Dionisio Lima\OneDrive\Área de Trabalho\SOUSA_2.0_PRODUCAO\node_modules\readdirp\esm\index.js","9554","03/08/2026 12:26:52"
"C:\Users\Dionisio Lima\OneDrive\Área de Trabalho\SOUSA_2.0_PRODUCAO\node_modules\readdirp\esm\package.json","43","03/08/2026 12:26:53"
"C:\Users\Dionisio Lima\OneDrive\Área de Trabalho\SOUSA_2.0_PRODUCAO\node_modules\readdirp\index.js","9967","03/08/2026 12:26:52"
"C:\Users\Dionisio Lima\OneDrive\Área de Trabalho\SOUSA_2.0_PRODUCAO\node_modules\readdirp\package.json","1660","03/08/2026 12:26:53"
"C:\Users\Dionisio Lima\OneDrive\Área de Trabalho\SOUSA_2.0_PRODUCAO\node_modules\require-from-string\index.js","866","03/08/2026 12:26:52"
"C:\Users\Dionisio Lima\OneDrive\Área de Trabalho\SOUSA_2.0_PRODUCAO\node_modules\require-from-string\package.json","511","03/08/2026 12:26:52"
"C:\Users\Dionisio Lima\OneDrive\Área de Trabalho\SOUSA_2.0_PRODUCAO\node_modules\restore-cursor\index.js","386","03/08/2026 12:26:52"
"C:\Users\Dionisio Lima\OneDrive\Área de Trabalho\SOUSA_2.0_PRODUCAO\node_modules\restore-cursor\package.json","970","03/08/2026 12:26:52"
"C:\Users\Dionisio Lima\OneDrive\Área de Trabalho\SOUSA_2.0_PRODUCAO\node_modules\router\lib\layer.js","4936","03/08/2026 12:26:52"
"C:\Users\Dionisio Lima\OneDrive\Área de Trabalho\SOUSA_2.0_PRODUCAO\node_modules\router\lib\route.js","4552","03/08/2026 12:26:53"
"C:\Users\Dionisio Lima\OneDrive\Área de Trabalho\SOUSA_2.0_PRODUCAO\node_modules\router\index.js","15866","03/08/2026 12:26:52"
"C:\Users\Dionisio Lima\OneDrive\Área de Trabalho\SOUSA_2.0_PRODUCAO\node_modules\router\package.json","1142","03/08/2026 12:26:53"
"C:\Users\Dionisio Lima\OneDrive\Área de Trabalho\SOUSA_2.0_PRODUCAO\node_modules\run-applescript\index.js","1006","03/08/2026 12:26:52"
"C:\Users\Dionisio Lima\OneDrive\Área de Trabalho\SOUSA_2.0_PRODUCAO\node_modules\run-applescript\package.json","760","03/08/2026 12:26:52"
"C:\Users\Dionisio Lima\OneDrive\Área de Trabalho\SOUSA_2.0_PRODUCAO\node_modules\run-async\index.js","3677","03/08/2026 12:26:52"
"C:\Users\Dionisio Lima\OneDrive\Área de Trabalho\SOUSA_2.0_PRODUCAO\node_modules\run-async\package.json","796","03/08/2026 12:26:52"
"C:\Users\Dionisio Lima\OneDrive\Área de Trabalho\SOUSA_2.0_PRODUCAO\node_modules\rxjs\ajax\package.json","216","03/08/2026 12:27:11"
"C:\Users\Dionisio Lima\OneDrive\Área de Trabalho\SOUSA_2.0_PRODUCAO\node_modules\rxjs\dist\bundles\rxjs.umd.js","284476","03/08/2026 12:27:10"
"C:\Users\Dionisio Lima\OneDrive\Área de Trabalho\SOUSA_2.0_PRODUCAO\node_modules\rxjs\dist\bundles\rxjs.umd.min.js","88060","03/08/2026 12:27:10"
"C:\Users\Dionisio Lima\OneDrive\Área de Trabalho\SOUSA_2.0_PRODUCAO\node_modules\rxjs\dist\cjs\ajax\index.js","842","03/08/2026 12:27:06"
"C:\Users\Dionisio Lima\OneDrive\Área de Trabalho\SOUSA_2.0_PRODUCAO\node_modules\rxjs\dist\cjs\fetch\index.js","312","03/08/2026 12:27:06"
"C:\Users\Dionisio Lima\OneDrive\Área de Trabalho\SOUSA_2.0_PRODUCAO\node_modules\rxjs\dist\cjs\internal\ajax\ajax.js","10742","03/08/2026 12:26:53"
"C:\Users\Dionisio Lima\OneDrive\Área de Trabalho\SOUSA_2.0_PRODUCAO\node_modules\rxjs\dist\cjs\internal\ajax\AjaxResponse.js","1370","03/08/2026 12:26:55"
"C:\Users\Dionisio Lima\OneDrive\Área de Trabalho\SOUSA_2.0_PRODUCAO\node_modules\rxjs\dist\cjs\internal\ajax\errors.js","1188","03/08/2026 12:27:04"
"C:\Users\Dionisio Lima\OneDrive\Área de Trabalho\SOUSA_2.0_PRODUCAO\node_modules\rxjs\dist\cjs\internal\ajax\getXHRResponse.js","814","03/08/2026 12:27:05"
"C:\Users\Dionisio Lima\OneDrive\Área de Trabalho\SOUSA_2.0_PRODUCAO\node_modules\rxjs\dist\cjs\internal\ajax\types.js","110","03/08/2026 12:27:11"
"C:\Users\Dionisio Lima\OneDrive\Área de Trabalho\SOUSA_2.0_PRODUCAO\node_modules\rxjs\dist\cjs\internal\observable\dom\animationFrames.js","1605","03/08/2026 12:26:57"
"C:\Users\Dionisio Lima\OneDrive\Área de Trabalho\SOUSA_2.0_PRODUCAO\node_modules\rxjs\dist\cjs\internal\observable\dom\fetch.js","3100","03/08/2026 12:27:04"
"C:\Users\Dionisio Lima\OneDrive\Área de Trabalho\SOUSA_2.0_PRODUCAO\node_modules\rxjs\dist\cjs\internal\observable\dom\webSocket.js","342","03/08/2026 12:27:11"
"C:\Users\Dionisio Lima\OneDrive\Área de Trabalho\SOUSA_2.0_PRODUCAO\node_modules\rxjs\dist\cjs\internal\observable\dom\WebSocketSubject.js","9340","03/08/2026 12:27:11"
"C:\Users\Dionisio Lima\OneDrive\Área de Trabalho\SOUSA_2.0_PRODUCAO\node_modules\rxjs\dist\cjs\internal\observable\bindCallback.js","424","03/08/2026 12:27:00"
"C:\Users\Dionisio Lima\OneDrive\Área de Trabalho\SOUSA_2.0_PRODUCAO\node_modules\rxjs\dist\cjs\internal\observable\bindCallbackInternals.js","3916","03/08/2026 12:27:01"
"C:\Users\Dionisio Lima\OneDrive\Área de Trabalho\SOUSA_2.0_PRODUCAO\node_modules\rxjs\dist\cjs\internal\observable\bindNodeCallback.js","443","03/08/2026 12:27:01"
"C:\Users\Dionisio Lima\OneDrive\Área de Trabalho\SOUSA_2.0_PRODUCAO\node_modules\rxjs\dist\cjs\internal\observable\combineLatest.js","3158","03/08/2026 12:27:02"
"C:\Users\Dionisio Lima\OneDrive\Área de Trabalho\SOUSA_2.0_PRODUCAO\node_modules\rxjs\dist\cjs\internal\observable\concat.js","499","03/08/2026 12:27:02"
"C:\Users\Dionisio Lima\OneDrive\Área de Trabalho\SOUSA_2.0_PRODUCAO\node_modules\rxjs\dist\cjs\internal\observable\connectable.js","1181","03/08/2026 12:27:03"
"C:\Users\Dionisio Lima\OneDrive\Área de Trabalho\SOUSA_2.0_PRODUCAO\node_modules\rxjs\dist\cjs\internal\observable\ConnectableObservable.js","3416","03/08/2026 12:27:03"
"C:\Users\Dionisio Lima\OneDrive\Área de Trabalho\SOUSA_2.0_PRODUCAO\node_modules\rxjs\dist\cjs\internal\observable\defer.js","427","03/08/2026 12:27:04"
"C:\Users\Dionisio Lima\OneDrive\Área de Trabalho\SOUSA_2.0_PRODUCAO\node_modules\rxjs\dist\cjs\internal\observable\empty.js","596","03/08/2026 12:27:04"
"C:\Users\Dionisio Lima\OneDrive\Área de Trabalho\SOUSA_2.0_PRODUCAO\node_modules\rxjs\dist\cjs\internal\observable\forkJoin.js","2191","03/08/2026 12:27:05"
"C:\Users\Dionisio Lima\OneDrive\Área de Trabalho\SOUSA_2.0_PRODUCAO\node_modules\rxjs\dist\cjs\internal\observable\from.js","379","03/08/2026 12:27:05"
"C:\Users\Dionisio Lima\OneDrive\Área de Trabalho\SOUSA_2.0_PRODUCAO\node_modules\rxjs\dist\cjs\internal\observable\fromEvent.js","3317","03/08/2026 12:27:05"
"C:\Users\Dionisio Lima\OneDrive\Área de Trabalho\SOUSA_2.0_PRODUCAO\node_modules\rxjs\dist\cjs\internal\observable\fromEventPattern.js","1069","03/08/2026 12:27:05"
"C:\Users\Dionisio Lima\OneDrive\Área de Trabalho\SOUSA_2.0_PRODUCAO\node_modules\rxjs\dist\cjs\internal\observable\fromSubscribable.js","400","03/08/2026 12:27:05"
"C:\Users\Dionisio Lima\OneDrive\Área de Trabalho\SOUSA_2.0_PRODUCAO\node_modules\rxjs\dist\cjs\internal\observable\generate.js","3743","03/08/2026 12:27:05"
"C:\Users\Dionisio Lima\OneDrive\Área de Trabalho\SOUSA_2.0_PRODUCAO\node_modules\rxjs\dist\cjs\internal\observable\iif.js","328","03/08/2026 12:27:05"
"C:\Users\Dionisio Lima\OneDrive\Área de Trabalho\SOUSA_2.0_PRODUCAO\node_modules\rxjs\dist\cjs\internal\observable\innerFrom.js","9688","03/08/2026 12:27:07"
"C:\Users\Dionisio Lima\OneDrive\Área de Trabalho\SOUSA_2.0_PRODUCAO\node_modules\rxjs\dist\cjs\internal\observable\interval.js","503","03/08/2026 12:27:07"
"C:\Users\Dionisio Lima\OneDrive\Área de Trabalho\SOUSA_2.0_PRODUCAO\node_modules\rxjs\dist\cjs\internal\observable\merge.js","866","03/08/2026 12:27:08"
"C:\Users\Dionisio Lima\OneDrive\Área de Trabalho\SOUSA_2.0_PRODUCAO\node_modules\rxjs\dist\cjs\internal\observable\never.js","361","03/08/2026 12:27:08"
"C:\Users\Dionisio Lima\OneDrive\Área de Trabalho\SOUSA_2.0_PRODUCAO\node_modules\rxjs\dist\cjs\internal\observable\of.js","432","03/08/2026 12:27:09"
"C:\Users\Dionisio Lima\OneDrive\Área de Trabalho\SOUSA_2.0_PRODUCAO\node_modules\rxjs\dist\cjs\internal\observable\onErrorResumeNext.js","1506","03/08/2026 12:27:09"
"C:\Users\Dionisio Lima\OneDrive\Área de Trabalho\SOUSA_2.0_PRODUCAO\node_modules\rxjs\dist\cjs\internal\observable\pairs.js","280","03/08/2026 12:27:09"
"C:\Users\Dionisio Lima\OneDrive\Área de Trabalho\SOUSA_2.0_PRODUCAO\node_modules\rxjs\dist\cjs\internal\observable\partition.js","509","03/08/2026 12:27:09"
"C:\Users\Dionisio Lima\OneDrive\Área de Trabalho\SOUSA_2.0_PRODUCAO\node_modules\rxjs\dist\cjs\internal\observable\race.js","1470","03/08/2026 12:27:09"
"C:\Users\Dionisio Lima\OneDrive\Área de Trabalho\SOUSA_2.0_PRODUCAO\node_modules\rxjs\dist\cjs\internal\observable\range.js","1144","03/08/2026 12:27:09"
"C:\Users\Dionisio Lima\OneDrive\Área de Trabalho\SOUSA_2.0_PRODUCAO\node_modules\rxjs\dist\cjs\internal\observable\throwError.js","682","03/08/2026 12:27:11"
"C:\Users\Dionisio Lima\OneDrive\Área de Trabalho\SOUSA_2.0_PRODUCAO\node_modules\rxjs\dist\cjs\internal\observable\timer.js","1375","03/08/2026 12:27:11"
"C:\Users\Dionisio Lima\OneDrive\Área de Trabalho\SOUSA_2.0_PRODUCAO\node_modules\rxjs\dist\cjs\internal\observable\using.js","733","03/08/2026 12:27:11"
"C:\Users\Dionisio Lima\OneDrive\Área de Trabalho\SOUSA_2.0_PRODUCAO\node_modules\rxjs\dist\cjs\internal\observable\zip.js","2943","03/08/2026 12:27:11"
"C:\Users\Dionisio Lima\OneDrive\Área de Trabalho\SOUSA_2.0_PRODUCAO\node_modules\rxjs\dist\cjs\internal\operators\audit.js","1704","03/08/2026 12:27:00"
"C:\Users\Dionisio Lima\OneDrive\Área de Trabalho\SOUSA_2.0_PRODUCAO\node_modules\rxjs\dist\cjs\internal\operators\auditTime.js","498","03/08/2026 12:27:00"
"C:\Users\Dionisio Lima\OneDrive\Área de Trabalho\SOUSA_2.0_PRODUCAO\node_modules\rxjs\dist\cjs\internal\operators\buffer.js","1059","03/08/2026 12:27:01"
"C:\Users\Dionisio Lima\OneDrive\Área de Trabalho\SOUSA_2.0_PRODUCAO\node_modules\rxjs\dist\cjs\internal\operators\bufferCount.js","3643","03/08/2026 12:27:01"
"C:\Users\Dionisio Lima\OneDrive\Área de Trabalho\SOUSA_2.0_PRODUCAO\node_modules\rxjs\dist\cjs\internal\operators\bufferTime.js","4081","03/08/2026 12:27:02"
"C:\Users\Dionisio Lima\OneDrive\Área de Trabalho\SOUSA_2.0_PRODUCAO\node_modules\rxjs\dist\cjs\internal\operators\bufferToggle.js","2636","03/08/2026 12:27:02"
"C:\Users\Dionisio Lima\OneDrive\Área de Trabalho\SOUSA_2.0_PRODUCAO\node_modules\rxjs\dist\cjs\internal\operators\bufferWhen.js","1347","03/08/2026 12:27:02"
"C:\Users\Dionisio Lima\OneDrive\Área de Trabalho\SOUSA_2.0_PRODUCAO\node_modules\rxjs\dist\cjs\internal\operators\catchError.js","1142","03/08/2026 12:27:02"
"C:\Users\Dionisio Lima\OneDrive\Área de Trabalho\SOUSA_2.0_PRODUCAO\node_modules\rxjs\dist\cjs\internal\operators\combineAll.js","258","03/08/2026 12:27:02"
"C:\Users\Dionisio Lima\OneDrive\Área de Trabalho\SOUSA_2.0_PRODUCAO\node_modules\rxjs\dist\cjs\internal\operators\combineLatest.js","1723","03/08/2026 12:27:02"
"C:\Users\Dionisio Lima\OneDrive\Área de Trabalho\SOUSA_2.0_PRODUCAO\node_modules\rxjs\dist\cjs\internal\operators\combineLatestAll.js","446","03/08/2026 12:27:02"
"C:\Users\Dionisio Lima\OneDrive\Área de Trabalho\SOUSA_2.0_PRODUCAO\node_modules\rxjs\dist\cjs\internal\operators\combineLatestWith.js","1190","03/08/2026 12:27:02"
"C:\Users\Dionisio Lima\OneDrive\Área de Trabalho\SOUSA_2.0_PRODUCAO\node_modules\rxjs\dist\cjs\internal\operators\concat.js","1365","03/08/2026 12:27:03"
"C:\Users\Dionisio Lima\OneDrive\Área de Trabalho\SOUSA_2.0_PRODUCAO\node_modules\rxjs\dist\cjs\internal\operators\concatAll.js","273","03/08/2026 12:27:03"
"C:\Users\Dionisio Lima\OneDrive\Área de Trabalho\SOUSA_2.0_PRODUCAO\node_modules\rxjs\dist\cjs\internal\operators\concatMap.js","447","03/08/2026 12:27:03"
"C:\Users\Dionisio Lima\OneDrive\Área de Trabalho\SOUSA_2.0_PRODUCAO\node_modules\rxjs\dist\cjs\internal\operators\concatMapTo.js","529","03/08/2026 12:27:03"
"C:\Users\Dionisio Lima\OneDrive\Área de Trabalho\SOUSA_2.0_PRODUCAO\node_modules\rxjs\dist\cjs\internal\operators\concatWith.js","1127","03/08/2026 12:27:03"
"C:\Users\Dionisio Lima\OneDrive\Área de Trabalho\SOUSA_2.0_PRODUCAO\node_modules\rxjs\dist\cjs\internal\operators\connect.js","848","03/08/2026 12:27:03"
"C:\Users\Dionisio Lima\OneDrive\Área de Trabalho\SOUSA_2.0_PRODUCAO\node_modules\rxjs\dist\cjs\internal\operators\count.js","350","03/08/2026 12:27:03"
"C:\Users\Dionisio Lima\OneDrive\Área de Trabalho\SOUSA_2.0_PRODUCAO\node_modules\rxjs\dist\cjs\internal\operators\debounce.js","1615","03/08/2026 12:27:03"
"C:\Users\Dionisio Lima\OneDrive\Área de Trabalho\SOUSA_2.0_PRODUCAO\node_modules\rxjs\dist\cjs\internal\operators\debounceTime.js","1727","03/08/2026 12:27:03"
"C:\Users\Dionisio Lima\OneDrive\Área de Trabalho\SOUSA_2.0_PRODUCAO\node_modules\rxjs\dist\cjs\internal\operators\defaultIfEmpty.js","759","03/08/2026 12:27:03"
"C:\Users\Dionisio Lima\OneDrive\Área de Trabalho\SOUSA_2.0_PRODUCAO\node_modules\rxjs\dist\cjs\internal\operators\delay.js","513","03/08/2026 12:27:04"
"C:\Users\Dionisio Lima\OneDrive\Área de Trabalho\SOUSA_2.0_PRODUCAO\node_modules\rxjs\dist\cjs\internal\operators\delayWhen.js","908","03/08/2026 12:27:04"
"C:\Users\Dionisio Lima\OneDrive\Área de Trabalho\SOUSA_2.0_PRODUCAO\node_modules\rxjs\dist\cjs\internal\operators\dematerialize.js","614","03/08/2026 12:27:04"
"C:\Users\Dionisio Lima\OneDrive\Área de Trabalho\SOUSA_2.0_PRODUCAO\node_modules\rxjs\dist\cjs\internal\operators\distinct.js","1000","03/08/2026 12:27:04"
"C:\Users\Dionisio Lima\OneDrive\Área de Trabalho\SOUSA_2.0_PRODUCAO\node_modules\rxjs\dist\cjs\internal\operators\distinctUntilChanged.js","1111","03/08/2026 12:27:04"
"C:\Users\Dionisio Lima\OneDrive\Área de Trabalho\SOUSA_2.0_PRODUCAO\node_modules\rxjs\dist\cjs\internal\operators\distinctUntilKeyChanged.js","485","03/08/2026 12:27:04"
"C:\Users\Dionisio Lima\OneDrive\Área de Trabalho\SOUSA_2.0_PRODUCAO\node_modules\rxjs\dist\cjs\internal\operators\elementAt.js","924","03/08/2026 12:27:04"
"C:\Users\Dionisio Lima\OneDrive\Área de Trabalho\SOUSA_2.0_PRODUCAO\node_modules\rxjs\dist\cjs\internal\operators\endWith.js","1193","03/08/2026 12:27:04"
"C:\Users\Dionisio Lima\OneDrive\Área de Trabalho\SOUSA_2.0_PRODUCAO\node_modules\rxjs\dist\cjs\internal\operators\every.js","754","03/08/2026 12:27:04"
"C:\Users\Dionisio Lima\OneDrive\Área de Trabalho\SOUSA_2.0_PRODUCAO\node_modules\rxjs\dist\cjs\internal\operators\exhaust.js","225","03/08/2026 12:27:04"
"C:\Users\Dionisio Lima\OneDrive\Área de Trabalho\SOUSA_2.0_PRODUCAO\node_modules\rxjs\dist\cjs\internal\operators\exhaustAll.js","350","03/08/2026 12:27:04"
"C:\Users\Dionisio Lima\OneDrive\Área de Trabalho\SOUSA_2.0_PRODUCAO\node_modules\rxjs\dist\cjs\internal\operators\exhaustMap.js","1400","03/08/2026 12:27:04"
"C:\Users\Dionisio Lima\OneDrive\Área de Trabalho\SOUSA_2.0_PRODUCAO\node_modules\rxjs\dist\cjs\internal\operators\expand.js","608","03/08/2026 12:27:04"
"C:\Users\Dionisio Lima\OneDrive\Área de Trabalho\SOUSA_2.0_PRODUCAO\node_modules\rxjs\dist\cjs\internal\operators\filter.js","569","03/08/2026 12:27:05"
"C:\Users\Dionisio Lima\OneDrive\Área de Trabalho\SOUSA_2.0_PRODUCAO\node_modules\rxjs\dist\cjs\internal\operators\finalize.js","437","03/08/2026 12:27:05"
"C:\Users\Dionisio Lima\OneDrive\Área de Trabalho\SOUSA_2.0_PRODUCAO\node_modules\rxjs\dist\cjs\internal\operators\find.js","1003","03/08/2026 12:27:05"
"C:\Users\Dionisio Lima\OneDrive\Área de Trabalho\SOUSA_2.0_PRODUCAO\node_modules\rxjs\dist\cjs\internal\operators\findIndex.js","361","03/08/2026 12:27:05"
"C:\Users\Dionisio Lima\OneDrive\Área de Trabalho\SOUSA_2.0_PRODUCAO\node_modules\rxjs\dist\cjs\internal\operators\first.js","850","03/08/2026 12:27:05"
"C:\Users\Dionisio Lima\OneDrive\Área de Trabalho\SOUSA_2.0_PRODUCAO\node_modules\rxjs\dist\cjs\internal\operators\flatMap.js","217","03/08/2026 12:27:05"
"C:\Users\Dionisio Lima\OneDrive\Área de Trabalho\SOUSA_2.0_PRODUCAO\node_modules\rxjs\dist\cjs\internal\operators\groupBy.js","3242","03/08/2026 12:27:05"
"C:\Users\Dionisio Lima\OneDrive\Área de Trabalho\SOUSA_2.0_PRODUCAO\node_modules\rxjs\dist\cjs\internal\operators\ignoreElements.js","523","03/08/2026 12:27:05"
"C:\Users\Dionisio Lima\OneDrive\Área de Trabalho\SOUSA_2.0_PRODUCAO\node_modules\rxjs\dist\cjs\internal\operators\isEmpty.js","628","03/08/2026 12:27:07"
"C:\Users\Dionisio Lima\OneDrive\Área de Trabalho\SOUSA_2.0_PRODUCAO\node_modules\rxjs\dist\cjs\internal\operators\joinAllInternals.js","664","03/08/2026 12:27:07"
"C:\Users\Dionisio Lima\OneDrive\Área de Trabalho\SOUSA_2.0_PRODUCAO\node_modules\rxjs\dist\cjs\internal\operators\last.js","861","03/08/2026 12:27:08"
"C:\Users\Dionisio Lima\OneDrive\Área de Trabalho\SOUSA_2.0_PRODUCAO\node_modules\rxjs\dist\cjs\internal\operators\map.js","554","03/08/2026 12:27:08"
"C:\Users\Dionisio Lima\OneDrive\Área de Trabalho\SOUSA_2.0_PRODUCAO\node_modules\rxjs\dist\cjs\internal\operators\mapTo.js","266","03/08/2026 12:27:08"
"C:\Users\Dionisio Lima\OneDrive\Área de Trabalho\SOUSA_2.0_PRODUCAO\node_modules\rxjs\dist\cjs\internal\operators\materialize.js","885","03/08/2026 12:27:08"
"C:\Users\Dionisio Lima\OneDrive\Área de Trabalho\SOUSA_2.0_PRODUCAO\node_modules\rxjs\dist\cjs\internal\operators\max.js","430","03/08/2026 12:27:08"
"C:\Users\Dionisio Lima\OneDrive\Área de Trabalho\SOUSA_2.0_PRODUCAO\node_modules\rxjs\dist\cjs\internal\operators\merge.js","1421","03/08/2026 12:27:08"
"C:\Users\Dionisio Lima\OneDrive\Área de Trabalho\SOUSA_2.0_PRODUCAO\node_modules\rxjs\dist\cjs\internal\operators\mergeAll.js","412","03/08/2026 12:27:08"
"C:\Users\Dionisio Lima\OneDrive\Área de Trabalho\SOUSA_2.0_PRODUCAO\node_modules\rxjs\dist\cjs\internal\operators\mergeInternals.js","2630","03/08/2026 12:27:08"
"C:\Users\Dionisio Lima\OneDrive\Área de Trabalho\SOUSA_2.0_PRODUCAO\node_modules\rxjs\dist\cjs\internal\operators\mergeMap.js","976","03/08/2026 12:27:08"
"C:\Users\Dionisio Lima\OneDrive\Área de Trabalho\SOUSA_2.0_PRODUCAO\node_modules\rxjs\dist\cjs\internal\operators\mergeMapTo.js","730","03/08/2026 12:27:08"
"C:\Users\Dionisio Lima\OneDrive\Área de Trabalho\SOUSA_2.0_PRODUCAO\node_modules\rxjs\dist\cjs\internal\operators\mergeScan.js","732","03/08/2026 12:27:08"
"C:\Users\Dionisio Lima\OneDrive\Área de Trabalho\SOUSA_2.0_PRODUCAO\node_modules\rxjs\dist\cjs\internal\operators\mergeWith.js","1118","03/08/2026 12:27:08"
"C:\Users\Dionisio Lima\OneDrive\Área de Trabalho\SOUSA_2.0_PRODUCAO\node_modules\rxjs\dist\cjs\internal\operators\min.js","430","03/08/2026 12:27:08"
"C:\Users\Dionisio Lima\OneDrive\Área de Trabalho\SOUSA_2.0_PRODUCAO\node_modules\rxjs\dist\cjs\internal\operators\multicast.js","811","03/08/2026 12:27:08"
"C:\Users\Dionisio Lima\OneDrive\Área de Trabalho\SOUSA_2.0_PRODUCAO\node_modules\rxjs\dist\cjs\internal\operators\observeOn.js","981","03/08/2026 12:27:08"
"C:\Users\Dionisio Lima\OneDrive\Área de Trabalho\SOUSA_2.0_PRODUCAO\node_modules\rxjs\dist\cjs\internal\operators\onErrorResumeNextWith.js","1464","03/08/2026 12:27:09"
"C:\Users\Dionisio Lima\OneDrive\Área de Trabalho\SOUSA_2.0_PRODUCAO\node_modules\rxjs\dist\cjs\internal\operators\OperatorSubscriber.js","3103","03/08/2026 12:27:09"
"C:\Users\Dionisio Lima\OneDrive\Área de Trabalho\SOUSA_2.0_PRODUCAO\node_modules\rxjs\dist\cjs\internal\operators\pairwise.js","651","03/08/2026 12:27:09"
"C:\Users\Dionisio Lima\OneDrive\Área de Trabalho\SOUSA_2.0_PRODUCAO\node_modules\rxjs\dist\cjs\internal\operators\partition.js","444","03/08/2026 12:27:09"
"C:\Users\Dionisio Lima\OneDrive\Área de Trabalho\SOUSA_2.0_PRODUCAO\node_modules\rxjs\dist\cjs\internal\operators\pluck.js","879","03/08/2026 12:27:09"
"C:\Users\Dionisio Lima\OneDrive\Área de Trabalho\SOUSA_2.0_PRODUCAO\node_modules\rxjs\dist\cjs\internal\operators\publish.js","491","03/08/2026 12:27:09"
"C:\Users\Dionisio Lima\OneDrive\Área de Trabalho\SOUSA_2.0_PRODUCAO\node_modules\rxjs\dist\cjs\internal\operators\publishBehavior.js","593","03/08/2026 12:27:09"
"C:\Users\Dionisio Lima\OneDrive\Área de Trabalho\SOUSA_2.0_PRODUCAO\node_modules\rxjs\dist\cjs\internal\operators\publishLast.js","537","03/08/2026 12:27:09"
"C:\Users\Dionisio Lima\OneDrive\Área de Trabalho\SOUSA_2.0_PRODUCAO\node_modules\rxjs\dist\cjs\internal\operators\publishReplay.js","817","03/08/2026 12:27:09"
"C:\Users\Dionisio Lima\OneDrive\Área de Trabalho\SOUSA_2.0_PRODUCAO\node_modules\rxjs\dist\cjs\internal\operators\race.js","1172","03/08/2026 12:27:09"
"C:\Users\Dionisio Lima\OneDrive\Área de Trabalho\SOUSA_2.0_PRODUCAO\node_modules\rxjs\dist\cjs\internal\operators\raceWith.js","1345","03/08/2026 12:27:09"
"C:\Users\Dionisio Lima\OneDrive\Área de Trabalho\SOUSA_2.0_PRODUCAO\node_modules\rxjs\dist\cjs\internal\operators\reduce.js","401","03/08/2026 12:27:09"
"C:\Users\Dionisio Lima\OneDrive\Área de Trabalho\SOUSA_2.0_PRODUCAO\node_modules\rxjs\dist\cjs\internal\operators\refCount.js","1131","03/08/2026 12:27:09"
"C:\Users\Dionisio Lima\OneDrive\Área de Trabalho\SOUSA_2.0_PRODUCAO\node_modules\rxjs\dist\cjs\internal\operators\repeat.js","2456","03/08/2026 12:27:09"
"C:\Users\Dionisio Lima\OneDrive\Área de Trabalho\SOUSA_2.0_PRODUCAO\node_modules\rxjs\dist\cjs\internal\operators\repeatWhen.js","1994","03/08/2026 12:27:09"
"C:\Users\Dionisio Lima\OneDrive\Área de Trabalho\SOUSA_2.0_PRODUCAO\node_modules\rxjs\dist\cjs\internal\operators\retry.js","3003","03/08/2026 12:27:10"
"C:\Users\Dionisio Lima\OneDrive\Área de Trabalho\SOUSA_2.0_PRODUCAO\node_modules\rxjs\dist\cjs\internal\operators\retryWhen.js","1426","03/08/2026 12:27:10"
"C:\Users\Dionisio Lima\OneDrive\Área de Trabalho\SOUSA_2.0_PRODUCAO\node_modules\rxjs\dist\cjs\internal\operators\sample.js","1019","03/08/2026 12:27:10"
"C:\Users\Dionisio Lima\OneDrive\Área de Trabalho\SOUSA_2.0_PRODUCAO\node_modules\rxjs\dist\cjs\internal\operators\sampleTime.js","491","03/08/2026 12:27:10"
"C:\Users\Dionisio Lima\OneDrive\Área de Trabalho\SOUSA_2.0_PRODUCAO\node_modules\rxjs\dist\cjs\internal\operators\scan.js","384","03/08/2026 12:27:10"
"C:\Users\Dionisio Lima\OneDrive\Área de Trabalho\SOUSA_2.0_PRODUCAO\node_modules\rxjs\dist\cjs\internal\operators\scanInternals.js","979","03/08/2026 12:27:10"
"C:\Users\Dionisio Lima\OneDrive\Área de Trabalho\SOUSA_2.0_PRODUCAO\node_modules\rxjs\dist\cjs\internal\operators\sequenceEqual.js","1892","03/08/2026 12:27:10"
"C:\Users\Dionisio Lima\OneDrive\Área de Trabalho\SOUSA_2.0_PRODUCAO\node_modules\rxjs\dist\cjs\internal\operators\share.js","4182","03/08/2026 12:27:10"
"C:\Users\Dionisio Lima\OneDrive\Área de Trabalho\SOUSA_2.0_PRODUCAO\node_modules\rxjs\dist\cjs\internal\operators\shareReplay.js","1144","03/08/2026 12:27:10"
"C:\Users\Dionisio Lima\OneDrive\Área de Trabalho\SOUSA_2.0_PRODUCAO\node_modules\rxjs\dist\cjs\internal\operators\single.js","1352","03/08/2026 12:27:10"
"C:\Users\Dionisio Lima\OneDrive\Área de Trabalho\SOUSA_2.0_PRODUCAO\node_modules\rxjs\dist\cjs\internal\operators\skip.js","290","03/08/2026 12:27:10"
"C:\Users\Dionisio Lima\OneDrive\Área de Trabalho\SOUSA_2.0_PRODUCAO\node_modules\rxjs\dist\cjs\internal\operators\skipLast.js","1138","03/08/2026 12:27:10"
"C:\Users\Dionisio Lima\OneDrive\Área de Trabalho\SOUSA_2.0_PRODUCAO\node_modules\rxjs\dist\cjs\internal\operators\skipUntil.js","964","03/08/2026 12:27:10"
"C:\Users\Dionisio Lima\OneDrive\Área de Trabalho\SOUSA_2.0_PRODUCAO\node_modules\rxjs\dist\cjs\internal\operators\skipWhile.js","613","03/08/2026 12:27:10"
"C:\Users\Dionisio Lima\OneDrive\Área de Trabalho\SOUSA_2.0_PRODUCAO\node_modules\rxjs\dist\cjs\internal\operators\startWith.js","674","03/08/2026 12:27:10"
"C:\Users\Dionisio Lima\OneDrive\Área de Trabalho\SOUSA_2.0_PRODUCAO\node_modules\rxjs\dist\cjs\internal\operators\subscribeOn.js","474","03/08/2026 12:27:10"
"C:\Users\Dionisio Lima\OneDrive\Área de Trabalho\SOUSA_2.0_PRODUCAO\node_modules\rxjs\dist\cjs\internal\operators\switchAll.js","341","03/08/2026 12:27:10"
"C:\Users\Dionisio Lima\OneDrive\Área de Trabalho\SOUSA_2.0_PRODUCAO\node_modules\rxjs\dist\cjs\internal\operators\switchMap.js","1414","03/08/2026 12:27:10"
"C:\Users\Dionisio Lima\OneDrive\Área de Trabalho\SOUSA_2.0_PRODUCAO\node_modules\rxjs\dist\cjs\internal\operators\switchMapTo.js","529","03/08/2026 12:27:10"
"C:\Users\Dionisio Lima\OneDrive\Área de Trabalho\SOUSA_2.0_PRODUCAO\node_modules\rxjs\dist\cjs\internal\operators\switchScan.js","662","03/08/2026 12:27:10"
"C:\Users\Dionisio Lima\OneDrive\Área de Trabalho\SOUSA_2.0_PRODUCAO\node_modules\rxjs\dist\cjs\internal\operators\take.js","833","03/08/2026 12:27:10"
"C:\Users\Dionisio Lima\OneDrive\Área de Trabalho\SOUSA_2.0_PRODUCAO\node_modules\rxjs\dist\cjs\internal\operators\takeLast.js","1970","03/08/2026 12:27:10"
"C:\Users\Dionisio Lima\OneDrive\Área de Trabalho\SOUSA_2.0_PRODUCAO\node_modules\rxjs\dist\cjs\internal\operators\takeUntil.js","692","03/08/2026 12:27:11"
"C:\Users\Dionisio Lima\OneDrive\Área de Trabalho\SOUSA_2.0_PRODUCAO\node_modules\rxjs\dist\cjs\internal\operators\takeWhile.js","732","03/08/2026 12:27:11"
"C:\Users\Dionisio Lima\OneDrive\Área de Trabalho\SOUSA_2.0_PRODUCAO\node_modules\rxjs\dist\cjs\internal\operators\tap.js","1942","03/08/2026 12:27:11"
"C:\Users\Dionisio Lima\OneDrive\Área de Trabalho\SOUSA_2.0_PRODUCAO\node_modules\rxjs\dist\cjs\internal\operators\throttle.js","2113","03/08/2026 12:27:11"
"C:\Users\Dionisio Lima\OneDrive\Área de Trabalho\SOUSA_2.0_PRODUCAO\node_modules\rxjs\dist\cjs\internal\operators\throttleTime.js","572","03/08/2026 12:27:11"
"C:\Users\Dionisio Lima\OneDrive\Área de Trabalho\SOUSA_2.0_PRODUCAO\node_modules\rxjs\dist\cjs\internal\operators\throwIfEmpty.js","894","03/08/2026 12:27:11"
"C:\Users\Dionisio Lima\OneDrive\Área de Trabalho\SOUSA_2.0_PRODUCAO\node_modules\rxjs\dist\cjs\internal\operators\timeInterval.js","1056","03/08/2026 12:27:11"
"C:\Users\Dionisio Lima\OneDrive\Área de Trabalho\SOUSA_2.0_PRODUCAO\node_modules\rxjs\dist\cjs\internal\operators\timeout.js","3087","03/08/2026 12:27:11"
"C:\Users\Dionisio Lima\OneDrive\Área de Trabalho\SOUSA_2.0_PRODUCAO\node_modules\rxjs\dist\cjs\internal\operators\timeoutWith.js","1030","03/08/2026 12:27:11"
"C:\Users\Dionisio Lima\OneDrive\Área de Trabalho\SOUSA_2.0_PRODUCAO\node_modules\rxjs\dist\cjs\internal\operators\timestamp.js","538","03/08/2026 12:27:11"
"C:\Users\Dionisio Lima\OneDrive\Área de Trabalho\SOUSA_2.0_PRODUCAO\node_modules\rxjs\dist\cjs\internal\operators\toArray.js","474","03/08/2026 12:27:11"
"C:\Users\Dionisio Lima\OneDrive\Área de Trabalho\SOUSA_2.0_PRODUCAO\node_modules\rxjs\dist\cjs\internal\operators\window.js","1502","03/08/2026 12:27:11"
"C:\Users\Dionisio Lima\OneDrive\Área de Trabalho\SOUSA_2.0_PRODUCAO\node_modules\rxjs\dist\cjs\internal\operators\windowCount.js","2670","03/08/2026 12:27:11"
"C:\Users\Dionisio Lima\OneDrive\Área de Trabalho\SOUSA_2.0_PRODUCAO\node_modules\rxjs\dist\cjs\internal\operators\windowTime.js","3189","03/08/2026 12:27:11"
"C:\Users\Dionisio Lima\OneDrive\Área de Trabalho\SOUSA_2.0_PRODUCAO\node_modules\rxjs\dist\cjs\internal\operators\windowToggle.js","3392","03/08/2026 12:27:11"
"C:\Users\Dionisio Lima\OneDrive\Área de Trabalho\SOUSA_2.0_PRODUCAO\node_modules\rxjs\dist\cjs\internal\operators\windowWhen.js","1811","03/08/2026 12:27:11"
"C:\Users\Dionisio Lima\OneDrive\Área de Trabalho\SOUSA_2.0_PRODUCAO\node_modules\rxjs\dist\cjs\internal\operators\withLatestFrom.js","2430","03/08/2026 12:27:11"
"C:\Users\Dionisio Lima\OneDrive\Área de Trabalho\SOUSA_2.0_PRODUCAO\node_modules\rxjs\dist\cjs\internal\operators\zip.js","1206","03/08/2026 12:27:11"
"C:\Users\Dionisio Lima\OneDrive\Área de Trabalho\SOUSA_2.0_PRODUCAO\node_modules\rxjs\dist\cjs\internal\operators\zipAll.js","356","03/08/2026 12:27:11"
"C:\Users\Dionisio Lima\OneDrive\Área de Trabalho\SOUSA_2.0_PRODUCAO\node_modules\rxjs\dist\cjs\internal\operators\zipWith.js","1097","03/08/2026 12:27:11"
"C:\Users\Dionisio Lima\OneDrive\Área de Trabalho\SOUSA_2.0_PRODUCAO\node_modules\rxjs\dist\cjs\internal\scheduled\scheduleArray.js","695","03/08/2026 12:27:10"
"C:\Users\Dionisio Lima\OneDrive\Área de Trabalho\SOUSA_2.0_PRODUCAO\node_modules\rxjs\dist\cjs\internal\scheduled\scheduleAsyncIterable.js","1072","03/08/2026 12:27:10"
"C:\Users\Dionisio Lima\OneDrive\Área de Trabalho\SOUSA_2.0_PRODUCAO\node_modules\rxjs\dist\cjs\internal\scheduled\scheduled.js","1959","03/08/2026 12:27:10"
"C:\Users\Dionisio Lima\OneDrive\Área de Trabalho\SOUSA_2.0_PRODUCAO\node_modules\rxjs\dist\cjs\internal\scheduled\scheduleIterable.js","1439","03/08/2026 12:27:10"
"C:\Users\Dionisio Lima\OneDrive\Área de Trabalho\SOUSA_2.0_PRODUCAO\node_modules\rxjs\dist\cjs\internal\scheduled\scheduleObservable.js","541","03/08/2026 12:27:10"
"C:\Users\Dionisio Lima\OneDrive\Área de Trabalho\SOUSA_2.0_PRODUCAO\node_modules\rxjs\dist\cjs\internal\scheduled\schedulePromise.js","526","03/08/2026 12:27:10"
"C:\Users\Dionisio Lima\OneDrive\Área de Trabalho\SOUSA_2.0_PRODUCAO\node_modules\rxjs\dist\cjs\internal\scheduled\scheduleReadableStreamLike.js","570","03/08/2026 12:27:10"
"C:\Users\Dionisio Lima\OneDrive\Área de Trabalho\SOUSA_2.0_PRODUCAO\node_modules\rxjs\dist\cjs\internal\scheduler\Action.js","1308","03/08/2026 12:26:52"
"C:\Users\Dionisio Lima\OneDrive\Área de Trabalho\SOUSA_2.0_PRODUCAO\node_modules\rxjs\dist\cjs\internal\scheduler\animationFrame.js","512","03/08/2026 12:26:56"
"C:\Users\Dionisio Lima\OneDrive\Área de Trabalho\SOUSA_2.0_PRODUCAO\node_modules\rxjs\dist\cjs\internal\scheduler\AnimationFrameAction.js","2624","03/08/2026 12:26:56"
"C:\Users\Dionisio Lima\OneDrive\Área de Trabalho\SOUSA_2.0_PRODUCAO\node_modules\rxjs\dist\cjs\internal\scheduler\animationFrameProvider.js","2383","03/08/2026 12:26:56"
"C:\Users\Dionisio Lima\OneDrive\Área de Trabalho\SOUSA_2.0_PRODUCAO\node_modules\rxjs\dist\cjs\internal\scheduler\AnimationFrameScheduler.js","2161","03/08/2026 12:26:57"
"C:\Users\Dionisio Lima\OneDrive\Área de Trabalho\SOUSA_2.0_PRODUCAO\node_modules\rxjs\dist\cjs\internal\scheduler\asap.js","372","03/08/2026 12:26:59"
"C:\Users\Dionisio Lima\OneDrive\Área de Trabalho\SOUSA_2.0_PRODUCAO\node_modules\rxjs\dist\cjs\internal\scheduler\AsapAction.js","2505","03/08/2026 12:26:59"
"C:\Users\Dionisio Lima\OneDrive\Área de Trabalho\SOUSA_2.0_PRODUCAO\node_modules\rxjs\dist\cjs\internal\scheduler\AsapScheduler.js","1956","03/08/2026 12:26:59"
"C:\Users\Dionisio Lima\OneDrive\Área de Trabalho\SOUSA_2.0_PRODUCAO\node_modules\rxjs\dist\cjs\internal\scheduler\async.js","386","03/08/2026 12:26:59"
"C:\Users\Dionisio Lima\OneDrive\Área de Trabalho\SOUSA_2.0_PRODUCAO\node_modules\rxjs\dist\cjs\internal\scheduler\AsyncAction.js","4039","03/08/2026 12:27:00"
"C:\Users\Dionisio Lima\OneDrive\Área de Trabalho\SOUSA_2.0_PRODUCAO\node_modules\rxjs\dist\cjs\internal\scheduler\AsyncScheduler.js","2002","03/08/2026 12:27:00"
"C:\Users\Dionisio Lima\OneDrive\Área de Trabalho\SOUSA_2.0_PRODUCAO\node_modules\rxjs\dist\cjs\internal\scheduler\dateTimestampProvider.js","329","03/08/2026 12:27:03"
"C:\Users\Dionisio Lima\OneDrive\Área de Trabalho\SOUSA_2.0_PRODUCAO\node_modules\rxjs\dist\cjs\internal\scheduler\immediateProvider.js","1662","03/08/2026 12:27:06"
"C:\Users\Dionisio Lima\OneDrive\Área de Trabalho\SOUSA_2.0_PRODUCAO\node_modules\rxjs\dist\cjs\internal\scheduler\intervalProvider.js","1653","03/08/2026 12:27:07"
"C:\Users\Dionisio Lima\OneDrive\Área de Trabalho\SOUSA_2.0_PRODUCAO\node_modules\rxjs\dist\cjs\internal\scheduler\performanceTimestampProvider.js","364","03/08/2026 12:27:09"
"C:\Users\Dionisio Lima\OneDrive\Área de Trabalho\SOUSA_2.0_PRODUCAO\node_modules\rxjs\dist\cjs\internal\scheduler\queue.js","386","03/08/2026 12:27:09"
"C:\Users\Dionisio Lima\OneDrive\Área de Trabalho\SOUSA_2.0_PRODUCAO\node_modules\rxjs\dist\cjs\internal\scheduler\QueueAction.js","2200","03/08/2026 12:27:09"
"C:\Users\Dionisio Lima\OneDrive\Área de Trabalho\SOUSA_2.0_PRODUCAO\node_modules\rxjs\dist\cjs\internal\scheduler\QueueScheduler.js","1264","03/08/2026 12:27:09"
"C:\Users\Dionisio Lima\OneDrive\Área de Trabalho\SOUSA_2.0_PRODUCAO\node_modules\rxjs\dist\cjs\internal\scheduler\timeoutProvider.js","1641","03/08/2026 12:27:11"
"C:\Users\Dionisio Lima\OneDrive\Área de Trabalho\SOUSA_2.0_PRODUCAO\node_modules\rxjs\dist\cjs\internal\scheduler\timerHandle.js","116","03/08/2026 12:27:11"
"C:\Users\Dionisio Lima\OneDrive\Área de Trabalho\SOUSA_2.0_PRODUCAO\node_modules\rxjs\dist\cjs\internal\scheduler\VirtualTimeScheduler.js","4582","03/08/2026 12:27:11"
"C:\Users\Dionisio Lima\OneDrive\Área de Trabalho\SOUSA_2.0_PRODUCAO\node_modules\rxjs\dist\cjs\internal\symbol\iterator.js","411","03/08/2026 12:27:07"
"C:\Users\Dionisio Lima\OneDrive\Área de Trabalho\SOUSA_2.0_PRODUCAO\node_modules\rxjs\dist\cjs\internal\symbol\observable.js","264","03/08/2026 12:27:08"
"C:\Users\Dionisio Lima\OneDrive\Área de Trabalho\SOUSA_2.0_PRODUCAO\node_modules\rxjs\dist\cjs\internal\testing\ColdObservable.js","2664","03/08/2026 12:27:02"
"C:\Users\Dionisio Lima\OneDrive\Área de Trabalho\SOUSA_2.0_PRODUCAO\node_modules\rxjs\dist\cjs\internal\testing\HotObservable.js","2681","03/08/2026 12:27:05"
"C:\Users\Dionisio Lima\OneDrive\Área de Trabalho\SOUSA_2.0_PRODUCAO\node_modules\rxjs\dist\cjs\internal\testing\SubscriptionLog.js","517","03/08/2026 12:27:10"
"C:\Users\Dionisio Lima\OneDrive\Área de Trabalho\SOUSA_2.0_PRODUCAO\node_modules\rxjs\dist\cjs\internal\testing\SubscriptionLoggable.js","970","03/08/2026 12:27:10"
"C:\Users\Dionisio Lima\OneDrive\Área de Trabalho\SOUSA_2.0_PRODUCAO\node_modules\rxjs\dist\cjs\internal\testing\TestMessage.js","116","03/08/2026 12:27:11"
"C:\Users\Dionisio Lima\OneDrive\Área de Trabalho\SOUSA_2.0_PRODUCAO\node_modules\rxjs\dist\cjs\internal\testing\TestScheduler.js","27799","03/08/2026 12:27:11"
"C:\Users\Dionisio Lima\OneDrive\Área de Trabalho\SOUSA_2.0_PRODUCAO\node_modules\rxjs\dist\cjs\internal\util\applyMixins.js","601","03/08/2026 12:26:57"
"C:\Users\Dionisio Lima\OneDrive\Área de Trabalho\SOUSA_2.0_PRODUCAO\node_modules\rxjs\dist\cjs\internal\util\args.js","779","03/08/2026 12:26:58"
"C:\Users\Dionisio Lima\OneDrive\Área de Trabalho\SOUSA_2.0_PRODUCAO\node_modules\rxjs\dist\cjs\internal\util\argsArgArrayOrObject.js","908","03/08/2026 12:26:58"
"C:\Users\Dionisio Lima\OneDrive\Área de Trabalho\SOUSA_2.0_PRODUCAO\node_modules\rxjs\dist\cjs\internal\util\argsOrArgArray.js","323","03/08/2026 12:26:58"
"C:\Users\Dionisio Lima\OneDrive\Área de Trabalho\SOUSA_2.0_PRODUCAO\node_modules\rxjs\dist\cjs\internal\util\ArgumentOutOfRangeError.js","496","03/08/2026 12:26:59"
"C:\Users\Dionisio Lima\OneDrive\Área de Trabalho\SOUSA_2.0_PRODUCAO\node_modules\rxjs\dist\cjs\internal\util\arrRemove.js","311","03/08/2026 12:26:59"
"C:\Users\Dionisio Lima\OneDrive\Área de Trabalho\SOUSA_2.0_PRODUCAO\node_modules\rxjs\dist\cjs\internal\util\createErrorClass.js","527","03/08/2026 12:27:03"
"C:\Users\Dionisio Lima\OneDrive\Área de Trabalho\SOUSA_2.0_PRODUCAO\node_modules\rxjs\dist\cjs\internal\util\createObject.js","328","03/08/2026 12:27:03"
"C:\Users\Dionisio Lima\OneDrive\Área de Trabalho\SOUSA_2.0_PRODUCAO\node_modules\rxjs\dist\cjs\internal\util\EmptyError.js","433","03/08/2026 12:27:04"
"C:\Users\Dionisio Lima\OneDrive\Área de Trabalho\SOUSA_2.0_PRODUCAO\node_modules\rxjs\dist\cjs\internal\util\errorContext.js","960","03/08/2026 12:27:04"
"C:\Users\Dionisio Lima\OneDrive\Área de Trabalho\SOUSA_2.0_PRODUCAO\node_modules\rxjs\dist\cjs\internal\util\executeSchedule.js","726","03/08/2026 12:27:04"
"C:\Users\Dionisio Lima\OneDrive\Área de Trabalho\SOUSA_2.0_PRODUCAO\node_modules\rxjs\dist\cjs\internal\util\identity.js","208","03/08/2026 12:27:05"
"C:\Users\Dionisio Lima\OneDrive\Área de Trabalho\SOUSA_2.0_PRODUCAO\node_modules\rxjs\dist\cjs\internal\util\Immediate.js","891","03/08/2026 12:27:06"
"C:\Users\Dionisio Lima\OneDrive\Área de Trabalho\SOUSA_2.0_PRODUCAO\node_modules\rxjs\dist\cjs\internal\util\isArrayLike.js","257","03/08/2026 12:27:07"
"C:\Users\Dionisio Lima\OneDrive\Área de Trabalho\SOUSA_2.0_PRODUCAO\node_modules\rxjs\dist\cjs\internal\util\isAsyncIterable.js","404","03/08/2026 12:27:07"
"C:\Users\Dionisio Lima\OneDrive\Área de Trabalho\SOUSA_2.0_PRODUCAO\node_modules\rxjs\dist\cjs\internal\util\isDate.js","259","03/08/2026 12:27:07"
"C:\Users\Dionisio Lima\OneDrive\Área de Trabalho\SOUSA_2.0_PRODUCAO\node_modules\rxjs\dist\cjs\internal\util\isFunction.js","248","03/08/2026 12:27:07"
"C:\Users\Dionisio Lima\OneDrive\Área de Trabalho\SOUSA_2.0_PRODUCAO\node_modules\rxjs\dist\cjs\internal\util\isInteropObservable.js","417","03/08/2026 12:27:07"
"C:\Users\Dionisio Lima\OneDrive\Área de Trabalho\SOUSA_2.0_PRODUCAO\node_modules\rxjs\dist\cjs\internal\util\isIterable.js","410","03/08/2026 12:27:07"
"C:\Users\Dionisio Lima\OneDrive\Área de Trabalho\SOUSA_2.0_PRODUCAO\node_modules\rxjs\dist\cjs\internal\util\isObservable.js","448","03/08/2026 12:27:07"
"C:\Users\Dionisio Lima\OneDrive\Área de Trabalho\SOUSA_2.0_PRODUCAO\node_modules\rxjs\dist\cjs\internal\util\isPromise.js","341","03/08/2026 12:27:07"
"C:\Users\Dionisio Lima\OneDrive\Área de Trabalho\SOUSA_2.0_PRODUCAO\node_modules\rxjs\dist\cjs\internal\util\isReadableStreamLike.js","4634","03/08/2026 12:27:07"
"C:\Users\Dionisio Lima\OneDrive\Área de Trabalho\SOUSA_2.0_PRODUCAO\node_modules\rxjs\dist\cjs\internal\util\isScheduler.js","318","03/08/2026 12:27:07"
"C:\Users\Dionisio Lima\OneDrive\Área de Trabalho\SOUSA_2.0_PRODUCAO\node_modules\rxjs\dist\cjs\internal\util\lift.js","805","03/08/2026 12:27:08"
"C:\Users\Dionisio Lima\OneDrive\Área de Trabalho\SOUSA_2.0_PRODUCAO\node_modules\rxjs\dist\cjs\internal\util\mapOneOrManyArgs.js","1180","03/08/2026 12:27:08"
"C:\Users\Dionisio Lima\OneDrive\Área de Trabalho\SOUSA_2.0_PRODUCAO\node_modules\rxjs\dist\cjs\internal\util\noop.js","173","03/08/2026 12:27:08"
"C:\Users\Dionisio Lima\OneDrive\Área de Trabalho\SOUSA_2.0_PRODUCAO\node_modules\rxjs\dist\cjs\internal\util\not.js","263","03/08/2026 12:27:08"
"C:\Users\Dionisio Lima\OneDrive\Área de Trabalho\SOUSA_2.0_PRODUCAO\node_modules\rxjs\dist\cjs\internal\util\NotFoundError.js","437","03/08/2026 12:27:08"
"C:\Users\Dionisio Lima\OneDrive\Área de Trabalho\SOUSA_2.0_PRODUCAO\node_modules\rxjs\dist\cjs\internal\util\ObjectUnsubscribedError.js","494","03/08/2026 12:27:08"
"C:\Users\Dionisio Lima\OneDrive\Área de Trabalho\SOUSA_2.0_PRODUCAO\node_modules\rxjs\dist\cjs\internal\util\pipe.js","693","03/08/2026 12:27:09"
"C:\Users\Dionisio Lima\OneDrive\Área de Trabalho\SOUSA_2.0_PRODUCAO\node_modules\rxjs\dist\cjs\internal\util\reportUnhandledError.js","619","03/08/2026 12:27:10"
"C:\Users\Dionisio Lima\OneDrive\Área de Trabalho\SOUSA_2.0_PRODUCAO\node_modules\rxjs\dist\cjs\internal\util\SequenceError.js","437","03/08/2026 12:27:10"
"C:\Users\Dionisio Lima\OneDrive\Área de Trabalho\SOUSA_2.0_PRODUCAO\node_modules\rxjs\dist\cjs\internal\util\subscribeToArray.js","426","03/08/2026 12:27:10"
"C:\Users\Dionisio Lima\OneDrive\Área de Trabalho\SOUSA_2.0_PRODUCAO\node_modules\rxjs\dist\cjs\internal\util\throwUnobservableError.js","566","03/08/2026 12:27:11"
"C:\Users\Dionisio Lima\OneDrive\Área de Trabalho\SOUSA_2.0_PRODUCAO\node_modules\rxjs\dist\cjs\internal\util\UnsubscriptionError.js","673","03/08/2026 12:27:11"
"C:\Users\Dionisio Lima\OneDrive\Área de Trabalho\SOUSA_2.0_PRODUCAO\node_modules\rxjs\dist\cjs\internal\util\workarounds.js","116","03/08/2026 12:27:11"
"C:\Users\Dionisio Lima\OneDrive\Área de Trabalho\SOUSA_2.0_PRODUCAO\node_modules\rxjs\dist\cjs\internal\AnyCatcher.js","115","03/08/2026 12:26:57"
"C:\Users\Dionisio Lima\OneDrive\Área de Trabalho\SOUSA_2.0_PRODUCAO\node_modules\rxjs\dist\cjs\internal\AsyncSubject.js","2343","03/08/2026 12:27:00"
"C:\Users\Dionisio Lima\OneDrive\Área de Trabalho\SOUSA_2.0_PRODUCAO\node_modules\rxjs\dist\cjs\internal\BehaviorSubject.js","2127","03/08/2026 12:27:00"
"C:\Users\Dionisio Lima\OneDrive\Área de Trabalho\SOUSA_2.0_PRODUCAO\node_modules\rxjs\dist\cjs\internal\config.js","330","03/08/2026 12:27:03"
"C:\Users\Dionisio Lima\OneDrive\Área de Trabalho\SOUSA_2.0_PRODUCAO\node_modules\rxjs\dist\cjs\internal\firstValueFrom.js","952","03/08/2026 12:27:05"
"C:\Users\Dionisio Lima\OneDrive\Área de Trabalho\SOUSA_2.0_PRODUCAO\node_modules\rxjs\dist\cjs\internal\lastValueFrom.js","969","03/08/2026 12:27:08"
"C:\Users\Dionisio Lima\OneDrive\Área de Trabalho\SOUSA_2.0_PRODUCAO\node_modules\rxjs\dist\cjs\internal\Notification.js","3480","03/08/2026 12:27:08"
"C:\Users\Dionisio Lima\OneDrive\Área de Trabalho\SOUSA_2.0_PRODUCAO\node_modules\rxjs\dist\cjs\internal\NotificationFactories.js","817","03/08/2026 12:27:08"
"C:\Users\Dionisio Lima\OneDrive\Área de Trabalho\SOUSA_2.0_PRODUCAO\node_modules\rxjs\dist\cjs\internal\Observable.js","4010","03/08/2026 12:27:08"
"C:\Users\Dionisio Lima\OneDrive\Área de Trabalho\SOUSA_2.0_PRODUCAO\node_modules\rxjs\dist\cjs\internal\Operator.js","113","03/08/2026 12:27:09"
"C:\Users\Dionisio Lima\OneDrive\Área de Trabalho\SOUSA_2.0_PRODUCAO\node_modules\rxjs\dist\cjs\internal\ReplaySubject.js","3720","03/08/2026 12:27:09"
"C:\Users\Dionisio Lima\OneDrive\Área de Trabalho\SOUSA_2.0_PRODUCAO\node_modules\rxjs\dist\cjs\internal\Scheduler.js","768","03/08/2026 12:27:10"
"C:\Users\Dionisio Lima\OneDrive\Área de Trabalho\SOUSA_2.0_PRODUCAO\node_modules\rxjs\dist\cjs\internal\Subject.js","7582","03/08/2026 12:27:10"
"C:\Users\Dionisio Lima\OneDrive\Área de Trabalho\SOUSA_2.0_PRODUCAO\node_modules\rxjs\dist\cjs\internal\Subscriber.js","7107","03/08/2026 12:27:10"
"C:\Users\Dionisio Lima\OneDrive\Área de Trabalho\SOUSA_2.0_PRODUCAO\node_modules\rxjs\dist\cjs\internal\Subscription.js","7122","03/08/2026 12:27:10"
"C:\Users\Dionisio Lima\OneDrive\Área de Trabalho\SOUSA_2.0_PRODUCAO\node_modules\rxjs\dist\cjs\internal\types.js","110","03/08/2026 12:27:11"
"C:\Users\Dionisio Lima\OneDrive\Área de Trabalho\SOUSA_2.0_PRODUCAO\node_modules\rxjs\dist\cjs\operators\index.js","22697","03/08/2026 12:27:06"
"C:\Users\Dionisio Lima\OneDrive\Área de Trabalho\SOUSA_2.0_PRODUCAO\node_modules\rxjs\dist\cjs\testing\index.js","341","03/08/2026 12:27:06"
"C:\Users\Dionisio Lima\OneDrive\Área de Trabalho\SOUSA_2.0_PRODUCAO\node_modules\rxjs\dist\cjs\webSocket\index.js","572","03/08/2026 12:27:06"
"C:\Users\Dionisio Lima\OneDrive\Área de Trabalho\SOUSA_2.0_PRODUCAO\node_modules\rxjs\dist\cjs\index.js","35131","03/08/2026 12:27:06"
"C:\Users\Dionisio Lima\OneDrive\Área de Trabalho\SOUSA_2.0_PRODUCAO\node_modules\rxjs\dist\esm\ajax\index.js","212","03/08/2026 12:27:06"
"C:\Users\Dionisio Lima\OneDrive\Área de Trabalho\SOUSA_2.0_PRODUCAO\node_modules\rxjs\dist\esm\fetch\index.js","95","03/08/2026 12:27:06"
"C:\Users\Dionisio Lima\OneDrive\Área de Trabalho\SOUSA_2.0_PRODUCAO\node_modules\rxjs\dist\esm\internal\ajax\ajax.js","9497","03/08/2026 12:26:54"
"C:\Users\Dionisio Lima\OneDrive\Área de Trabalho\SOUSA_2.0_PRODUCAO\node_modules\rxjs\dist\esm\internal\ajax\AjaxResponse.js","1078","03/08/2026 12:26:55"
"C:\Users\Dionisio Lima\OneDrive\Área de Trabalho\SOUSA_2.0_PRODUCAO\node_modules\rxjs\dist\esm\internal\ajax\errors.js","924","03/08/2026 12:27:04"
"C:\Users\Dionisio Lima\OneDrive\Área de Trabalho\SOUSA_2.0_PRODUCAO\node_modules\rxjs\dist\esm\internal\ajax\getXHRResponse.js","674","03/08/2026 12:27:05"
"C:\Users\Dionisio Lima\OneDrive\Área de Trabalho\SOUSA_2.0_PRODUCAO\node_modules\rxjs\dist\esm\internal\ajax\types.js","44","03/08/2026 12:27:11"
"C:\Users\Dionisio Lima\OneDrive\Área de Trabalho\SOUSA_2.0_PRODUCAO\node_modules\rxjs\dist\esm\internal\observable\dom\animationFrames.js","1347","03/08/2026 12:26:57"
"C:\Users\Dionisio Lima\OneDrive\Área de Trabalho\SOUSA_2.0_PRODUCAO\node_modules\rxjs\dist\esm\internal\observable\dom\fetch.js","1980","03/08/2026 12:27:04"
"C:\Users\Dionisio Lima\OneDrive\Área de Trabalho\SOUSA_2.0_PRODUCAO\node_modules\rxjs\dist\esm\internal\observable\dom\webSocket.js","193","03/08/2026 12:27:11"
"C:\Users\Dionisio Lima\OneDrive\Área de Trabalho\SOUSA_2.0_PRODUCAO\node_modules\rxjs\dist\esm\internal\observable\dom\WebSocketSubject.js","7207","03/08/2026 12:27:11"
"C:\Users\Dionisio Lima\OneDrive\Área de Trabalho\SOUSA_2.0_PRODUCAO\node_modules\rxjs\dist\esm\internal\observable\bindCallback.js","261","03/08/2026 12:27:00"
"C:\Users\Dionisio Lima\OneDrive\Área de Trabalho\SOUSA_2.0_PRODUCAO\node_modules\rxjs\dist\esm\internal\observable\bindCallbackInternals.js","2321","03/08/2026 12:27:01"
"C:\Users\Dionisio Lima\OneDrive\Área de Trabalho\SOUSA_2.0_PRODUCAO\node_modules\rxjs\dist\esm\internal\observable\bindNodeCallback.js","268","03/08/2026 12:27:01"
"C:\Users\Dionisio Lima\OneDrive\Área de Trabalho\SOUSA_2.0_PRODUCAO\node_modules\rxjs\dist\esm\internal\observable\combineLatest.js","2520","03/08/2026 12:27:02"
"C:\Users\Dionisio Lima\OneDrive\Área de Trabalho\SOUSA_2.0_PRODUCAO\node_modules\rxjs\dist\esm\internal\observable\concat.js","254","03/08/2026 12:27:03"
"C:\Users\Dionisio Lima\OneDrive\Área de Trabalho\SOUSA_2.0_PRODUCAO\node_modules\rxjs\dist\esm\internal\observable\connectable.js","855","03/08/2026 12:27:03"
"C:\Users\Dionisio Lima\OneDrive\Área de Trabalho\SOUSA_2.0_PRODUCAO\node_modules\rxjs\dist\esm\internal\observable\ConnectableObservable.js","1979","03/08/2026 12:27:03"
"C:\Users\Dionisio Lima\OneDrive\Área de Trabalho\SOUSA_2.0_PRODUCAO\node_modules\rxjs\dist\esm\internal\observable\defer.js","277","03/08/2026 12:27:04"
"C:\Users\Dionisio Lima\OneDrive\Área de Trabalho\SOUSA_2.0_PRODUCAO\node_modules\rxjs\dist\esm\internal\observable\empty.js","379","03/08/2026 12:27:04"
"C:\Users\Dionisio Lima\OneDrive\Área de Trabalho\SOUSA_2.0_PRODUCAO\node_modules\rxjs\dist\esm\internal\observable\forkJoin.js","1728","03/08/2026 12:27:05"
"C:\Users\Dionisio Lima\OneDrive\Área de Trabalho\SOUSA_2.0_PRODUCAO\node_modules\rxjs\dist\esm\internal\observable\from.js","239","03/08/2026 12:27:05"
"C:\Users\Dionisio Lima\OneDrive\Área de Trabalho\SOUSA_2.0_PRODUCAO\node_modules\rxjs\dist\esm\internal\observable\fromEvent.js","2225","03/08/2026 12:27:05"
"C:\Users\Dionisio Lima\OneDrive\Área de Trabalho\SOUSA_2.0_PRODUCAO\node_modules\rxjs\dist\esm\internal\observable\fromEventPattern.js","680","03/08/2026 12:27:05"
"C:\Users\Dionisio Lima\OneDrive\Área de Trabalho\SOUSA_2.0_PRODUCAO\node_modules\rxjs\dist\esm\internal\observable\fromSubscribable.js","218","03/08/2026 12:27:05"
"C:\Users\Dionisio Lima\OneDrive\Área de Trabalho\SOUSA_2.0_PRODUCAO\node_modules\rxjs\dist\esm\internal\observable\generate.js","1230","03/08/2026 12:27:05"
"C:\Users\Dionisio Lima\OneDrive\Área de Trabalho\SOUSA_2.0_PRODUCAO\node_modules\rxjs\dist\esm\internal\observable\iif.js","190","03/08/2026 12:27:06"
"C:\Users\Dionisio Lima\OneDrive\Área de Trabalho\SOUSA_2.0_PRODUCAO\node_modules\rxjs\dist\esm\internal\observable\innerFrom.js","3931","03/08/2026 12:27:07"
"C:\Users\Dionisio Lima\OneDrive\Área de Trabalho\SOUSA_2.0_PRODUCAO\node_modules\rxjs\dist\esm\internal\observable\interval.js","284","03/08/2026 12:27:07"
"C:\Users\Dionisio Lima\OneDrive\Área de Trabalho\SOUSA_2.0_PRODUCAO\node_modules\rxjs\dist\esm\internal\observable\merge.js","613","03/08/2026 12:27:08"
"C:\Users\Dionisio Lima\OneDrive\Área de Trabalho\SOUSA_2.0_PRODUCAO\node_modules\rxjs\dist\esm\internal\observable\never.js","203","03/08/2026 12:27:08"
"C:\Users\Dionisio Lima\OneDrive\Área de Trabalho\SOUSA_2.0_PRODUCAO\node_modules\rxjs\dist\esm\internal\observable\of.js","214","03/08/2026 12:27:09"
"C:\Users\Dionisio Lima\OneDrive\Área de Trabalho\SOUSA_2.0_PRODUCAO\node_modules\rxjs\dist\esm\internal\observable\onErrorResumeNext.js","1149","03/08/2026 12:27:09"
"C:\Users\Dionisio Lima\OneDrive\Área de Trabalho\SOUSA_2.0_PRODUCAO\node_modules\rxjs\dist\esm\internal\observable\pairs.js","155","03/08/2026 12:27:09"
"C:\Users\Dionisio Lima\OneDrive\Área de Trabalho\SOUSA_2.0_PRODUCAO\node_modules\rxjs\dist\esm\internal\observable\partition.js","329","03/08/2026 12:27:09"
"C:\Users\Dionisio Lima\OneDrive\Área de Trabalho\SOUSA_2.0_PRODUCAO\node_modules\rxjs\dist\esm\internal\observable\race.js","1051","03/08/2026 12:27:09"
"C:\Users\Dionisio Lima\OneDrive\Área de Trabalho\SOUSA_2.0_PRODUCAO\node_modules\rxjs\dist\esm\internal\observable\range.js","994","03/08/2026 12:27:09"
"C:\Users\Dionisio Lima\OneDrive\Área de Trabalho\SOUSA_2.0_PRODUCAO\node_modules\rxjs\dist\esm\internal\observable\throwError.js","472","03/08/2026 12:27:11"
"C:\Users\Dionisio Lima\OneDrive\Área de Trabalho\SOUSA_2.0_PRODUCAO\node_modules\rxjs\dist\esm\internal\observable\timer.js","1150","03/08/2026 12:27:11"
"C:\Users\Dionisio Lima\OneDrive\Área de Trabalho\SOUSA_2.0_PRODUCAO\node_modules\rxjs\dist\esm\internal\observable\using.js","574","03/08/2026 12:27:11"
"C:\Users\Dionisio Lima\OneDrive\Área de Trabalho\SOUSA_2.0_PRODUCAO\node_modules\rxjs\dist\esm\internal\observable\zip.js","1729","03/08/2026 12:27:11"
"C:\Users\Dionisio Lima\OneDrive\Área de Trabalho\SOUSA_2.0_PRODUCAO\node_modules\rxjs\dist\esm\internal\operators\audit.js","1508","03/08/2026 12:27:00"
"C:\Users\Dionisio Lima\OneDrive\Área de Trabalho\SOUSA_2.0_PRODUCAO\node_modules\rxjs\dist\esm\internal\operators\auditTime.js","288","03/08/2026 12:27:00"
"C:\Users\Dionisio Lima\OneDrive\Área de Trabalho\SOUSA_2.0_PRODUCAO\node_modules\rxjs\dist\esm\internal\operators\buffer.js","836","03/08/2026 12:27:01"
"C:\Users\Dionisio Lima\OneDrive\Área de Trabalho\SOUSA_2.0_PRODUCAO\node_modules\rxjs\dist\esm\internal\operators\bufferCount.js","1388","03/08/2026 12:27:01"
"C:\Users\Dionisio Lima\OneDrive\Área de Trabalho\SOUSA_2.0_PRODUCAO\node_modules\rxjs\dist\esm\internal\operators\bufferTime.js","2653","03/08/2026 12:27:02"
"C:\Users\Dionisio Lima\OneDrive\Área de Trabalho\SOUSA_2.0_PRODUCAO\node_modules\rxjs\dist\esm\internal\operators\bufferToggle.js","1380","03/08/2026 12:27:02"
"C:\Users\Dionisio Lima\OneDrive\Área de Trabalho\SOUSA_2.0_PRODUCAO\node_modules\rxjs\dist\esm\internal\operators\bufferWhen.js","1102","03/08/2026 12:27:02"
"C:\Users\Dionisio Lima\OneDrive\Área de Trabalho\SOUSA_2.0_PRODUCAO\node_modules\rxjs\dist\esm\internal\operators\catchError.js","964","03/08/2026 12:27:02"
"C:\Users\Dionisio Lima\OneDrive\Área de Trabalho\SOUSA_2.0_PRODUCAO\node_modules\rxjs\dist\esm\internal\operators\combineAll.js","137","03/08/2026 12:27:02"
"C:\Users\Dionisio Lima\OneDrive\Área de Trabalho\SOUSA_2.0_PRODUCAO\node_modules\rxjs\dist\esm\internal\operators\combineLatest.js","679","03/08/2026 12:27:02"
"C:\Users\Dionisio Lima\OneDrive\Área de Trabalho\SOUSA_2.0_PRODUCAO\node_modules\rxjs\dist\esm\internal\operators\combineLatestAll.js","259","03/08/2026 12:27:02"
"C:\Users\Dionisio Lima\OneDrive\Área de Trabalho\SOUSA_2.0_PRODUCAO\node_modules\rxjs\dist\esm\internal\operators\combineLatestWith.js","192","03/08/2026 12:27:02"
"C:\Users\Dionisio Lima\OneDrive\Área de Trabalho\SOUSA_2.0_PRODUCAO\node_modules\rxjs\dist\esm\internal\operators\concat.js","413","03/08/2026 12:27:03"
"C:\Users\Dionisio Lima\OneDrive\Área de Trabalho\SOUSA_2.0_PRODUCAO\node_modules\rxjs\dist\esm\internal\operators\concatAll.js","132","03/08/2026 12:27:03"
"C:\Users\Dionisio Lima\OneDrive\Área de Trabalho\SOUSA_2.0_PRODUCAO\node_modules\rxjs\dist\esm\internal\operators\concatMap.js","281","03/08/2026 12:27:03"
"C:\Users\Dionisio Lima\OneDrive\Área de Trabalho\SOUSA_2.0_PRODUCAO\node_modules\rxjs\dist\esm\internal\operators\concatMapTo.js","319","03/08/2026 12:27:03"
"C:\Users\Dionisio Lima\OneDrive\Área de Trabalho\SOUSA_2.0_PRODUCAO\node_modules\rxjs\dist\esm\internal\operators\concatWith.js","157","03/08/2026 12:27:03"
"C:\Users\Dionisio Lima\OneDrive\Área de Trabalho\SOUSA_2.0_PRODUCAO\node_modules\rxjs\dist\esm\internal\operators\connect.js","613","03/08/2026 12:27:03"
"C:\Users\Dionisio Lima\OneDrive\Área de Trabalho\SOUSA_2.0_PRODUCAO\node_modules\rxjs\dist\esm\internal\operators\count.js","205","03/08/2026 12:27:03"
"C:\Users\Dionisio Lima\OneDrive\Área de Trabalho\SOUSA_2.0_PRODUCAO\node_modules\rxjs\dist\esm\internal\operators\debounce.js","1400","03/08/2026 12:27:03"
"C:\Users\Dionisio Lima\OneDrive\Área de Trabalho\SOUSA_2.0_PRODUCAO\node_modules\rxjs\dist\esm\internal\operators\debounceTime.js","1501","03/08/2026 12:27:03"
"C:\Users\Dionisio Lima\OneDrive\Área de Trabalho\SOUSA_2.0_PRODUCAO\node_modules\rxjs\dist\esm\internal\operators\defaultIfEmpty.js","576","03/08/2026 12:27:04"
"C:\Users\Dionisio Lima\OneDrive\Área de Trabalho\SOUSA_2.0_PRODUCAO\node_modules\rxjs\dist\esm\internal\operators\delay.js","313","03/08/2026 12:27:04"
"C:\Users\Dionisio Lima\OneDrive\Área de Trabalho\SOUSA_2.0_PRODUCAO\node_modules\rxjs\dist\esm\internal\operators\delayWhen.js","646","03/08/2026 12:27:04"
"C:\Users\Dionisio Lima\OneDrive\Área de Trabalho\SOUSA_2.0_PRODUCAO\node_modules\rxjs\dist\esm\internal\operators\dematerialize.js","419","03/08/2026 12:27:04"
"C:\Users\Dionisio Lima\OneDrive\Área de Trabalho\SOUSA_2.0_PRODUCAO\node_modules\rxjs\dist\esm\internal\operators\distinct.js","785","03/08/2026 12:27:04"
"C:\Users\Dionisio Lima\OneDrive\Área de Trabalho\SOUSA_2.0_PRODUCAO\node_modules\rxjs\dist\esm\internal\operators\distinctUntilChanged.js","857","03/08/2026 12:27:04"
"C:\Users\Dionisio Lima\OneDrive\Área de Trabalho\SOUSA_2.0_PRODUCAO\node_modules\rxjs\dist\esm\internal\operators\distinctUntilKeyChanged.js","272","03/08/2026 12:27:04"
"C:\Users\Dionisio Lima\OneDrive\Área de Trabalho\SOUSA_2.0_PRODUCAO\node_modules\rxjs\dist\esm\internal\operators\elementAt.js","626","03/08/2026 12:27:04"
"C:\Users\Dionisio Lima\OneDrive\Área de Trabalho\SOUSA_2.0_PRODUCAO\node_modules\rxjs\dist\esm\internal\operators\endWith.js","214","03/08/2026 12:27:04"
"C:\Users\Dionisio Lima\OneDrive\Área de Trabalho\SOUSA_2.0_PRODUCAO\node_modules\rxjs\dist\esm\internal\operators\every.js","598","03/08/2026 12:27:04"
"C:\Users\Dionisio Lima\OneDrive\Área de Trabalho\SOUSA_2.0_PRODUCAO\node_modules\rxjs\dist\esm\internal\operators\exhaust.js","113","03/08/2026 12:27:04"
"C:\Users\Dionisio Lima\OneDrive\Área de Trabalho\SOUSA_2.0_PRODUCAO\node_modules\rxjs\dist\esm\internal\operators\exhaustAll.js","192","03/08/2026 12:27:04"
"C:\Users\Dionisio Lima\OneDrive\Área de Trabalho\SOUSA_2.0_PRODUCAO\node_modules\rxjs\dist\esm\internal\operators\exhaustMap.js","1096","03/08/2026 12:27:04"
"C:\Users\Dionisio Lima\OneDrive\Área de Trabalho\SOUSA_2.0_PRODUCAO\node_modules\rxjs\dist\esm\internal\operators\expand.js","388","03/08/2026 12:27:04"
"C:\Users\Dionisio Lima\OneDrive\Área de Trabalho\SOUSA_2.0_PRODUCAO\node_modules\rxjs\dist\esm\internal\operators\filter.js","404","03/08/2026 12:27:05"
"C:\Users\Dionisio Lima\OneDrive\Área de Trabalho\SOUSA_2.0_PRODUCAO\node_modules\rxjs\dist\esm\internal\operators\finalize.js","300","03/08/2026 12:27:05"
"C:\Users\Dionisio Lima\OneDrive\Área de Trabalho\SOUSA_2.0_PRODUCAO\node_modules\rxjs\dist\esm\internal\operators\find.js","807","03/08/2026 12:27:05"
"C:\Users\Dionisio Lima\OneDrive\Área de Trabalho\SOUSA_2.0_PRODUCAO\node_modules\rxjs\dist\esm\internal\operators\findIndex.js","225","03/08/2026 12:27:05"
"C:\Users\Dionisio Lima\OneDrive\Área de Trabalho\SOUSA_2.0_PRODUCAO\node_modules\rxjs\dist\esm\internal\operators\first.js","591","03/08/2026 12:27:05"
"C:\Users\Dionisio Lima\OneDrive\Área de Trabalho\SOUSA_2.0_PRODUCAO\node_modules\rxjs\dist\esm\internal\operators\flatMap.js","107","03/08/2026 12:27:05"
"C:\Users\Dionisio Lima\OneDrive\Área de Trabalho\SOUSA_2.0_PRODUCAO\node_modules\rxjs\dist\esm\internal\operators\groupBy.js","2832","03/08/2026 12:27:05"
"C:\Users\Dionisio Lima\OneDrive\Área de Trabalho\SOUSA_2.0_PRODUCAO\node_modules\rxjs\dist\esm\internal\operators\ignoreElements.js","344","03/08/2026 12:27:05"
"C:\Users\Dionisio Lima\OneDrive\Área de Trabalho\SOUSA_2.0_PRODUCAO\node_modules\rxjs\dist\esm\internal\operators\isEmpty.js","466","03/08/2026 12:27:07"
"C:\Users\Dionisio Lima\OneDrive\Área de Trabalho\SOUSA_2.0_PRODUCAO\node_modules\rxjs\dist\esm\internal\operators\joinAllInternals.js","433","03/08/2026 12:27:07"
"C:\Users\Dionisio Lima\OneDrive\Área de Trabalho\SOUSA_2.0_PRODUCAO\node_modules\rxjs\dist\esm\internal\operators\last.js","601","03/08/2026 12:27:08"
"C:\Users\Dionisio Lima\OneDrive\Área de Trabalho\SOUSA_2.0_PRODUCAO\node_modules\rxjs\dist\esm\internal\operators\map.js","410","03/08/2026 12:27:08"
"C:\Users\Dionisio Lima\OneDrive\Área de Trabalho\SOUSA_2.0_PRODUCAO\node_modules\rxjs\dist\esm\internal\operators\mapTo.js","124","03/08/2026 12:27:08"
"C:\Users\Dionisio Lima\OneDrive\Área de Trabalho\SOUSA_2.0_PRODUCAO\node_modules\rxjs\dist\esm\internal\operators\materialize.js","659","03/08/2026 12:27:08"
"C:\Users\Dionisio Lima\OneDrive\Área de Trabalho\SOUSA_2.0_PRODUCAO\node_modules\rxjs\dist\esm\internal\operators\max.js","259","03/08/2026 12:27:08"
"C:\Users\Dionisio Lima\OneDrive\Área de Trabalho\SOUSA_2.0_PRODUCAO\node_modules\rxjs\dist\esm\internal\operators\merge.js","479","03/08/2026 12:27:08"
"C:\Users\Dionisio Lima\OneDrive\Área de Trabalho\SOUSA_2.0_PRODUCAO\node_modules\rxjs\dist\esm\internal\operators\mergeAll.js","215","03/08/2026 12:27:08"
"C:\Users\Dionisio Lima\OneDrive\Área de Trabalho\SOUSA_2.0_PRODUCAO\node_modules\rxjs\dist\esm\internal\operators\mergeInternals.js","2243","03/08/2026 12:27:08"
"C:\Users\Dionisio Lima\OneDrive\Área de Trabalho\SOUSA_2.0_PRODUCAO\node_modules\rxjs\dist\esm\internal\operators\mergeMap.js","692","03/08/2026 12:27:08"
"C:\Users\Dionisio Lima\OneDrive\Área de Trabalho\SOUSA_2.0_PRODUCAO\node_modules\rxjs\dist\esm\internal\operators\mergeMapTo.js","478","03/08/2026 12:27:08"
"C:\Users\Dionisio Lima\OneDrive\Área de Trabalho\SOUSA_2.0_PRODUCAO\node_modules\rxjs\dist\esm\internal\operators\mergeScan.js","485","03/08/2026 12:27:08"
"C:\Users\Dionisio Lima\OneDrive\Área de Trabalho\SOUSA_2.0_PRODUCAO\node_modules\rxjs\dist\esm\internal\operators\mergeWith.js","152","03/08/2026 12:27:08"
"C:\Users\Dionisio Lima\OneDrive\Área de Trabalho\SOUSA_2.0_PRODUCAO\node_modules\rxjs\dist\esm\internal\operators\min.js","259","03/08/2026 12:27:08"
"C:\Users\Dionisio Lima\OneDrive\Área de Trabalho\SOUSA_2.0_PRODUCAO\node_modules\rxjs\dist\esm\internal\operators\multicast.js","585","03/08/2026 12:27:08"
"C:\Users\Dionisio Lima\OneDrive\Área de Trabalho\SOUSA_2.0_PRODUCAO\node_modules\rxjs\dist\esm\internal\operators\observeOn.js","625","03/08/2026 12:27:09"
"C:\Users\Dionisio Lima\OneDrive\Área de Trabalho\SOUSA_2.0_PRODUCAO\node_modules\rxjs\dist\esm\internal\operators\onErrorResumeNextWith.js","407","03/08/2026 12:27:09"
"C:\Users\Dionisio Lima\OneDrive\Área de Trabalho\SOUSA_2.0_PRODUCAO\node_modules\rxjs\dist\esm\internal\operators\OperatorSubscriber.js","1818","03/08/2026 12:27:09"
"C:\Users\Dionisio Lima\OneDrive\Área de Trabalho\SOUSA_2.0_PRODUCAO\node_modules\rxjs\dist\esm\internal\operators\pairwise.js","494","03/08/2026 12:27:09"
"C:\Users\Dionisio Lima\OneDrive\Área de Trabalho\SOUSA_2.0_PRODUCAO\node_modules\rxjs\dist\esm\internal\operators\partition.js","259","03/08/2026 12:27:09"
"C:\Users\Dionisio Lima\OneDrive\Área de Trabalho\SOUSA_2.0_PRODUCAO\node_modules\rxjs\dist\esm\internal\operators\pluck.js","643","03/08/2026 12:27:09"
"C:\Users\Dionisio Lima\OneDrive\Área de Trabalho\SOUSA_2.0_PRODUCAO\node_modules\rxjs\dist\esm\internal\operators\publish.js","297","03/08/2026 12:27:09"
"C:\Users\Dionisio Lima\OneDrive\Área de Trabalho\SOUSA_2.0_PRODUCAO\node_modules\rxjs\dist\esm\internal\operators\publishBehavior.js","380","03/08/2026 12:27:09"
"C:\Users\Dionisio Lima\OneDrive\Área de Trabalho\SOUSA_2.0_PRODUCAO\node_modules\rxjs\dist\esm\internal\operators\publishLast.js","339","03/08/2026 12:27:09"
"C:\Users\Dionisio Lima\OneDrive\Área de Trabalho\SOUSA_2.0_PRODUCAO\node_modules\rxjs\dist\esm\internal\operators\publishReplay.js","603","03/08/2026 12:27:09"
"C:\Users\Dionisio Lima\OneDrive\Área de Trabalho\SOUSA_2.0_PRODUCAO\node_modules\rxjs\dist\esm\internal\operators\race.js","208","03/08/2026 12:27:09"
"C:\Users\Dionisio Lima\OneDrive\Área de Trabalho\SOUSA_2.0_PRODUCAO\node_modules\rxjs\dist\esm\internal\operators\raceWith.js","382","03/08/2026 12:27:09"
"C:\Users\Dionisio Lima\OneDrive\Área de Trabalho\SOUSA_2.0_PRODUCAO\node_modules\rxjs\dist\esm\internal\operators\reduce.js","259","03/08/2026 12:27:09"
"C:\Users\Dionisio Lima\OneDrive\Área de Trabalho\SOUSA_2.0_PRODUCAO\node_modules\rxjs\dist\esm\internal\operators\refCount.js","978","03/08/2026 12:27:09"
"C:\Users\Dionisio Lima\OneDrive\Área de Trabalho\SOUSA_2.0_PRODUCAO\node_modules\rxjs\dist\esm\internal\operators\repeat.js","2156","03/08/2026 12:27:09"
"C:\Users\Dionisio Lima\OneDrive\Área de Trabalho\SOUSA_2.0_PRODUCAO\node_modules\rxjs\dist\esm\internal\operators\repeatWhen.js","1748","03/08/2026 12:27:09"
"C:\Users\Dionisio Lima\OneDrive\Área de Trabalho\SOUSA_2.0_PRODUCAO\node_modules\rxjs\dist\esm\internal\operators\retry.js","2638","03/08/2026 12:27:10"
"C:\Users\Dionisio Lima\OneDrive\Área de Trabalho\SOUSA_2.0_PRODUCAO\node_modules\rxjs\dist\esm\internal\operators\retryWhen.js","1153","03/08/2026 12:27:10"
"C:\Users\Dionisio Lima\OneDrive\Área de Trabalho\SOUSA_2.0_PRODUCAO\node_modules\rxjs\dist\esm\internal\operators\sample.js","820","03/08/2026 12:27:10"
"C:\Users\Dionisio Lima\OneDrive\Área de Trabalho\SOUSA_2.0_PRODUCAO\node_modules\rxjs\dist\esm\internal\operators\sampleTime.js","292","03/08/2026 12:27:10"
"C:\Users\Dionisio Lima\OneDrive\Área de Trabalho\SOUSA_2.0_PRODUCAO\node_modules\rxjs\dist\esm\internal\operators\scan.js","248","03/08/2026 12:27:10"
"C:\Users\Dionisio Lima\OneDrive\Área de Trabalho\SOUSA_2.0_PRODUCAO\node_modules\rxjs\dist\esm\internal\operators\scanInternals.js","806","03/08/2026 12:27:10"
"C:\Users\Dionisio Lima\OneDrive\Área de Trabalho\SOUSA_2.0_PRODUCAO\node_modules\rxjs\dist\esm\internal\operators\sequenceEqual.js","1586","03/08/2026 12:27:10"
"C:\Users\Dionisio Lima\OneDrive\Área de Trabalho\SOUSA_2.0_PRODUCAO\node_modules\rxjs\dist\esm\internal\operators\share.js","2877","03/08/2026 12:27:10"
"C:\Users\Dionisio Lima\OneDrive\Área de Trabalho\SOUSA_2.0_PRODUCAO\node_modules\rxjs\dist\esm\internal\operators\shareReplay.js","770","03/08/2026 12:27:10"
"C:\Users\Dionisio Lima\OneDrive\Área de Trabalho\SOUSA_2.0_PRODUCAO\node_modules\rxjs\dist\esm\internal\operators\single.js","1145","03/08/2026 12:27:10"
"C:\Users\Dionisio Lima\OneDrive\Área de Trabalho\SOUSA_2.0_PRODUCAO\node_modules\rxjs\dist\esm\internal\operators\skip.js","148","03/08/2026 12:27:10"
"C:\Users\Dionisio Lima\OneDrive\Área de Trabalho\SOUSA_2.0_PRODUCAO\node_modules\rxjs\dist\esm\internal\operators\skipLast.js","967","03/08/2026 12:27:10"
"C:\Users\Dionisio Lima\OneDrive\Área de Trabalho\SOUSA_2.0_PRODUCAO\node_modules\rxjs\dist\esm\internal\operators\skipUntil.js","744","03/08/2026 12:27:10"
"C:\Users\Dionisio Lima\OneDrive\Área de Trabalho\SOUSA_2.0_PRODUCAO\node_modules\rxjs\dist\esm\internal\operators\skipWhile.js","439","03/08/2026 12:27:10"
"C:\Users\Dionisio Lima\OneDrive\Área de Trabalho\SOUSA_2.0_PRODUCAO\node_modules\rxjs\dist\esm\internal\operators\startWith.js","411","03/08/2026 12:27:10"
"C:\Users\Dionisio Lima\OneDrive\Área de Trabalho\SOUSA_2.0_PRODUCAO\node_modules\rxjs\dist\esm\internal\operators\subscribeOn.js","273","03/08/2026 12:27:10"
"C:\Users\Dionisio Lima\OneDrive\Área de Trabalho\SOUSA_2.0_PRODUCAO\node_modules\rxjs\dist\esm\internal\operators\switchAll.js","187","03/08/2026 12:27:10"
"C:\Users\Dionisio Lima\OneDrive\Área de Trabalho\SOUSA_2.0_PRODUCAO\node_modules\rxjs\dist\esm\internal\operators\switchMap.js","1174","03/08/2026 12:27:10"
"C:\Users\Dionisio Lima\OneDrive\Área de Trabalho\SOUSA_2.0_PRODUCAO\node_modules\rxjs\dist\esm\internal\operators\switchMapTo.js","319","03/08/2026 12:27:10"
"C:\Users\Dionisio Lima\OneDrive\Área de Trabalho\SOUSA_2.0_PRODUCAO\node_modules\rxjs\dist\esm\internal\operators\switchScan.js","464","03/08/2026 12:27:10"
"C:\Users\Dionisio Lima\OneDrive\Área de Trabalho\SOUSA_2.0_PRODUCAO\node_modules\rxjs\dist\esm\internal\operators\take.js","659","03/08/2026 12:27:10"
"C:\Users\Dionisio Lima\OneDrive\Área de Trabalho\SOUSA_2.0_PRODUCAO\node_modules\rxjs\dist\esm\internal\operators\takeLast.js","775","03/08/2026 12:27:10"
"C:\Users\Dionisio Lima\OneDrive\Área de Trabalho\SOUSA_2.0_PRODUCAO\node_modules\rxjs\dist\esm\internal\operators\takeUntil.js","497","03/08/2026 12:27:11"
"C:\Users\Dionisio Lima\OneDrive\Área de Trabalho\SOUSA_2.0_PRODUCAO\node_modules\rxjs\dist\esm\internal\operators\takeWhile.js","527","03/08/2026 12:27:11"
"C:\Users\Dionisio Lima\OneDrive\Área de Trabalho\SOUSA_2.0_PRODUCAO\node_modules\rxjs\dist\esm\internal\operators\tap.js","1739","03/08/2026 12:27:11"
"C:\Users\Dionisio Lima\OneDrive\Área de Trabalho\SOUSA_2.0_PRODUCAO\node_modules\rxjs\dist\esm\internal\operators\throttle.js","1793","03/08/2026 12:27:11"
"C:\Users\Dionisio Lima\OneDrive\Área de Trabalho\SOUSA_2.0_PRODUCAO\node_modules\rxjs\dist\esm\internal\operators\throttleTime.js","352","03/08/2026 12:27:11"
"C:\Users\Dionisio Lima\OneDrive\Área de Trabalho\SOUSA_2.0_PRODUCAO\node_modules\rxjs\dist\esm\internal\operators\throwIfEmpty.js","640","03/08/2026 12:27:11"
"C:\Users\Dionisio Lima\OneDrive\Área de Trabalho\SOUSA_2.0_PRODUCAO\node_modules\rxjs\dist\esm\internal\operators\timeInterval.js","739","03/08/2026 12:27:11"
"C:\Users\Dionisio Lima\OneDrive\Área de Trabalho\SOUSA_2.0_PRODUCAO\node_modules\rxjs\dist\esm\internal\operators\timeout.js","2606","03/08/2026 12:27:11"
"C:\Users\Dionisio Lima\OneDrive\Área de Trabalho\SOUSA_2.0_PRODUCAO\node_modules\rxjs\dist\esm\internal\operators\timeoutWith.js","828","03/08/2026 12:27:11"
"C:\Users\Dionisio Lima\OneDrive\Área de Trabalho\SOUSA_2.0_PRODUCAO\node_modules\rxjs\dist\esm\internal\operators\timestamp.js","291","03/08/2026 12:27:11"
"C:\Users\Dionisio Lima\OneDrive\Área de Trabalho\SOUSA_2.0_PRODUCAO\node_modules\rxjs\dist\esm\internal\operators\toArray.js","314","03/08/2026 12:27:11"
"C:\Users\Dionisio Lima\OneDrive\Área de Trabalho\SOUSA_2.0_PRODUCAO\node_modules\rxjs\dist\esm\internal\operators\window.js","1252","03/08/2026 12:27:11"
"C:\Users\Dionisio Lima\OneDrive\Área de Trabalho\SOUSA_2.0_PRODUCAO\node_modules\rxjs\dist\esm\internal\operators\windowCount.js","1436","03/08/2026 12:27:11"
"C:\Users\Dionisio Lima\OneDrive\Área de Trabalho\SOUSA_2.0_PRODUCAO\node_modules\rxjs\dist\esm\internal\operators\windowTime.js","2599","03/08/2026 12:27:11"
"C:\Users\Dionisio Lima\OneDrive\Área de Trabalho\SOUSA_2.0_PRODUCAO\node_modules\rxjs\dist\esm\internal\operators\windowToggle.js","2069","03/08/2026 12:27:11"
"C:\Users\Dionisio Lima\OneDrive\Área de Trabalho\SOUSA_2.0_PRODUCAO\node_modules\rxjs\dist\esm\internal\operators\windowWhen.js","1569","03/08/2026 12:27:11"
"C:\Users\Dionisio Lima\OneDrive\Área de Trabalho\SOUSA_2.0_PRODUCAO\node_modules\rxjs\dist\esm\internal\operators\withLatestFrom.js","1274","03/08/2026 12:27:11"
"C:\Users\Dionisio Lima\OneDrive\Área de Trabalho\SOUSA_2.0_PRODUCAO\node_modules\rxjs\dist\esm\internal\operators\zip.js","275","03/08/2026 12:27:11"
"C:\Users\Dionisio Lima\OneDrive\Área de Trabalho\SOUSA_2.0_PRODUCAO\node_modules\rxjs\dist\esm\internal\operators\zipAll.js","209","03/08/2026 12:27:11"
"C:\Users\Dionisio Lima\OneDrive\Área de Trabalho\SOUSA_2.0_PRODUCAO\node_modules\rxjs\dist\esm\internal\operators\zipWith.js","140","03/08/2026 12:27:11"
"C:\Users\Dionisio Lima\OneDrive\Área de Trabalho\SOUSA_2.0_PRODUCAO\node_modules\rxjs\dist\esm\internal\scheduled\scheduleArray.js","534","03/08/2026 12:27:10"
"C:\Users\Dionisio Lima\OneDrive\Área de Trabalho\SOUSA_2.0_PRODUCAO\node_modules\rxjs\dist\esm\internal\scheduled\scheduleAsyncIterable.js","834","03/08/2026 12:27:10"
"C:\Users\Dionisio Lima\OneDrive\Área de Trabalho\SOUSA_2.0_PRODUCAO\node_modules\rxjs\dist\esm\internal\scheduled\scheduled.js","1573","03/08/2026 12:27:10"
"C:\Users\Dionisio Lima\OneDrive\Área de Trabalho\SOUSA_2.0_PRODUCAO\node_modules\rxjs\dist\esm\internal\scheduled\scheduleIterable.js","1157","03/08/2026 12:27:10"
"C:\Users\Dionisio Lima\OneDrive\Área de Trabalho\SOUSA_2.0_PRODUCAO\node_modules\rxjs\dist\esm\internal\scheduled\scheduleObservable.js","344","03/08/2026 12:27:10"
"C:\Users\Dionisio Lima\OneDrive\Área de Trabalho\SOUSA_2.0_PRODUCAO\node_modules\rxjs\dist\esm\internal\scheduled\schedulePromise.js","338","03/08/2026 12:27:10"
"C:\Users\Dionisio Lima\OneDrive\Área de Trabalho\SOUSA_2.0_PRODUCAO\node_modules\rxjs\dist\esm\internal\scheduled\scheduleReadableStreamLike.js","355","03/08/2026 12:27:10"
"C:\Users\Dionisio Lima\OneDrive\Área de Trabalho\SOUSA_2.0_PRODUCAO\node_modules\rxjs\dist\esm\internal\scheduler\Action.js","245","03/08/2026 12:26:53"
"C:\Users\Dionisio Lima\OneDrive\Área de Trabalho\SOUSA_2.0_PRODUCAO\node_modules\rxjs\dist\esm\internal\scheduler\animationFrame.js","319","03/08/2026 12:26:56"
"C:\Users\Dionisio Lima\OneDrive\Área de Trabalho\SOUSA_2.0_PRODUCAO\node_modules\rxjs\dist\esm\internal\scheduler\AnimationFrameAction.js","1233","03/08/2026 12:26:56"
"C:\Users\Dionisio Lima\OneDrive\Área de Trabalho\SOUSA_2.0_PRODUCAO\node_modules\rxjs\dist\esm\internal\scheduler\animationFrameProvider.js","1172","03/08/2026 12:26:57"
"C:\Users\Dionisio Lima\OneDrive\Área de Trabalho\SOUSA_2.0_PRODUCAO\node_modules\rxjs\dist\esm\internal\scheduler\AnimationFrameScheduler.js","942","03/08/2026 12:26:57"
"C:\Users\Dionisio Lima\OneDrive\Área de Trabalho\SOUSA_2.0_PRODUCAO\node_modules\rxjs\dist\esm\internal\scheduler\asap.js","219","03/08/2026 12:26:59"
"C:\Users\Dionisio Lima\OneDrive\Área de Trabalho\SOUSA_2.0_PRODUCAO\node_modules\rxjs\dist\esm\internal\scheduler\AsapAction.js","1222","03/08/2026 12:26:59"
"C:\Users\Dionisio Lima\OneDrive\Área de Trabalho\SOUSA_2.0_PRODUCAO\node_modules\rxjs\dist\esm\internal\scheduler\AsapScheduler.js","809","03/08/2026 12:26:59"
"C:\Users\Dionisio Lima\OneDrive\Área de Trabalho\SOUSA_2.0_PRODUCAO\node_modules\rxjs\dist\esm\internal\scheduler\async.js","229","03/08/2026 12:26:59"
"C:\Users\Dionisio Lima\OneDrive\Área de Trabalho\SOUSA_2.0_PRODUCAO\node_modules\rxjs\dist\esm\internal\scheduler\AsyncAction.js","2569","03/08/2026 12:27:00"
"C:\Users\Dionisio Lima\OneDrive\Área de Trabalho\SOUSA_2.0_PRODUCAO\node_modules\rxjs\dist\esm\internal\scheduler\AsyncScheduler.js","845","03/08/2026 12:27:00"
"C:\Users\Dionisio Lima\OneDrive\Área de Trabalho\SOUSA_2.0_PRODUCAO\node_modules\rxjs\dist\esm\internal\scheduler\dateTimestampProvider.js","198","03/08/2026 12:27:03"
"C:\Users\Dionisio Lima\OneDrive\Área de Trabalho\SOUSA_2.0_PRODUCAO\node_modules\rxjs\dist\esm\internal\scheduler\immediateProvider.js","615","03/08/2026 12:27:06"
"C:\Users\Dionisio Lima\OneDrive\Área de Trabalho\SOUSA_2.0_PRODUCAO\node_modules\rxjs\dist\esm\internal\scheduler\intervalProvider.js","628","03/08/2026 12:27:07"
"C:\Users\Dionisio Lima\OneDrive\Área de Trabalho\SOUSA_2.0_PRODUCAO\node_modules\rxjs\dist\esm\internal\scheduler\performanceTimestampProvider.js","226","03/08/2026 12:27:09"
"C:\Users\Dionisio Lima\OneDrive\Área de Trabalho\SOUSA_2.0_PRODUCAO\node_modules\rxjs\dist\esm\internal\scheduler\queue.js","229","03/08/2026 12:27:09"
"C:\Users\Dionisio Lima\OneDrive\Área de Trabalho\SOUSA_2.0_PRODUCAO\node_modules\rxjs\dist\esm\internal\scheduler\QueueAction.js","895","03/08/2026 12:27:09"
"C:\Users\Dionisio Lima\OneDrive\Área de Trabalho\SOUSA_2.0_PRODUCAO\node_modules\rxjs\dist\esm\internal\scheduler\QueueScheduler.js","148","03/08/2026 12:27:09"
"C:\Users\Dionisio Lima\OneDrive\Área de Trabalho\SOUSA_2.0_PRODUCAO\node_modules\rxjs\dist\esm\internal\scheduler\timeoutProvider.js","617","03/08/2026 12:27:11"
"C:\Users\Dionisio Lima\OneDrive\Área de Trabalho\SOUSA_2.0_PRODUCAO\node_modules\rxjs\dist\esm\internal\scheduler\timerHandle.js","50","03/08/2026 12:27:11"
"C:\Users\Dionisio Lima\OneDrive\Área de Trabalho\SOUSA_2.0_PRODUCAO\node_modules\rxjs\dist\esm\internal\scheduler\VirtualTimeScheduler.js","2650","03/08/2026 12:27:11"
"C:\Users\Dionisio Lima\OneDrive\Área de Trabalho\SOUSA_2.0_PRODUCAO\node_modules\rxjs\dist\esm\internal\symbol\iterator.js","244","03/08/2026 12:27:07"
"C:\Users\Dionisio Lima\OneDrive\Área de Trabalho\SOUSA_2.0_PRODUCAO\node_modules\rxjs\dist\esm\internal\symbol\observable.js","145","03/08/2026 12:27:08"
"C:\Users\Dionisio Lima\OneDrive\Área de Trabalho\SOUSA_2.0_PRODUCAO\node_modules\rxjs\dist\esm\internal\testing\ColdObservable.js","1439","03/08/2026 12:27:02"
"C:\Users\Dionisio Lima\OneDrive\Área de Trabalho\SOUSA_2.0_PRODUCAO\node_modules\rxjs\dist\esm\internal\testing\HotObservable.js","1340","03/08/2026 12:27:05"
"C:\Users\Dionisio Lima\OneDrive\Área de Trabalho\SOUSA_2.0_PRODUCAO\node_modules\rxjs\dist\esm\internal\testing\SubscriptionLog.js","247","03/08/2026 12:27:10"
"C:\Users\Dionisio Lima\OneDrive\Área de Trabalho\SOUSA_2.0_PRODUCAO\node_modules\rxjs\dist\esm\internal\testing\SubscriptionLoggable.js","619","03/08/2026 12:27:10"
"C:\Users\Dionisio Lima\OneDrive\Área de Trabalho\SOUSA_2.0_PRODUCAO\node_modules\rxjs\dist\esm\internal\testing\TestMessage.js","50","03/08/2026 12:27:11"
"C:\Users\Dionisio Lima\OneDrive\Área de Trabalho\SOUSA_2.0_PRODUCAO\node_modules\rxjs\dist\esm\internal\testing\TestScheduler.js","21648","03/08/2026 12:27:11"
"C:\Users\Dionisio Lima\OneDrive\Área de Trabalho\SOUSA_2.0_PRODUCAO\node_modules\rxjs\dist\esm\internal\util\applyMixins.js","466","03/08/2026 12:26:57"
"C:\Users\Dionisio Lima\OneDrive\Área de Trabalho\SOUSA_2.0_PRODUCAO\node_modules\rxjs\dist\esm\internal\util\args.js","500","03/08/2026 12:26:58"
"C:\Users\Dionisio Lima\OneDrive\Área de Trabalho\SOUSA_2.0_PRODUCAO\node_modules\rxjs\dist\esm\internal\util\argsArgArrayOrObject.js","687","03/08/2026 12:26:58"
"C:\Users\Dionisio Lima\OneDrive\Área de Trabalho\SOUSA_2.0_PRODUCAO\node_modules\rxjs\dist\esm\internal\util\argsOrArgArray.js","177","03/08/2026 12:26:59"
"C:\Users\Dionisio Lima\OneDrive\Área de Trabalho\SOUSA_2.0_PRODUCAO\node_modules\rxjs\dist\esm\internal\util\ArgumentOutOfRangeError.js","324","03/08/2026 12:26:59"
"C:\Users\Dionisio Lima\OneDrive\Área de Trabalho\SOUSA_2.0_PRODUCAO\node_modules\rxjs\dist\esm\internal\util\arrRemove.js","184","03/08/2026 12:26:59"
"C:\Users\Dionisio Lima\OneDrive\Área de Trabalho\SOUSA_2.0_PRODUCAO\node_modules\rxjs\dist\esm\internal\util\createErrorClass.js","375","03/08/2026 12:27:03"
"C:\Users\Dionisio Lima\OneDrive\Área de Trabalho\SOUSA_2.0_PRODUCAO\node_modules\rxjs\dist\esm\internal\util\createObject.js","172","03/08/2026 12:27:03"
"C:\Users\Dionisio Lima\OneDrive\Área de Trabalho\SOUSA_2.0_PRODUCAO\node_modules\rxjs\dist\esm\internal\util\EmptyError.js","274","03/08/2026 12:27:04"
"C:\Users\Dionisio Lima\OneDrive\Área de Trabalho\SOUSA_2.0_PRODUCAO\node_modules\rxjs\dist\esm\internal\util\errorContext.js","726","03/08/2026 12:27:04"
"C:\Users\Dionisio Lima\OneDrive\Área de Trabalho\SOUSA_2.0_PRODUCAO\node_modules\rxjs\dist\esm\internal\util\executeSchedule.js","505","03/08/2026 12:27:04"
"C:\Users\Dionisio Lima\OneDrive\Área de Trabalho\SOUSA_2.0_PRODUCAO\node_modules\rxjs\dist\esm\internal\util\identity.js","82","03/08/2026 12:27:05"
"C:\Users\Dionisio Lima\OneDrive\Área de Trabalho\SOUSA_2.0_PRODUCAO\node_modules\rxjs\dist\esm\internal\util\Immediate.js","729","03/08/2026 12:27:06"
"C:\Users\Dionisio Lima\OneDrive\Área de Trabalho\SOUSA_2.0_PRODUCAO\node_modules\rxjs\dist\esm\internal\util\isArrayLike.js","137","03/08/2026 12:27:07"
"C:\Users\Dionisio Lima\OneDrive\Área de Trabalho\SOUSA_2.0_PRODUCAO\node_modules\rxjs\dist\esm\internal\util\isAsyncIterable.js","243","03/08/2026 12:27:07"
"C:\Users\Dionisio Lima\OneDrive\Área de Trabalho\SOUSA_2.0_PRODUCAO\node_modules\rxjs\dist\esm\internal\util\isDate.js","124","03/08/2026 12:27:07"
"C:\Users\Dionisio Lima\OneDrive\Área de Trabalho\SOUSA_2.0_PRODUCAO\node_modules\rxjs\dist\esm\internal\util\isFunction.js","116","03/08/2026 12:27:07"
"C:\Users\Dionisio Lima\OneDrive\Área de Trabalho\SOUSA_2.0_PRODUCAO\node_modules\rxjs\dist\esm\internal\util\isInteropObservable.js","258","03/08/2026 12:27:07"
"C:\Users\Dionisio Lima\OneDrive\Área de Trabalho\SOUSA_2.0_PRODUCAO\node_modules\rxjs\dist\esm\internal\util\isIterable.js","278","03/08/2026 12:27:07"
"C:\Users\Dionisio Lima\OneDrive\Área de Trabalho\SOUSA_2.0_PRODUCAO\node_modules\rxjs\dist\esm\internal\util\isObservable.js","269","03/08/2026 12:27:07"
"C:\Users\Dionisio Lima\OneDrive\Área de Trabalho\SOUSA_2.0_PRODUCAO\node_modules\rxjs\dist\esm\internal\util\isPromise.js","198","03/08/2026 12:27:07"
"C:\Users\Dionisio Lima\OneDrive\Área de Trabalho\SOUSA_2.0_PRODUCAO\node_modules\rxjs\dist\esm\internal\util\isReadableStreamLike.js","831","03/08/2026 12:27:07"
"C:\Users\Dionisio Lima\OneDrive\Área de Trabalho\SOUSA_2.0_PRODUCAO\node_modules\rxjs\dist\esm\internal\util\isScheduler.js","169","03/08/2026 12:27:07"
"C:\Users\Dionisio Lima\OneDrive\Área de Trabalho\SOUSA_2.0_PRODUCAO\node_modules\rxjs\dist\esm\internal\util\lift.js","624","03/08/2026 12:27:08"
"C:\Users\Dionisio Lima\OneDrive\Área de Trabalho\SOUSA_2.0_PRODUCAO\node_modules\rxjs\dist\esm\internal\util\mapOneOrManyArgs.js","285","03/08/2026 12:27:08"
"C:\Users\Dionisio Lima\OneDrive\Área de Trabalho\SOUSA_2.0_PRODUCAO\node_modules\rxjs\dist\esm\internal\util\noop.js","59","03/08/2026 12:27:08"
"C:\Users\Dionisio Lima\OneDrive\Área de Trabalho\SOUSA_2.0_PRODUCAO\node_modules\rxjs\dist\esm\internal\util\not.js","134","03/08/2026 12:27:08"
"C:\Users\Dionisio Lima\OneDrive\Área de Trabalho\SOUSA_2.0_PRODUCAO\node_modules\rxjs\dist\esm\internal\util\NotFoundError.js","275","03/08/2026 12:27:08"
"C:\Users\Dionisio Lima\OneDrive\Área de Trabalho\SOUSA_2.0_PRODUCAO\node_modules\rxjs\dist\esm\internal\util\ObjectUnsubscribedError.js","322","03/08/2026 12:27:08"
"C:\Users\Dionisio Lima\OneDrive\Área de Trabalho\SOUSA_2.0_PRODUCAO\node_modules\rxjs\dist\esm\internal\util\pipe.js","390","03/08/2026 12:27:09"
"C:\Users\Dionisio Lima\OneDrive\Área de Trabalho\SOUSA_2.0_PRODUCAO\node_modules\rxjs\dist\esm\internal\util\reportUnhandledError.js","411","03/08/2026 12:27:10"
"C:\Users\Dionisio Lima\OneDrive\Área de Trabalho\SOUSA_2.0_PRODUCAO\node_modules\rxjs\dist\esm\internal\util\SequenceError.js","275","03/08/2026 12:27:10"
"C:\Users\Dionisio Lima\OneDrive\Área de Trabalho\SOUSA_2.0_PRODUCAO\node_modules\rxjs\dist\esm\internal\util\subscribeToArray.js","254","03/08/2026 12:27:10"
"C:\Users\Dionisio Lima\OneDrive\Área de Trabalho\SOUSA_2.0_PRODUCAO\node_modules\rxjs\dist\esm\internal\util\throwUnobservableError.js","356","03/08/2026 12:27:11"
"C:\Users\Dionisio Lima\OneDrive\Área de Trabalho\SOUSA_2.0_PRODUCAO\node_modules\rxjs\dist\esm\internal\util\UnsubscriptionError.js","474","03/08/2026 12:27:11"
"C:\Users\Dionisio Lima\OneDrive\Área de Trabalho\SOUSA_2.0_PRODUCAO\node_modules\rxjs\dist\esm\internal\util\workarounds.js","50","03/08/2026 12:27:11"
"C:\Users\Dionisio Lima\OneDrive\Área de Trabalho\SOUSA_2.0_PRODUCAO\node_modules\rxjs\dist\esm\internal\AnyCatcher.js","49","03/08/2026 12:26:57"
"C:\Users\Dionisio Lima\OneDrive\Área de Trabalho\SOUSA_2.0_PRODUCAO\node_modules\rxjs\dist\esm\internal\AsyncSubject.js","991","03/08/2026 12:27:00"
"C:\Users\Dionisio Lima\OneDrive\Área de Trabalho\SOUSA_2.0_PRODUCAO\node_modules\rxjs\dist\esm\internal\BehaviorSubject.js","714","03/08/2026 12:27:00"
"C:\Users\Dionisio Lima\OneDrive\Área de Trabalho\SOUSA_2.0_PRODUCAO\node_modules\rxjs\dist\esm\internal\config.js","233","03/08/2026 12:27:03"
"C:\Users\Dionisio Lima\OneDrive\Área de Trabalho\SOUSA_2.0_PRODUCAO\node_modules\rxjs\dist\esm\internal\firstValueFrom.js","770","03/08/2026 12:27:05"
"C:\Users\Dionisio Lima\OneDrive\Área de Trabalho\SOUSA_2.0_PRODUCAO\node_modules\rxjs\dist\esm\internal\lastValueFrom.js","798","03/08/2026 12:27:08"
"C:\Users\Dionisio Lima\OneDrive\Área de Trabalho\SOUSA_2.0_PRODUCAO\node_modules\rxjs\dist\esm\internal\Notification.js","2807","03/08/2026 12:27:08"
"C:\Users\Dionisio Lima\OneDrive\Área de Trabalho\SOUSA_2.0_PRODUCAO\node_modules\rxjs\dist\esm\internal\NotificationFactories.js","463","03/08/2026 12:27:08"
"C:\Users\Dionisio Lima\OneDrive\Área de Trabalho\SOUSA_2.0_PRODUCAO\node_modules\rxjs\dist\esm\internal\Observable.js","3147","03/08/2026 12:27:08"
"C:\Users\Dionisio Lima\OneDrive\Área de Trabalho\SOUSA_2.0_PRODUCAO\node_modules\rxjs\dist\esm\internal\Operator.js","47","03/08/2026 12:27:09"
"C:\Users\Dionisio Lima\OneDrive\Área de Trabalho\SOUSA_2.0_PRODUCAO\node_modules\rxjs\dist\esm\internal\ReplaySubject.js","2128","03/08/2026 12:27:09"
"C:\Users\Dionisio Lima\OneDrive\Área de Trabalho\SOUSA_2.0_PRODUCAO\node_modules\rxjs\dist\esm\internal\Scheduler.js","453","03/08/2026 12:27:10"
"C:\Users\Dionisio Lima\OneDrive\Área de Trabalho\SOUSA_2.0_PRODUCAO\node_modules\rxjs\dist\esm\internal\Subject.js","4380","03/08/2026 12:27:10"
"C:\Users\Dionisio Lima\OneDrive\Área de Trabalho\SOUSA_2.0_PRODUCAO\node_modules\rxjs\dist\esm\internal\Subscriber.js","5128","03/08/2026 12:27:10"
"C:\Users\Dionisio Lima\OneDrive\Área de Trabalho\SOUSA_2.0_PRODUCAO\node_modules\rxjs\dist\esm\internal\Subscription.js","4014","03/08/2026 12:27:10"
"C:\Users\Dionisio Lima\OneDrive\Área de Trabalho\SOUSA_2.0_PRODUCAO\node_modules\rxjs\dist\esm\internal\types.js","44","03/08/2026 12:27:11"
"C:\Users\Dionisio Lima\OneDrive\Área de Trabalho\SOUSA_2.0_PRODUCAO\node_modules\rxjs\dist\esm\internal\umd.js","448","03/08/2026 12:27:11"
"C:\Users\Dionisio Lima\OneDrive\Área de Trabalho\SOUSA_2.0_PRODUCAO\node_modules\rxjs\dist\esm\operators\index.js","6876","03/08/2026 12:27:06"
"C:\Users\Dionisio Lima\OneDrive\Área de Trabalho\SOUSA_2.0_PRODUCAO\node_modules\rxjs\dist\esm\testing\index.js","100","03/08/2026 12:27:06"
"C:\Users\Dionisio Lima\OneDrive\Área de Trabalho\SOUSA_2.0_PRODUCAO\node_modules\rxjs\dist\esm\webSocket\index.js","192","03/08/2026 12:27:06"
"C:\Users\Dionisio Lima\OneDrive\Área de Trabalho\SOUSA_2.0_PRODUCAO\node_modules\rxjs\dist\esm\index.js","10122","03/08/2026 12:27:06"
"C:\Users\Dionisio Lima\OneDrive\Área de Trabalho\SOUSA_2.0_PRODUCAO\node_modules\rxjs\dist\esm5\ajax\index.js","212","03/08/2026 12:27:06"
"C:\Users\Dionisio Lima\OneDrive\Área de Trabalho\SOUSA_2.0_PRODUCAO\node_modules\rxjs\dist\esm5\fetch\index.js","95","03/08/2026 12:27:06"
"C:\Users\Dionisio Lima\OneDrive\Área de Trabalho\SOUSA_2.0_PRODUCAO\node_modules\rxjs\dist\esm5\internal\ajax\ajax.js","10163","03/08/2026 12:26:55"
"C:\Users\Dionisio Lima\OneDrive\Área de Trabalho\SOUSA_2.0_PRODUCAO\node_modules\rxjs\dist\esm5\internal\ajax\AjaxResponse.js","1232","03/08/2026 12:26:55"
"C:\Users\Dionisio Lima\OneDrive\Área de Trabalho\SOUSA_2.0_PRODUCAO\node_modules\rxjs\dist\esm5\internal\ajax\errors.js","1008","03/08/2026 12:27:04"
"C:\Users\Dionisio Lima\OneDrive\Área de Trabalho\SOUSA_2.0_PRODUCAO\node_modules\rxjs\dist\esm5\internal\ajax\getXHRResponse.js","670","03/08/2026 12:27:05"
"C:\Users\Dionisio Lima\OneDrive\Área de Trabalho\SOUSA_2.0_PRODUCAO\node_modules\rxjs\dist\esm5\internal\ajax\types.js","44","03/08/2026 12:27:11"
"C:\Users\Dionisio Lima\OneDrive\Área de Trabalho\SOUSA_2.0_PRODUCAO\node_modules\rxjs\dist\esm5\internal\observable\dom\animationFrames.js","1361","03/08/2026 12:26:57"
"C:\Users\Dionisio Lima\OneDrive\Área de Trabalho\SOUSA_2.0_PRODUCAO\node_modules\rxjs\dist\esm5\internal\observable\dom\fetch.js","2096","03/08/2026 12:27:05"
"C:\Users\Dionisio Lima\OneDrive\Área de Trabalho\SOUSA_2.0_PRODUCAO\node_modules\rxjs\dist\esm5\internal\observable\dom\webSocket.js","193","03/08/2026 12:27:11"
"C:\Users\Dionisio Lima\OneDrive\Área de Trabalho\SOUSA_2.0_PRODUCAO\node_modules\rxjs\dist\esm5\internal\observable\dom\WebSocketSubject.js","7992","03/08/2026 12:27:11"
"C:\Users\Dionisio Lima\OneDrive\Área de Trabalho\SOUSA_2.0_PRODUCAO\node_modules\rxjs\dist\esm5\internal\observable\bindCallback.js","261","03/08/2026 12:27:01"
"C:\Users\Dionisio Lima\OneDrive\Área de Trabalho\SOUSA_2.0_PRODUCAO\node_modules\rxjs\dist\esm5\internal\observable\bindCallbackInternals.js","3027","03/08/2026 12:27:01"
"C:\Users\Dionisio Lima\OneDrive\Área de Trabalho\SOUSA_2.0_PRODUCAO\node_modules\rxjs\dist\esm5\internal\observable\bindNodeCallback.js","268","03/08/2026 12:27:01"
"C:\Users\Dionisio Lima\OneDrive\Área de Trabalho\SOUSA_2.0_PRODUCAO\node_modules\rxjs\dist\esm5\internal\observable\combineLatest.js","2814","03/08/2026 12:27:02"
"C:\Users\Dionisio Lima\OneDrive\Área de Trabalho\SOUSA_2.0_PRODUCAO\node_modules\rxjs\dist\esm5\internal\observable\concat.js","358","03/08/2026 12:27:03"
"C:\Users\Dionisio Lima\OneDrive\Área de Trabalho\SOUSA_2.0_PRODUCAO\node_modules\rxjs\dist\esm5\internal\observable\connectable.js","1012","03/08/2026 12:27:03"
"C:\Users\Dionisio Lima\OneDrive\Área de Trabalho\SOUSA_2.0_PRODUCAO\node_modules\rxjs\dist\esm5\internal\observable\ConnectableObservable.js","2506","03/08/2026 12:27:03"
"C:\Users\Dionisio Lima\OneDrive\Área de Trabalho\SOUSA_2.0_PRODUCAO\node_modules\rxjs\dist\esm5\internal\observable\defer.js","283","03/08/2026 12:27:04"
"C:\Users\Dionisio Lima\OneDrive\Área de Trabalho\SOUSA_2.0_PRODUCAO\node_modules\rxjs\dist\esm5\internal\observable\empty.js","431","03/08/2026 12:27:04"
"C:\Users\Dionisio Lima\OneDrive\Área de Trabalho\SOUSA_2.0_PRODUCAO\node_modules\rxjs\dist\esm5\internal\observable\forkJoin.js","1967","03/08/2026 12:27:05"
"C:\Users\Dionisio Lima\OneDrive\Área de Trabalho\SOUSA_2.0_PRODUCAO\node_modules\rxjs\dist\esm5\internal\observable\from.js","239","03/08/2026 12:27:05"
"C:\Users\Dionisio Lima\OneDrive\Área de Trabalho\SOUSA_2.0_PRODUCAO\node_modules\rxjs\dist\esm5\internal\observable\fromEvent.js","2564","03/08/2026 12:27:05"
"C:\Users\Dionisio Lima\OneDrive\Área de Trabalho\SOUSA_2.0_PRODUCAO\node_modules\rxjs\dist\esm5\internal\observable\fromEventPattern.js","871","03/08/2026 12:27:05"
"C:\Users\Dionisio Lima\OneDrive\Área de Trabalho\SOUSA_2.0_PRODUCAO\node_modules\rxjs\dist\esm5\internal\observable\fromSubscribable.js","236","03/08/2026 12:27:05"
"C:\Users\Dionisio Lima\OneDrive\Área de Trabalho\SOUSA_2.0_PRODUCAO\node_modules\rxjs\dist\esm5\internal\observable\generate.js","1796","03/08/2026 12:27:05"
"C:\Users\Dionisio Lima\OneDrive\Área de Trabalho\SOUSA_2.0_PRODUCAO\node_modules\rxjs\dist\esm5\internal\observable\iif.js","208","03/08/2026 12:27:06"
"C:\Users\Dionisio Lima\OneDrive\Área de Trabalho\SOUSA_2.0_PRODUCAO\node_modules\rxjs\dist\esm5\internal\observable\innerFrom.js","5385","03/08/2026 12:27:07"
"C:\Users\Dionisio Lima\OneDrive\Área de Trabalho\SOUSA_2.0_PRODUCAO\node_modules\rxjs\dist\esm5\internal\observable\interval.js","368","03/08/2026 12:27:07"
"C:\Users\Dionisio Lima\OneDrive\Área de Trabalho\SOUSA_2.0_PRODUCAO\node_modules\rxjs\dist\esm5\internal\observable\merge.js","711","03/08/2026 12:27:08"
"C:\Users\Dionisio Lima\OneDrive\Área de Trabalho\SOUSA_2.0_PRODUCAO\node_modules\rxjs\dist\esm5\internal\observable\never.js","201","03/08/2026 12:27:08"
"C:\Users\Dionisio Lima\OneDrive\Área de Trabalho\SOUSA_2.0_PRODUCAO\node_modules\rxjs\dist\esm5\internal\observable\of.js","316","03/08/2026 12:27:09"
"C:\Users\Dionisio Lima\OneDrive\Área de Trabalho\SOUSA_2.0_PRODUCAO\node_modules\rxjs\dist\esm5\internal\observable\onErrorResumeNext.js","1271","03/08/2026 12:27:09"
"C:\Users\Dionisio Lima\OneDrive\Área de Trabalho\SOUSA_2.0_PRODUCAO\node_modules\rxjs\dist\esm5\internal\observable\pairs.js","155","03/08/2026 12:27:09"
"C:\Users\Dionisio Lima\OneDrive\Área de Trabalho\SOUSA_2.0_PRODUCAO\node_modules\rxjs\dist\esm5\internal\observable\partition.js","329","03/08/2026 12:27:09"
"C:\Users\Dionisio Lima\OneDrive\Área de Trabalho\SOUSA_2.0_PRODUCAO\node_modules\rxjs\dist\esm5\internal\observable\race.js","1242","03/08/2026 12:27:09"
"C:\Users\Dionisio Lima\OneDrive\Área de Trabalho\SOUSA_2.0_PRODUCAO\node_modules\rxjs\dist\esm5\internal\observable\range.js","1004","03/08/2026 12:27:09"
"C:\Users\Dionisio Lima\OneDrive\Área de Trabalho\SOUSA_2.0_PRODUCAO\node_modules\rxjs\dist\esm5\internal\observable\throwError.js","522","03/08/2026 12:27:11"
"C:\Users\Dionisio Lima\OneDrive\Área de Trabalho\SOUSA_2.0_PRODUCAO\node_modules\rxjs\dist\esm5\internal\observable\timer.js","1242","03/08/2026 12:27:11"
"C:\Users\Dionisio Lima\OneDrive\Área de Trabalho\SOUSA_2.0_PRODUCAO\node_modules\rxjs\dist\esm5\internal\observable\using.js","580","03/08/2026 12:27:11"
"C:\Users\Dionisio Lima\OneDrive\Área de Trabalho\SOUSA_2.0_PRODUCAO\node_modules\rxjs\dist\esm5\internal\observable\zip.js","2136","03/08/2026 12:27:11"
"C:\Users\Dionisio Lima\OneDrive\Área de Trabalho\SOUSA_2.0_PRODUCAO\node_modules\rxjs\dist\esm5\internal\operators\audit.js","1532","03/08/2026 12:27:00"
"C:\Users\Dionisio Lima\OneDrive\Área de Trabalho\SOUSA_2.0_PRODUCAO\node_modules\rxjs\dist\esm5\internal\operators\auditTime.js","351","03/08/2026 12:27:00"
"C:\Users\Dionisio Lima\OneDrive\Área de Trabalho\SOUSA_2.0_PRODUCAO\node_modules\rxjs\dist\esm5\internal\operators\buffer.js","876","03/08/2026 12:27:01"
"C:\Users\Dionisio Lima\OneDrive\Área de Trabalho\SOUSA_2.0_PRODUCAO\node_modules\rxjs\dist\esm5\internal\operators\bufferCount.js","3047","03/08/2026 12:27:01"
"C:\Users\Dionisio Lima\OneDrive\Área de Trabalho\SOUSA_2.0_PRODUCAO\node_modules\rxjs\dist\esm5\internal\operators\bufferTime.js","3435","03/08/2026 12:27:02"
"C:\Users\Dionisio Lima\OneDrive\Área de Trabalho\SOUSA_2.0_PRODUCAO\node_modules\rxjs\dist\esm5\internal\operators\bufferToggle.js","1939","03/08/2026 12:27:02"
"C:\Users\Dionisio Lima\OneDrive\Área de Trabalho\SOUSA_2.0_PRODUCAO\node_modules\rxjs\dist\esm5\internal\operators\bufferWhen.js","1152","03/08/2026 12:27:02"
"C:\Users\Dionisio Lima\OneDrive\Área de Trabalho\SOUSA_2.0_PRODUCAO\node_modules\rxjs\dist\esm5\internal\operators\catchError.js","976","03/08/2026 12:27:02"
"C:\Users\Dionisio Lima\OneDrive\Área de Trabalho\SOUSA_2.0_PRODUCAO\node_modules\rxjs\dist\esm5\internal\operators\combineAll.js","135","03/08/2026 12:27:02"
"C:\Users\Dionisio Lima\OneDrive\Área de Trabalho\SOUSA_2.0_PRODUCAO\node_modules\rxjs\dist\esm5\internal\operators\combineLatest.js","892","03/08/2026 12:27:02"
"C:\Users\Dionisio Lima\OneDrive\Área de Trabalho\SOUSA_2.0_PRODUCAO\node_modules\rxjs\dist\esm5\internal\operators\combineLatestAll.js","259","03/08/2026 12:27:02"
"C:\Users\Dionisio Lima\OneDrive\Área de Trabalho\SOUSA_2.0_PRODUCAO\node_modules\rxjs\dist\esm5\internal\operators\combineLatestWith.js","389","03/08/2026 12:27:02"
"C:\Users\Dionisio Lima\OneDrive\Área de Trabalho\SOUSA_2.0_PRODUCAO\node_modules\rxjs\dist\esm5\internal\operators\concat.js","588","03/08/2026 12:27:03"
"C:\Users\Dionisio Lima\OneDrive\Área de Trabalho\SOUSA_2.0_PRODUCAO\node_modules\rxjs\dist\esm5\internal\operators\concatAll.js","132","03/08/2026 12:27:03"
"C:\Users\Dionisio Lima\OneDrive\Área de Trabalho\SOUSA_2.0_PRODUCAO\node_modules\rxjs\dist\esm5\internal\operators\concatMap.js","281","03/08/2026 12:27:03"
"C:\Users\Dionisio Lima\OneDrive\Área de Trabalho\SOUSA_2.0_PRODUCAO\node_modules\rxjs\dist\esm5\internal\operators\concatMapTo.js","355","03/08/2026 12:27:03"
"C:\Users\Dionisio Lima\OneDrive\Área de Trabalho\SOUSA_2.0_PRODUCAO\node_modules\rxjs\dist\esm5\internal\operators\concatWith.js","354","03/08/2026 12:27:03"
"C:\Users\Dionisio Lima\OneDrive\Área de Trabalho\SOUSA_2.0_PRODUCAO\node_modules\rxjs\dist\esm5\internal\operators\connect.js","676","03/08/2026 12:27:03"
"C:\Users\Dionisio Lima\OneDrive\Área de Trabalho\SOUSA_2.0_PRODUCAO\node_modules\rxjs\dist\esm5\internal\operators\count.js","223","03/08/2026 12:27:03"
"C:\Users\Dionisio Lima\OneDrive\Área de Trabalho\SOUSA_2.0_PRODUCAO\node_modules\rxjs\dist\esm5\internal\operators\debounce.js","1426","03/08/2026 12:27:03"
"C:\Users\Dionisio Lima\OneDrive\Área de Trabalho\SOUSA_2.0_PRODUCAO\node_modules\rxjs\dist\esm5\internal\operators\debounceTime.js","1568","03/08/2026 12:27:03"
"C:\Users\Dionisio Lima\OneDrive\Área de Trabalho\SOUSA_2.0_PRODUCAO\node_modules\rxjs\dist\esm5\internal\operators\defaultIfEmpty.js","594","03/08/2026 12:27:04"
"C:\Users\Dionisio Lima\OneDrive\Área de Trabalho\SOUSA_2.0_PRODUCAO\node_modules\rxjs\dist\esm5\internal\operators\delay.js","374","03/08/2026 12:27:04"
"C:\Users\Dionisio Lima\OneDrive\Área de Trabalho\SOUSA_2.0_PRODUCAO\node_modules\rxjs\dist\esm5\internal\operators\delayWhen.js","702","03/08/2026 12:27:04"
"C:\Users\Dionisio Lima\OneDrive\Área de Trabalho\SOUSA_2.0_PRODUCAO\node_modules\rxjs\dist\esm5\internal\operators\dematerialize.js","443","03/08/2026 12:27:04"
"C:\Users\Dionisio Lima\OneDrive\Área de Trabalho\SOUSA_2.0_PRODUCAO\node_modules\rxjs\dist\esm5\internal\operators\distinct.js","811","03/08/2026 12:27:04"
"C:\Users\Dionisio Lima\OneDrive\Área de Trabalho\SOUSA_2.0_PRODUCAO\node_modules\rxjs\dist\esm5\internal\operators\distinctUntilChanged.js","916","03/08/2026 12:27:04"
"C:\Users\Dionisio Lima\OneDrive\Área de Trabalho\SOUSA_2.0_PRODUCAO\node_modules\rxjs\dist\esm5\internal\operators\distinctUntilKeyChanged.js","290","03/08/2026 12:27:04"
"C:\Users\Dionisio Lima\OneDrive\Área de Trabalho\SOUSA_2.0_PRODUCAO\node_modules\rxjs\dist\esm5\internal\operators\elementAt.js","690","03/08/2026 12:27:04"
"C:\Users\Dionisio Lima\OneDrive\Área de Trabalho\SOUSA_2.0_PRODUCAO\node_modules\rxjs\dist\esm5\internal\operators\endWith.js","423","03/08/2026 12:27:04"
"C:\Users\Dionisio Lima\OneDrive\Área de Trabalho\SOUSA_2.0_PRODUCAO\node_modules\rxjs\dist\esm5\internal\operators\every.js","616","03/08/2026 12:27:04"
"C:\Users\Dionisio Lima\OneDrive\Área de Trabalho\SOUSA_2.0_PRODUCAO\node_modules\rxjs\dist\esm5\internal\operators\exhaust.js","111","03/08/2026 12:27:04"
"C:\Users\Dionisio Lima\OneDrive\Área de Trabalho\SOUSA_2.0_PRODUCAO\node_modules\rxjs\dist\esm5\internal\operators\exhaustAll.js","192","03/08/2026 12:27:04"
"C:\Users\Dionisio Lima\OneDrive\Área de Trabalho\SOUSA_2.0_PRODUCAO\node_modules\rxjs\dist\esm5\internal\operators\exhaustMap.js","1194","03/08/2026 12:27:04"
"C:\Users\Dionisio Lima\OneDrive\Área de Trabalho\SOUSA_2.0_PRODUCAO\node_modules\rxjs\dist\esm5\internal\operators\expand.js","465","03/08/2026 12:27:04"
"C:\Users\Dionisio Lima\OneDrive\Área de Trabalho\SOUSA_2.0_PRODUCAO\node_modules\rxjs\dist\esm5\internal\operators\filter.js","428","03/08/2026 12:27:05"
"C:\Users\Dionisio Lima\OneDrive\Área de Trabalho\SOUSA_2.0_PRODUCAO\node_modules\rxjs\dist\esm5\internal\operators\finalize.js","306","03/08/2026 12:27:05"
"C:\Users\Dionisio Lima\OneDrive\Área de Trabalho\SOUSA_2.0_PRODUCAO\node_modules\rxjs\dist\esm5\internal\operators\find.js","821","03/08/2026 12:27:05"
"C:\Users\Dionisio Lima\OneDrive\Área de Trabalho\SOUSA_2.0_PRODUCAO\node_modules\rxjs\dist\esm5\internal\operators\findIndex.js","225","03/08/2026 12:27:05"
"C:\Users\Dionisio Lima\OneDrive\Área de Trabalho\SOUSA_2.0_PRODUCAO\node_modules\rxjs\dist\esm5\internal\operators\first.js","655","03/08/2026 12:27:05"
"C:\Users\Dionisio Lima\OneDrive\Área de Trabalho\SOUSA_2.0_PRODUCAO\node_modules\rxjs\dist\esm5\internal\operators\flatMap.js","105","03/08/2026 12:27:05"
"C:\Users\Dionisio Lima\OneDrive\Área de Trabalho\SOUSA_2.0_PRODUCAO\node_modules\rxjs\dist\esm5\internal\operators\groupBy.js","3059","03/08/2026 12:27:05"
"C:\Users\Dionisio Lima\OneDrive\Área de Trabalho\SOUSA_2.0_PRODUCAO\node_modules\rxjs\dist\esm5\internal\operators\ignoreElements.js","350","03/08/2026 12:27:05"
"C:\Users\Dionisio Lima\OneDrive\Área de Trabalho\SOUSA_2.0_PRODUCAO\node_modules\rxjs\dist\esm5\internal\operators\isEmpty.js","484","03/08/2026 12:27:07"
"C:\Users\Dionisio Lima\OneDrive\Área de Trabalho\SOUSA_2.0_PRODUCAO\node_modules\rxjs\dist\esm5\internal\operators\joinAllInternals.js","451","03/08/2026 12:27:08"
"C:\Users\Dionisio Lima\OneDrive\Área de Trabalho\SOUSA_2.0_PRODUCAO\node_modules\rxjs\dist\esm5\internal\operators\last.js","665","03/08/2026 12:27:08"
"C:\Users\Dionisio Lima\OneDrive\Área de Trabalho\SOUSA_2.0_PRODUCAO\node_modules\rxjs\dist\esm5\internal\operators\map.js","422","03/08/2026 12:27:08"
"C:\Users\Dionisio Lima\OneDrive\Área de Trabalho\SOUSA_2.0_PRODUCAO\node_modules\rxjs\dist\esm5\internal\operators\mapTo.js","142","03/08/2026 12:27:08"
"C:\Users\Dionisio Lima\OneDrive\Área de Trabalho\SOUSA_2.0_PRODUCAO\node_modules\rxjs\dist\esm5\internal\operators\materialize.js","683","03/08/2026 12:27:08"
"C:\Users\Dionisio Lima\OneDrive\Área de Trabalho\SOUSA_2.0_PRODUCAO\node_modules\rxjs\dist\esm5\internal\operators\max.js","295","03/08/2026 12:27:08"
"C:\Users\Dionisio Lima\OneDrive\Área de Trabalho\SOUSA_2.0_PRODUCAO\node_modules\rxjs\dist\esm5\internal\operators\merge.js","652","03/08/2026 12:27:08"
"C:\Users\Dionisio Lima\OneDrive\Área de Trabalho\SOUSA_2.0_PRODUCAO\node_modules\rxjs\dist\esm5\internal\operators\mergeAll.js","262","03/08/2026 12:27:08"
"C:\Users\Dionisio Lima\OneDrive\Área de Trabalho\SOUSA_2.0_PRODUCAO\node_modules\rxjs\dist\esm5\internal\operators\mergeInternals.js","2417","03/08/2026 12:27:08"
"C:\Users\Dionisio Lima\OneDrive\Área de Trabalho\SOUSA_2.0_PRODUCAO\node_modules\rxjs\dist\esm5\internal\operators\mergeMap.js","793","03/08/2026 12:27:08"
"C:\Users\Dionisio Lima\OneDrive\Área de Trabalho\SOUSA_2.0_PRODUCAO\node_modules\rxjs\dist\esm5\internal\operators\mergeMapTo.js","561","03/08/2026 12:27:08"
"C:\Users\Dionisio Lima\OneDrive\Área de Trabalho\SOUSA_2.0_PRODUCAO\node_modules\rxjs\dist\esm5\internal\operators\mergeScan.js","580","03/08/2026 12:27:08"
"C:\Users\Dionisio Lima\OneDrive\Área de Trabalho\SOUSA_2.0_PRODUCAO\node_modules\rxjs\dist\esm5\internal\operators\mergeWith.js","349","03/08/2026 12:27:08"
"C:\Users\Dionisio Lima\OneDrive\Área de Trabalho\SOUSA_2.0_PRODUCAO\node_modules\rxjs\dist\esm5\internal\operators\min.js","295","03/08/2026 12:27:08"
"C:\Users\Dionisio Lima\OneDrive\Área de Trabalho\SOUSA_2.0_PRODUCAO\node_modules\rxjs\dist\esm5\internal\operators\multicast.js","619","03/08/2026 12:27:08"
"C:\Users\Dionisio Lima\OneDrive\Área de Trabalho\SOUSA_2.0_PRODUCAO\node_modules\rxjs\dist\esm5\internal\operators\observeOn.js","776","03/08/2026 12:27:09"
"C:\Users\Dionisio Lima\OneDrive\Área de Trabalho\SOUSA_2.0_PRODUCAO\node_modules\rxjs\dist\esm5\internal\operators\onErrorResumeNextWith.js","611","03/08/2026 12:27:09"
"C:\Users\Dionisio Lima\OneDrive\Área de Trabalho\SOUSA_2.0_PRODUCAO\node_modules\rxjs\dist\esm5\internal\operators\OperatorSubscriber.js","2140","03/08/2026 12:27:09"
"C:\Users\Dionisio Lima\OneDrive\Área de Trabalho\SOUSA_2.0_PRODUCAO\node_modules\rxjs\dist\esm5\internal\operators\pairwise.js","504","03/08/2026 12:27:09"
"C:\Users\Dionisio Lima\OneDrive\Área de Trabalho\SOUSA_2.0_PRODUCAO\node_modules\rxjs\dist\esm5\internal\operators\partition.js","289","03/08/2026 12:27:09"
"C:\Users\Dionisio Lima\OneDrive\Área de Trabalho\SOUSA_2.0_PRODUCAO\node_modules\rxjs\dist\esm5\internal\operators\pluck.js","755","03/08/2026 12:27:09"
"C:\Users\Dionisio Lima\OneDrive\Área de Trabalho\SOUSA_2.0_PRODUCAO\node_modules\rxjs\dist\esm5\internal\operators\publish.js","333","03/08/2026 12:27:09"
"C:\Users\Dionisio Lima\OneDrive\Área de Trabalho\SOUSA_2.0_PRODUCAO\node_modules\rxjs\dist\esm5\internal\operators\publishBehavior.js","402","03/08/2026 12:27:09"
"C:\Users\Dionisio Lima\OneDrive\Área de Trabalho\SOUSA_2.0_PRODUCAO\node_modules\rxjs\dist\esm5\internal\operators\publishLast.js","361","03/08/2026 12:27:09"
"C:\Users\Dionisio Lima\OneDrive\Área de Trabalho\SOUSA_2.0_PRODUCAO\node_modules\rxjs\dist\esm5\internal\operators\publishReplay.js","619","03/08/2026 12:27:09"
"C:\Users\Dionisio Lima\OneDrive\Área de Trabalho\SOUSA_2.0_PRODUCAO\node_modules\rxjs\dist\esm5\internal\operators\race.js","397","03/08/2026 12:27:09"
"C:\Users\Dionisio Lima\OneDrive\Área de Trabalho\SOUSA_2.0_PRODUCAO\node_modules\rxjs\dist\esm5\internal\operators\raceWith.js","567","03/08/2026 12:27:09"
"C:\Users\Dionisio Lima\OneDrive\Área de Trabalho\SOUSA_2.0_PRODUCAO\node_modules\rxjs\dist\esm5\internal\operators\reduce.js","259","03/08/2026 12:27:09"
"C:\Users\Dionisio Lima\OneDrive\Área de Trabalho\SOUSA_2.0_PRODUCAO\node_modules\rxjs\dist\esm5\internal\operators\refCount.js","984","03/08/2026 12:27:09"
"C:\Users\Dionisio Lima\OneDrive\Área de Trabalho\SOUSA_2.0_PRODUCAO\node_modules\rxjs\dist\esm5\internal\operators\repeat.js","2263","03/08/2026 12:27:09"
"C:\Users\Dionisio Lima\OneDrive\Área de Trabalho\SOUSA_2.0_PRODUCAO\node_modules\rxjs\dist\esm5\internal\operators\repeatWhen.js","1796","03/08/2026 12:27:09"
"C:\Users\Dionisio Lima\OneDrive\Área de Trabalho\SOUSA_2.0_PRODUCAO\node_modules\rxjs\dist\esm5\internal\operators\retry.js","2810","03/08/2026 12:27:10"
"C:\Users\Dionisio Lima\OneDrive\Área de Trabalho\SOUSA_2.0_PRODUCAO\node_modules\rxjs\dist\esm5\internal\operators\retryWhen.js","1231","03/08/2026 12:27:10"
"C:\Users\Dionisio Lima\OneDrive\Área de Trabalho\SOUSA_2.0_PRODUCAO\node_modules\rxjs\dist\esm5\internal\operators\sample.js","836","03/08/2026 12:27:10"
"C:\Users\Dionisio Lima\OneDrive\Área de Trabalho\SOUSA_2.0_PRODUCAO\node_modules\rxjs\dist\esm5\internal\operators\sampleTime.js","337","03/08/2026 12:27:10"
"C:\Users\Dionisio Lima\OneDrive\Área de Trabalho\SOUSA_2.0_PRODUCAO\node_modules\rxjs\dist\esm5\internal\operators\scan.js","248","03/08/2026 12:27:10"
"C:\Users\Dionisio Lima\OneDrive\Área de Trabalho\SOUSA_2.0_PRODUCAO\node_modules\rxjs\dist\esm5\internal\operators\scanInternals.js","822","03/08/2026 12:27:10"
"C:\Users\Dionisio Lima\OneDrive\Área de Trabalho\SOUSA_2.0_PRODUCAO\node_modules\rxjs\dist\esm5\internal\operators\sequenceEqual.js","1717","03/08/2026 12:27:10"
"C:\Users\Dionisio Lima\OneDrive\Área de Trabalho\SOUSA_2.0_PRODUCAO\node_modules\rxjs\dist\esm5\internal\operators\share.js","3370","03/08/2026 12:27:10"
"C:\Users\Dionisio Lima\OneDrive\Área de Trabalho\SOUSA_2.0_PRODUCAO\node_modules\rxjs\dist\esm5\internal\operators\shareReplay.js","983","03/08/2026 12:27:10"
"C:\Users\Dionisio Lima\OneDrive\Área de Trabalho\SOUSA_2.0_PRODUCAO\node_modules\rxjs\dist\esm5\internal\operators\single.js","1163","03/08/2026 12:27:10"
"C:\Users\Dionisio Lima\OneDrive\Área de Trabalho\SOUSA_2.0_PRODUCAO\node_modules\rxjs\dist\esm5\internal\operators\skip.js","166","03/08/2026 12:27:10"
"C:\Users\Dionisio Lima\OneDrive\Área de Trabalho\SOUSA_2.0_PRODUCAO\node_modules\rxjs\dist\esm5\internal\operators\skipLast.js","979","03/08/2026 12:27:10"
"C:\Users\Dionisio Lima\OneDrive\Área de Trabalho\SOUSA_2.0_PRODUCAO\node_modules\rxjs\dist\esm5\internal\operators\skipUntil.js","772","03/08/2026 12:27:10"
"C:\Users\Dionisio Lima\OneDrive\Área de Trabalho\SOUSA_2.0_PRODUCAO\node_modules\rxjs\dist\esm5\internal\operators\skipWhile.js","463","03/08/2026 12:27:10"
"C:\Users\Dionisio Lima\OneDrive\Área de Trabalho\SOUSA_2.0_PRODUCAO\node_modules\rxjs\dist\esm5\internal\operators\startWith.js","521","03/08/2026 12:27:10"
"C:\Users\Dionisio Lima\OneDrive\Área de Trabalho\SOUSA_2.0_PRODUCAO\node_modules\rxjs\dist\esm5\internal\operators\subscribeOn.js","334","03/08/2026 12:27:10"
"C:\Users\Dionisio Lima\OneDrive\Área de Trabalho\SOUSA_2.0_PRODUCAO\node_modules\rxjs\dist\esm5\internal\operators\switchAll.js","187","03/08/2026 12:27:10"
"C:\Users\Dionisio Lima\OneDrive\Área de Trabalho\SOUSA_2.0_PRODUCAO\node_modules\rxjs\dist\esm5\internal\operators\switchMap.js","1230","03/08/2026 12:27:10"
"C:\Users\Dionisio Lima\OneDrive\Área de Trabalho\SOUSA_2.0_PRODUCAO\node_modules\rxjs\dist\esm5\internal\operators\switchMapTo.js","355","03/08/2026 12:27:10"
"C:\Users\Dionisio Lima\OneDrive\Área de Trabalho\SOUSA_2.0_PRODUCAO\node_modules\rxjs\dist\esm5\internal\operators\switchScan.js","512","03/08/2026 12:27:10"
"C:\Users\Dionisio Lima\OneDrive\Área de Trabalho\SOUSA_2.0_PRODUCAO\node_modules\rxjs\dist\esm5\internal\operators\take.js","689","03/08/2026 12:27:10"
"C:\Users\Dionisio Lima\OneDrive\Área de Trabalho\SOUSA_2.0_PRODUCAO\node_modules\rxjs\dist\esm5\internal\operators\takeLast.js","1387","03/08/2026 12:27:10"
"C:\Users\Dionisio Lima\OneDrive\Área de Trabalho\SOUSA_2.0_PRODUCAO\node_modules\rxjs\dist\esm5\internal\operators\takeUntil.js","521","03/08/2026 12:27:11"
"C:\Users\Dionisio Lima\OneDrive\Área de Trabalho\SOUSA_2.0_PRODUCAO\node_modules\rxjs\dist\esm5\internal\operators\takeWhile.js","582","03/08/2026 12:27:11"
"C:\Users\Dionisio Lima\OneDrive\Área de Trabalho\SOUSA_2.0_PRODUCAO\node_modules\rxjs\dist\esm5\internal\operators\tap.js","1784","03/08/2026 12:27:11"
"C:\Users\Dionisio Lima\OneDrive\Área de Trabalho\SOUSA_2.0_PRODUCAO\node_modules\rxjs\dist\esm5\internal\operators\throttle.js","1932","03/08/2026 12:27:11"
"C:\Users\Dionisio Lima\OneDrive\Área de Trabalho\SOUSA_2.0_PRODUCAO\node_modules\rxjs\dist\esm5\internal\operators\throttleTime.js","413","03/08/2026 12:27:11"
"C:\Users\Dionisio Lima\OneDrive\Área de Trabalho\SOUSA_2.0_PRODUCAO\node_modules\rxjs\dist\esm5\internal\operators\throwIfEmpty.js","721","03/08/2026 12:27:11"
"C:\Users\Dionisio Lima\OneDrive\Área de Trabalho\SOUSA_2.0_PRODUCAO\node_modules\rxjs\dist\esm5\internal\operators\timeInterval.js","862","03/08/2026 12:27:11"
"C:\Users\Dionisio Lima\OneDrive\Área de Trabalho\SOUSA_2.0_PRODUCAO\node_modules\rxjs\dist\esm5\internal\operators\timeout.js","2858","03/08/2026 12:27:11"
"C:\Users\Dionisio Lima\OneDrive\Área de Trabalho\SOUSA_2.0_PRODUCAO\node_modules\rxjs\dist\esm5\internal\operators\timeoutWith.js","870","03/08/2026 12:27:11"
"C:\Users\Dionisio Lima\OneDrive\Área de Trabalho\SOUSA_2.0_PRODUCAO\node_modules\rxjs\dist\esm5\internal\operators\timestamp.js","377","03/08/2026 12:27:11"
"C:\Users\Dionisio Lima\OneDrive\Área de Trabalho\SOUSA_2.0_PRODUCAO\node_modules\rxjs\dist\esm5\internal\operators\toArray.js","336","03/08/2026 12:27:11"
"C:\Users\Dionisio Lima\OneDrive\Área de Trabalho\SOUSA_2.0_PRODUCAO\node_modules\rxjs\dist\esm5\internal\operators\window.js","1298","03/08/2026 12:27:11"
"C:\Users\Dionisio Lima\OneDrive\Área de Trabalho\SOUSA_2.0_PRODUCAO\node_modules\rxjs\dist\esm5\internal\operators\windowCount.js","2066","03/08/2026 12:27:11"
"C:\Users\Dionisio Lima\OneDrive\Área de Trabalho\SOUSA_2.0_PRODUCAO\node_modules\rxjs\dist\esm5\internal\operators\windowTime.js","2959","03/08/2026 12:27:11"
"C:\Users\Dionisio Lima\OneDrive\Área de Trabalho\SOUSA_2.0_PRODUCAO\node_modules\rxjs\dist\esm5\internal\operators\windowToggle.js","2684","03/08/2026 12:27:11"
"C:\Users\Dionisio Lima\OneDrive\Área de Trabalho\SOUSA_2.0_PRODUCAO\node_modules\rxjs\dist\esm5\internal\operators\windowWhen.js","1613","03/08/2026 12:27:11"
"C:\Users\Dionisio Lima\OneDrive\Área de Trabalho\SOUSA_2.0_PRODUCAO\node_modules\rxjs\dist\esm5\internal\operators\withLatestFrom.js","1585","03/08/2026 12:27:11"
"C:\Users\Dionisio Lima\OneDrive\Área de Trabalho\SOUSA_2.0_PRODUCAO\node_modules\rxjs\dist\esm5\internal\operators\zip.js","471","03/08/2026 12:27:11"
"C:\Users\Dionisio Lima\OneDrive\Área de Trabalho\SOUSA_2.0_PRODUCAO\node_modules\rxjs\dist\esm5\internal\operators\zipAll.js","209","03/08/2026 12:27:11"
"C:\Users\Dionisio Lima\OneDrive\Área de Trabalho\SOUSA_2.0_PRODUCAO\node_modules\rxjs\dist\esm5\internal\operators\zipWith.js","336","03/08/2026 12:27:11"
"C:\Users\Dionisio Lima\OneDrive\Área de Trabalho\SOUSA_2.0_PRODUCAO\node_modules\rxjs\dist\esm5\internal\scheduled\scheduleArray.js","540","03/08/2026 12:27:10"
"C:\Users\Dionisio Lima\OneDrive\Área de Trabalho\SOUSA_2.0_PRODUCAO\node_modules\rxjs\dist\esm5\internal\scheduled\scheduleAsyncIterable.js","856","03/08/2026 12:27:10"
"C:\Users\Dionisio Lima\OneDrive\Área de Trabalho\SOUSA_2.0_PRODUCAO\node_modules\rxjs\dist\esm5\internal\scheduled\scheduled.js","1573","03/08/2026 12:27:10"
"C:\Users\Dionisio Lima\OneDrive\Área de Trabalho\SOUSA_2.0_PRODUCAO\node_modules\rxjs\dist\esm5\internal\scheduled\scheduleIterable.js","1238","03/08/2026 12:27:10"
"C:\Users\Dionisio Lima\OneDrive\Área de Trabalho\SOUSA_2.0_PRODUCAO\node_modules\rxjs\dist\esm5\internal\scheduled\scheduleObservable.js","344","03/08/2026 12:27:10"
"C:\Users\Dionisio Lima\OneDrive\Área de Trabalho\SOUSA_2.0_PRODUCAO\node_modules\rxjs\dist\esm5\internal\scheduled\schedulePromise.js","338","03/08/2026 12:27:10"
"C:\Users\Dionisio Lima\OneDrive\Área de Trabalho\SOUSA_2.0_PRODUCAO\node_modules\rxjs\dist\esm5\internal\scheduled\scheduleReadableStreamLike.js","355","03/08/2026 12:27:10"
"C:\Users\Dionisio Lima\OneDrive\Área de Trabalho\SOUSA_2.0_PRODUCAO\node_modules\rxjs\dist\esm5\internal\scheduler\Action.js","456","03/08/2026 12:26:53"
"C:\Users\Dionisio Lima\OneDrive\Área de Trabalho\SOUSA_2.0_PRODUCAO\node_modules\rxjs\dist\esm5\internal\scheduler\animationFrame.js","315","03/08/2026 12:26:56"
"C:\Users\Dionisio Lima\OneDrive\Área de Trabalho\SOUSA_2.0_PRODUCAO\node_modules\rxjs\dist\esm5\internal\scheduler\AnimationFrameAction.js","1694","03/08/2026 12:26:56"
"C:\Users\Dionisio Lima\OneDrive\Área de Trabalho\SOUSA_2.0_PRODUCAO\node_modules\rxjs\dist\esm5\internal\scheduler\animationFrameProvider.js","1597","03/08/2026 12:26:57"
"C:\Users\Dionisio Lima\OneDrive\Área de Trabalho\SOUSA_2.0_PRODUCAO\node_modules\rxjs\dist\esm5\internal\scheduler\AnimationFrameScheduler.js","1273","03/08/2026 12:26:57"
"C:\Users\Dionisio Lima\OneDrive\Área de Trabalho\SOUSA_2.0_PRODUCAO\node_modules\rxjs\dist\esm5\internal\scheduler\asap.js","215","03/08/2026 12:26:59"
"C:\Users\Dionisio Lima\OneDrive\Área de Trabalho\SOUSA_2.0_PRODUCAO\node_modules\rxjs\dist\esm5\internal\scheduler\AsapAction.js","1605","03/08/2026 12:26:59"
"C:\Users\Dionisio Lima\OneDrive\Área de Trabalho\SOUSA_2.0_PRODUCAO\node_modules\rxjs\dist\esm5\internal\scheduler\AsapScheduler.js","1088","03/08/2026 12:26:59"
"C:\Users\Dionisio Lima\OneDrive\Área de Trabalho\SOUSA_2.0_PRODUCAO\node_modules\rxjs\dist\esm5\internal\scheduler\async.js","225","03/08/2026 12:27:00"
"C:\Users\Dionisio Lima\OneDrive\Área de Trabalho\SOUSA_2.0_PRODUCAO\node_modules\rxjs\dist\esm5\internal\scheduler\AsyncAction.js","3131","03/08/2026 12:27:00"
"C:\Users\Dionisio Lima\OneDrive\Área de Trabalho\SOUSA_2.0_PRODUCAO\node_modules\rxjs\dist\esm5\internal\scheduler\AsyncScheduler.js","1125","03/08/2026 12:27:00"
"C:\Users\Dionisio Lima\OneDrive\Área de Trabalho\SOUSA_2.0_PRODUCAO\node_modules\rxjs\dist\esm5\internal\scheduler\dateTimestampProvider.js","207","03/08/2026 12:27:03"
"C:\Users\Dionisio Lima\OneDrive\Área de Trabalho\SOUSA_2.0_PRODUCAO\node_modules\rxjs\dist\esm5\internal\scheduler\immediateProvider.js","880","03/08/2026 12:27:06"
"C:\Users\Dionisio Lima\OneDrive\Área de Trabalho\SOUSA_2.0_PRODUCAO\node_modules\rxjs\dist\esm5\internal\scheduler\intervalProvider.js","897","03/08/2026 12:27:07"
"C:\Users\Dionisio Lima\OneDrive\Área de Trabalho\SOUSA_2.0_PRODUCAO\node_modules\rxjs\dist\esm5\internal\scheduler\performanceTimestampProvider.js","235","03/08/2026 12:27:09"
"C:\Users\Dionisio Lima\OneDrive\Área de Trabalho\SOUSA_2.0_PRODUCAO\node_modules\rxjs\dist\esm5\internal\scheduler\queue.js","225","03/08/2026 12:27:09"
"C:\Users\Dionisio Lima\OneDrive\Área de Trabalho\SOUSA_2.0_PRODUCAO\node_modules\rxjs\dist\esm5\internal\scheduler\QueueAction.js","1339","03/08/2026 12:27:09"
"C:\Users\Dionisio Lima\OneDrive\Área de Trabalho\SOUSA_2.0_PRODUCAO\node_modules\rxjs\dist\esm5\internal\scheduler\QueueScheduler.js","394","03/08/2026 12:27:09"
"C:\Users\Dionisio Lima\OneDrive\Área de Trabalho\SOUSA_2.0_PRODUCAO\node_modules\rxjs\dist\esm5\internal\scheduler\timeoutProvider.js","886","03/08/2026 12:27:11"
"C:\Users\Dionisio Lima\OneDrive\Área de Trabalho\SOUSA_2.0_PRODUCAO\node_modules\rxjs\dist\esm5\internal\scheduler\timerHandle.js","50","03/08/2026 12:27:11"
"C:\Users\Dionisio Lima\OneDrive\Área de Trabalho\SOUSA_2.0_PRODUCAO\node_modules\rxjs\dist\esm5\internal\scheduler\VirtualTimeScheduler.js","3632","03/08/2026 12:27:11"
"C:\Users\Dionisio Lima\OneDrive\Área de Trabalho\SOUSA_2.0_PRODUCAO\node_modules\rxjs\dist\esm5\internal\symbol\iterator.js","242","03/08/2026 12:27:07"
"C:\Users\Dionisio Lima\OneDrive\Área de Trabalho\SOUSA_2.0_PRODUCAO\node_modules\rxjs\dist\esm5\internal\symbol\observable.js","161","03/08/2026 12:27:08"
"C:\Users\Dionisio Lima\OneDrive\Área de Trabalho\SOUSA_2.0_PRODUCAO\node_modules\rxjs\dist\esm5\internal\testing\ColdObservable.js","1719","03/08/2026 12:27:02"
"C:\Users\Dionisio Lima\OneDrive\Área de Trabalho\SOUSA_2.0_PRODUCAO\node_modules\rxjs\dist\esm5\internal\testing\HotObservable.js","1741","03/08/2026 12:27:05"
"C:\Users\Dionisio Lima\OneDrive\Área de Trabalho\SOUSA_2.0_PRODUCAO\node_modules\rxjs\dist\esm5\internal\testing\SubscriptionLog.js","391","03/08/2026 12:27:10"
"C:\Users\Dionisio Lima\OneDrive\Área de Trabalho\SOUSA_2.0_PRODUCAO\node_modules\rxjs\dist\esm5\internal\testing\SubscriptionLoggable.js","797","03/08/2026 12:27:10"
"C:\Users\Dionisio Lima\OneDrive\Área de Trabalho\SOUSA_2.0_PRODUCAO\node_modules\rxjs\dist\esm5\internal\testing\TestMessage.js","50","03/08/2026 12:27:11"
"C:\Users\Dionisio Lima\OneDrive\Área de Trabalho\SOUSA_2.0_PRODUCAO\node_modules\rxjs\dist\esm5\internal\testing\TestScheduler.js","25145","03/08/2026 12:27:11"
"C:\Users\Dionisio Lima\OneDrive\Área de Trabalho\SOUSA_2.0_PRODUCAO\node_modules\rxjs\dist\esm5\internal\util\applyMixins.js","466","03/08/2026 12:26:58"
"C:\Users\Dionisio Lima\OneDrive\Área de Trabalho\SOUSA_2.0_PRODUCAO\node_modules\rxjs\dist\esm5\internal\util\args.js","500","03/08/2026 12:26:58"
"C:\Users\Dionisio Lima\OneDrive\Área de Trabalho\SOUSA_2.0_PRODUCAO\node_modules\rxjs\dist\esm5\internal\util\argsArgArrayOrObject.js","746","03/08/2026 12:26:58"
"C:\Users\Dionisio Lima\OneDrive\Área de Trabalho\SOUSA_2.0_PRODUCAO\node_modules\rxjs\dist\esm5\internal\util\argsOrArgArray.js","179","03/08/2026 12:26:59"
"C:\Users\Dionisio Lima\OneDrive\Área de Trabalho\SOUSA_2.0_PRODUCAO\node_modules\rxjs\dist\esm5\internal\util\ArgumentOutOfRangeError.js","360","03/08/2026 12:26:59"
"C:\Users\Dionisio Lima\OneDrive\Área de Trabalho\SOUSA_2.0_PRODUCAO\node_modules\rxjs\dist\esm5\internal\util\arrRemove.js","182","03/08/2026 12:26:59"
"C:\Users\Dionisio Lima\OneDrive\Área de Trabalho\SOUSA_2.0_PRODUCAO\node_modules\rxjs\dist\esm5\internal\util\createErrorClass.js","377","03/08/2026 12:27:03"
"C:\Users\Dionisio Lima\OneDrive\Área de Trabalho\SOUSA_2.0_PRODUCAO\node_modules\rxjs\dist\esm5\internal\util\createObject.js","190","03/08/2026 12:27:03"
"C:\Users\Dionisio Lima\OneDrive\Área de Trabalho\SOUSA_2.0_PRODUCAO\node_modules\rxjs\dist\esm5\internal\util\EmptyError.js","310","03/08/2026 12:27:04"
"C:\Users\Dionisio Lima\OneDrive\Área de Trabalho\SOUSA_2.0_PRODUCAO\node_modules\rxjs\dist\esm5\internal\util\errorContext.js","750","03/08/2026 12:27:04"
"C:\Users\Dionisio Lima\OneDrive\Área de Trabalho\SOUSA_2.0_PRODUCAO\node_modules\rxjs\dist\esm5\internal\util\executeSchedule.js","579","03/08/2026 12:27:04"
"C:\Users\Dionisio Lima\OneDrive\Área de Trabalho\SOUSA_2.0_PRODUCAO\node_modules\rxjs\dist\esm5\internal\util\identity.js","82","03/08/2026 12:27:05"
"C:\Users\Dionisio Lima\OneDrive\Área de Trabalho\SOUSA_2.0_PRODUCAO\node_modules\rxjs\dist\esm5\internal\util\Immediate.js","772","03/08/2026 12:27:06"
"C:\Users\Dionisio Lima\OneDrive\Área de Trabalho\SOUSA_2.0_PRODUCAO\node_modules\rxjs\dist\esm5\internal\util\isArrayLike.js","153","03/08/2026 12:27:07"
"C:\Users\Dionisio Lima\OneDrive\Área de Trabalho\SOUSA_2.0_PRODUCAO\node_modules\rxjs\dist\esm5\internal\util\isAsyncIterable.js","243","03/08/2026 12:27:07"
"C:\Users\Dionisio Lima\OneDrive\Área de Trabalho\SOUSA_2.0_PRODUCAO\node_modules\rxjs\dist\esm5\internal\util\isDate.js","124","03/08/2026 12:27:07"
"C:\Users\Dionisio Lima\OneDrive\Área de Trabalho\SOUSA_2.0_PRODUCAO\node_modules\rxjs\dist\esm5\internal\util\isFunction.js","116","03/08/2026 12:27:07"
"C:\Users\Dionisio Lima\OneDrive\Área de Trabalho\SOUSA_2.0_PRODUCAO\node_modules\rxjs\dist\esm5\internal\util\isInteropObservable.js","258","03/08/2026 12:27:07"
"C:\Users\Dionisio Lima\OneDrive\Área de Trabalho\SOUSA_2.0_PRODUCAO\node_modules\rxjs\dist\esm5\internal\util\isIterable.js","278","03/08/2026 12:27:07"
"C:\Users\Dionisio Lima\OneDrive\Área de Trabalho\SOUSA_2.0_PRODUCAO\node_modules\rxjs\dist\esm5\internal\util\isObservable.js","269","03/08/2026 12:27:07"
"C:\Users\Dionisio Lima\OneDrive\Área de Trabalho\SOUSA_2.0_PRODUCAO\node_modules\rxjs\dist\esm5\internal\util\isPromise.js","198","03/08/2026 12:27:07"
"C:\Users\Dionisio Lima\OneDrive\Área de Trabalho\SOUSA_2.0_PRODUCAO\node_modules\rxjs\dist\esm5\internal\util\isReadableStreamLike.js","1546","03/08/2026 12:27:07"
"C:\Users\Dionisio Lima\OneDrive\Área de Trabalho\SOUSA_2.0_PRODUCAO\node_modules\rxjs\dist\esm5\internal\util\isScheduler.js","169","03/08/2026 12:27:07"
"C:\Users\Dionisio Lima\OneDrive\Área de Trabalho\SOUSA_2.0_PRODUCAO\node_modules\rxjs\dist\esm5\internal\util\lift.js","630","03/08/2026 12:27:08"
"C:\Users\Dionisio Lima\OneDrive\Área de Trabalho\SOUSA_2.0_PRODUCAO\node_modules\rxjs\dist\esm5\internal\util\mapOneOrManyArgs.js","392","03/08/2026 12:27:08"
"C:\Users\Dionisio Lima\OneDrive\Área de Trabalho\SOUSA_2.0_PRODUCAO\node_modules\rxjs\dist\esm5\internal\util\noop.js","59","03/08/2026 12:27:08"
"C:\Users\Dionisio Lima\OneDrive\Área de Trabalho\SOUSA_2.0_PRODUCAO\node_modules\rxjs\dist\esm5\internal\util\not.js","152","03/08/2026 12:27:08"
"C:\Users\Dionisio Lima\OneDrive\Área de Trabalho\SOUSA_2.0_PRODUCAO\node_modules\rxjs\dist\esm5\internal\util\NotFoundError.js","311","03/08/2026 12:27:08"
"C:\Users\Dionisio Lima\OneDrive\Área de Trabalho\SOUSA_2.0_PRODUCAO\node_modules\rxjs\dist\esm5\internal\util\ObjectUnsubscribedError.js","358","03/08/2026 12:27:08"
"C:\Users\Dionisio Lima\OneDrive\Área de Trabalho\SOUSA_2.0_PRODUCAO\node_modules\rxjs\dist\esm5\internal\util\pipe.js","511","03/08/2026 12:27:09"
"C:\Users\Dionisio Lima\OneDrive\Área de Trabalho\SOUSA_2.0_PRODUCAO\node_modules\rxjs\dist\esm5\internal\util\reportUnhandledError.js","428","03/08/2026 12:27:10"
"C:\Users\Dionisio Lima\OneDrive\Área de Trabalho\SOUSA_2.0_PRODUCAO\node_modules\rxjs\dist\esm5\internal\util\SequenceError.js","311","03/08/2026 12:27:10"
"C:\Users\Dionisio Lima\OneDrive\Área de Trabalho\SOUSA_2.0_PRODUCAO\node_modules\rxjs\dist\esm5\internal\util\subscribeToArray.js","276","03/08/2026 12:27:10"
"C:\Users\Dionisio Lima\OneDrive\Área de Trabalho\SOUSA_2.0_PRODUCAO\node_modules\rxjs\dist\esm5\internal\util\throwUnobservableError.js","368","03/08/2026 12:27:11"
"C:\Users\Dionisio Lima\OneDrive\Área de Trabalho\SOUSA_2.0_PRODUCAO\node_modules\rxjs\dist\esm5\internal\util\UnsubscriptionError.js","541","03/08/2026 12:27:11"
"C:\Users\Dionisio Lima\OneDrive\Área de Trabalho\SOUSA_2.0_PRODUCAO\node_modules\rxjs\dist\esm5\internal\util\workarounds.js","50","03/08/2026 12:27:11"
"C:\Users\Dionisio Lima\OneDrive\Área de Trabalho\SOUSA_2.0_PRODUCAO\node_modules\rxjs\dist\esm5\internal\AnyCatcher.js","49","03/08/2026 12:26:57"
"C:\Users\Dionisio Lima\OneDrive\Área de Trabalho\SOUSA_2.0_PRODUCAO\node_modules\rxjs\dist\esm5\internal\AsyncSubject.js","1484","03/08/2026 12:27:00"
"C:\Users\Dionisio Lima\OneDrive\Área de Trabalho\SOUSA_2.0_PRODUCAO\node_modules\rxjs\dist\esm5\internal\BehaviorSubject.js","1262","03/08/2026 12:27:00"
"C:\Users\Dionisio Lima\OneDrive\Área de Trabalho\SOUSA_2.0_PRODUCAO\node_modules\rxjs\dist\esm5\internal\config.js","231","03/08/2026 12:27:03"
"C:\Users\Dionisio Lima\OneDrive\Área de Trabalho\SOUSA_2.0_PRODUCAO\node_modules\rxjs\dist\esm5\internal\firstValueFrom.js","784","03/08/2026 12:27:05"
"C:\Users\Dionisio Lima\OneDrive\Área de Trabalho\SOUSA_2.0_PRODUCAO\node_modules\rxjs\dist\esm5\internal\lastValueFrom.js","814","03/08/2026 12:27:08"
"C:\Users\Dionisio Lima\OneDrive\Área de Trabalho\SOUSA_2.0_PRODUCAO\node_modules\rxjs\dist\esm5\internal\Notification.js","3188","03/08/2026 12:27:08"
"C:\Users\Dionisio Lima\OneDrive\Área de Trabalho\SOUSA_2.0_PRODUCAO\node_modules\rxjs\dist\esm5\internal\NotificationFactories.js","499","03/08/2026 12:27:08"
"C:\Users\Dionisio Lima\OneDrive\Área de Trabalho\SOUSA_2.0_PRODUCAO\node_modules\rxjs\dist\esm5\internal\Observable.js","3805","03/08/2026 12:27:08"
"C:\Users\Dionisio Lima\OneDrive\Área de Trabalho\SOUSA_2.0_PRODUCAO\node_modules\rxjs\dist\esm5\internal\Operator.js","47","03/08/2026 12:27:09"
"C:\Users\Dionisio Lima\OneDrive\Área de Trabalho\SOUSA_2.0_PRODUCAO\node_modules\rxjs\dist\esm5\internal\ReplaySubject.js","2834","03/08/2026 12:27:10"
"C:\Users\Dionisio Lima\OneDrive\Área de Trabalho\SOUSA_2.0_PRODUCAO\node_modules\rxjs\dist\esm5\internal\Scheduler.js","629","03/08/2026 12:27:10"
"C:\Users\Dionisio Lima\OneDrive\Área de Trabalho\SOUSA_2.0_PRODUCAO\node_modules\rxjs\dist\esm5\internal\Subject.js","6111","03/08/2026 12:27:10"
"C:\Users\Dionisio Lima\OneDrive\Área de Trabalho\SOUSA_2.0_PRODUCAO\node_modules\rxjs\dist\esm5\internal\Subscriber.js","6027","03/08/2026 12:27:10"
"C:\Users\Dionisio Lima\OneDrive\Área de Trabalho\SOUSA_2.0_PRODUCAO\node_modules\rxjs\dist\esm5\internal\Subscription.js","5677","03/08/2026 12:27:10"
"C:\Users\Dionisio Lima\OneDrive\Área de Trabalho\SOUSA_2.0_PRODUCAO\node_modules\rxjs\dist\esm5\internal\types.js","44","03/08/2026 12:27:11"
"C:\Users\Dionisio Lima\OneDrive\Área de Trabalho\SOUSA_2.0_PRODUCAO\node_modules\rxjs\dist\esm5\operators\index.js","6876","03/08/2026 12:27:06"
"C:\Users\Dionisio Lima\OneDrive\Área de Trabalho\SOUSA_2.0_PRODUCAO\node_modules\rxjs\dist\esm5\testing\index.js","100","03/08/2026 12:27:06"
"C:\Users\Dionisio Lima\OneDrive\Área de Trabalho\SOUSA_2.0_PRODUCAO\node_modules\rxjs\dist\esm5\webSocket\index.js","192","03/08/2026 12:27:07"
"C:\Users\Dionisio Lima\OneDrive\Área de Trabalho\SOUSA_2.0_PRODUCAO\node_modules\rxjs\dist\esm5\index.js","10122","03/08/2026 12:27:06"
"C:\Users\Dionisio Lima\OneDrive\Área de Trabalho\SOUSA_2.0_PRODUCAO\node_modules\rxjs\fetch\package.json","221","03/08/2026 12:27:11"
"C:\Users\Dionisio Lima\OneDrive\Área de Trabalho\SOUSA_2.0_PRODUCAO\node_modules\rxjs\operators\package.json","241","03/08/2026 12:27:11"
"C:\Users\Dionisio Lima\OneDrive\Área de Trabalho\SOUSA_2.0_PRODUCAO\node_modules\rxjs\src\Rx.global.js","137","03/08/2026 12:27:10"
"C:\Users\Dionisio Lima\OneDrive\Área de Trabalho\SOUSA_2.0_PRODUCAO\node_modules\rxjs\src\tsconfig.base.json","200","03/08/2026 12:27:11"
"C:\Users\Dionisio Lima\OneDrive\Área de Trabalho\SOUSA_2.0_PRODUCAO\node_modules\rxjs\src\tsconfig.cjs.json","211","03/08/2026 12:27:11"
"C:\Users\Dionisio Lima\OneDrive\Área de Trabalho\SOUSA_2.0_PRODUCAO\node_modules\rxjs\src\tsconfig.cjs.spec.json","275","03/08/2026 12:27:11"
"C:\Users\Dionisio Lima\OneDrive\Área de Trabalho\SOUSA_2.0_PRODUCAO\node_modules\rxjs\src\tsconfig.esm.json","171","03/08/2026 12:27:11"
"C:\Users\Dionisio Lima\OneDrive\Área de Trabalho\SOUSA_2.0_PRODUCAO\node_modules\rxjs\src\tsconfig.esm5.json","237","03/08/2026 12:27:11"
"C:\Users\Dionisio Lima\OneDrive\Área de Trabalho\SOUSA_2.0_PRODUCAO\node_modules\rxjs\src\tsconfig.esm5.rollup.json","152","03/08/2026 12:27:11"
"C:\Users\Dionisio Lima\OneDrive\Área de Trabalho\SOUSA_2.0_PRODUCAO\node_modules\rxjs\src\tsconfig.types.json","327","03/08/2026 12:27:11"
"C:\Users\Dionisio Lima\OneDrive\Área de Trabalho\SOUSA_2.0_PRODUCAO\node_modules\rxjs\src\tsconfig.types.spec.json","140","03/08/2026 12:27:11"
"C:\Users\Dionisio Lima\OneDrive\Área de Trabalho\SOUSA_2.0_PRODUCAO\node_modules\rxjs\testing\package.json","231","03/08/2026 12:27:11"
"C:\Users\Dionisio Lima\OneDrive\Área de Trabalho\SOUSA_2.0_PRODUCAO\node_modules\rxjs\webSocket\package.json","241","03/08/2026 12:27:11"
"C:\Users\Dionisio Lima\OneDrive\Área de Trabalho\SOUSA_2.0_PRODUCAO\node_modules\rxjs\package.json","8116","03/08/2026 12:27:11"
"C:\Users\Dionisio Lima\OneDrive\Área de Trabalho\SOUSA_2.0_PRODUCAO\node_modules\rxjs\tsconfig.json","692","03/08/2026 12:27:11"
"C:\Users\Dionisio Lima\OneDrive\Área de Trabalho\SOUSA_2.0_PRODUCAO\node_modules\safe-buffer\index.js","1670","03/08/2026 12:26:52"
"C:\Users\Dionisio Lima\OneDrive\Área de Trabalho\SOUSA_2.0_PRODUCAO\node_modules\safe-buffer\package.json","1057","03/08/2026 12:26:52"
"C:\Users\Dionisio Lima\OneDrive\Área de Trabalho\SOUSA_2.0_PRODUCAO\node_modules\safer-buffer\dangerous.js","1483","03/08/2026 12:26:52"
"C:\Users\Dionisio Lima\OneDrive\Área de Trabalho\SOUSA_2.0_PRODUCAO\node_modules\safer-buffer\package.json","822","03/08/2026 12:26:52"
"C:\Users\Dionisio Lima\OneDrive\Área de Trabalho\SOUSA_2.0_PRODUCAO\node_modules\safer-buffer\safer.js","2110","03/08/2026 12:26:53"
"C:\Users\Dionisio Lima\OneDrive\Área de Trabalho\SOUSA_2.0_PRODUCAO\node_modules\safer-buffer\tests.js","15735","03/08/2026 12:26:53"
"C:\Users\Dionisio Lima\OneDrive\Área de Trabalho\SOUSA_2.0_PRODUCAO\node_modules\semver\bin\semver.js","4957","03/08/2026 12:26:57"
"C:\Users\Dionisio Lima\OneDrive\Área de Trabalho\SOUSA_2.0_PRODUCAO\node_modules\semver\classes\comparator.js","3631","03/08/2026 12:26:53"
"C:\Users\Dionisio Lima\OneDrive\Área de Trabalho\SOUSA_2.0_PRODUCAO\node_modules\semver\classes\index.js","143","03/08/2026 12:26:55"
"C:\Users\Dionisio Lima\OneDrive\Área de Trabalho\SOUSA_2.0_PRODUCAO\node_modules\semver\classes\range.js","15647","03/08/2026 12:26:57"
"C:\Users\Dionisio Lima\OneDrive\Área de Trabalho\SOUSA_2.0_PRODUCAO\node_modules\semver\classes\semver.js","9891","03/08/2026 12:26:57"
"C:\Users\Dionisio Lima\OneDrive\Área de Trabalho\SOUSA_2.0_PRODUCAO\node_modules\semver\functions\clean.js","205","03/08/2026 12:26:52"
"C:\Users\Dionisio Lima\OneDrive\Área de Trabalho\SOUSA_2.0_PRODUCAO\node_modules\semver\functions\cmp.js","961","03/08/2026 12:26:53"
"C:\Users\Dionisio Lima\OneDrive\Área de Trabalho\SOUSA_2.0_PRODUCAO\node_modules\semver\functions\coerce.js","2004","03/08/2026 12:26:53"
"C:\Users\Dionisio Lima\OneDrive\Área de Trabalho\SOUSA_2.0_PRODUCAO\node_modules\semver\functions\compare-build.js","281","03/08/2026 12:26:53"
"C:\Users\Dionisio Lima\OneDrive\Área de Trabalho\SOUSA_2.0_PRODUCAO\node_modules\semver\functions\compare-loose.js","132","03/08/2026 12:26:54"
"C:\Users\Dionisio Lima\OneDrive\Área de Trabalho\SOUSA_2.0_PRODUCAO\node_modules\semver\functions\compare.js","170","03/08/2026 12:26:54"
"C:\Users\Dionisio Lima\OneDrive\Área de Trabalho\SOUSA_2.0_PRODUCAO\node_modules\semver\functions\diff.js","1423","03/08/2026 12:26:55"
"C:\Users\Dionisio Lima\OneDrive\Área de Trabalho\SOUSA_2.0_PRODUCAO\node_modules\semver\functions\eq.js","126","03/08/2026 12:26:55"
"C:\Users\Dionisio Lima\OneDrive\Área de Trabalho\SOUSA_2.0_PRODUCAO\node_modules\semver\functions\gt.js","124","03/08/2026 12:26:55"
"C:\Users\Dionisio Lima\OneDrive\Área de Trabalho\SOUSA_2.0_PRODUCAO\node_modules\semver\functions\gte.js","127","03/08/2026 12:26:55"
"C:\Users\Dionisio Lima\OneDrive\Área de Trabalho\SOUSA_2.0_PRODUCAO\node_modules\semver\functions\inc.js","478","03/08/2026 12:26:55"
"C:\Users\Dionisio Lima\OneDrive\Área de Trabalho\SOUSA_2.0_PRODUCAO\node_modules\semver\functions\lt.js","124","03/08/2026 12:26:56"
"C:\Users\Dionisio Lima\OneDrive\Área de Trabalho\SOUSA_2.0_PRODUCAO\node_modules\semver\functions\lte.js","127","03/08/2026 12:26:56"
"C:\Users\Dionisio Lima\OneDrive\Área de Trabalho\SOUSA_2.0_PRODUCAO\node_modules\semver\functions\major.js","136","03/08/2026 12:26:56"
"C:\Users\Dionisio Lima\OneDrive\Área de Trabalho\SOUSA_2.0_PRODUCAO\node_modules\semver\functions\minor.js","136","03/08/2026 12:26:56"
"C:\Users\Dionisio Lima\OneDrive\Área de Trabalho\SOUSA_2.0_PRODUCAO\node_modules\semver\functions\neq.js","128","03/08/2026 12:26:56"
"C:\Users\Dionisio Lima\OneDrive\Área de Trabalho\SOUSA_2.0_PRODUCAO\node_modules\semver\functions\parse.js","331","03/08/2026 12:26:57"
"C:\Users\Dionisio Lima\OneDrive\Área de Trabalho\SOUSA_2.0_PRODUCAO\node_modules\semver\functions\patch.js","136","03/08/2026 12:26:57"
"C:\Users\Dionisio Lima\OneDrive\Área de Trabalho\SOUSA_2.0_PRODUCAO\node_modules\semver\functions\prerelease.js","234","03/08/2026 12:26:57"
"C:\Users\Dionisio Lima\OneDrive\Área de Trabalho\SOUSA_2.0_PRODUCAO\node_modules\semver\functions\rcompare.js","132","03/08/2026 12:26:57"
"C:\Users\Dionisio Lima\OneDrive\Área de Trabalho\SOUSA_2.0_PRODUCAO\node_modules\semver\functions\rsort.js","163","03/08/2026 12:26:57"
"C:\Users\Dionisio Lima\OneDrive\Área de Trabalho\SOUSA_2.0_PRODUCAO\node_modules\semver\functions\satisfies.js","247","03/08/2026 12:26:57"
"C:\Users\Dionisio Lima\OneDrive\Área de Trabalho\SOUSA_2.0_PRODUCAO\node_modules\semver\functions\sort.js","161","03/08/2026 12:26:57"
"C:\Users\Dionisio Lima\OneDrive\Área de Trabalho\SOUSA_2.0_PRODUCAO\node_modules\semver\functions\truncate.js","1021","03/08/2026 12:26:57"
"C:\Users\Dionisio Lima\OneDrive\Área de Trabalho\SOUSA_2.0_PRODUCAO\node_modules\semver\functions\valid.js","176","03/08/2026 12:26:57"
"C:\Users\Dionisio Lima\OneDrive\Área de Trabalho\SOUSA_2.0_PRODUCAO\node_modules\semver\internal\constants.js","873","03/08/2026 12:26:55"
"C:\Users\Dionisio Lima\OneDrive\Área de Trabalho\SOUSA_2.0_PRODUCAO\node_modules\semver\internal\debug.js","240","03/08/2026 12:26:55"
"C:\Users\Dionisio Lima\OneDrive\Área de Trabalho\SOUSA_2.0_PRODUCAO\node_modules\semver\internal\identifiers.js","525","03/08/2026 12:26:55"
"C:\Users\Dionisio Lima\OneDrive\Área de Trabalho\SOUSA_2.0_PRODUCAO\node_modules\semver\internal\lrucache.js","802","03/08/2026 12:26:56"
"C:\Users\Dionisio Lima\OneDrive\Área de Trabalho\SOUSA_2.0_PRODUCAO\node_modules\semver\internal\parse-options.js","338","03/08/2026 12:26:57"
"C:\Users\Dionisio Lima\OneDrive\Área de Trabalho\SOUSA_2.0_PRODUCAO\node_modules\semver\internal\re.js","8139","03/08/2026 12:26:57"
"C:\Users\Dionisio Lima\OneDrive\Área de Trabalho\SOUSA_2.0_PRODUCAO\node_modules\semver\ranges\gtr.js","231","03/08/2026 12:26:55"
"C:\Users\Dionisio Lima\OneDrive\Área de Trabalho\SOUSA_2.0_PRODUCAO\node_modules\semver\ranges\intersects.js","224","03/08/2026 12:26:56"
"C:\Users\Dionisio Lima\OneDrive\Área de Trabalho\SOUSA_2.0_PRODUCAO\node_modules\semver\ranges\ltr.js","227","03/08/2026 12:26:56"
"C:\Users\Dionisio Lima\OneDrive\Área de Trabalho\SOUSA_2.0_PRODUCAO\node_modules\semver\ranges\max-satisfying.js","593","03/08/2026 12:26:56"
"C:\Users\Dionisio Lima\OneDrive\Área de Trabalho\SOUSA_2.0_PRODUCAO\node_modules\semver\ranges\min-satisfying.js","591","03/08/2026 12:26:56"
"C:\Users\Dionisio Lima\OneDrive\Área de Trabalho\SOUSA_2.0_PRODUCAO\node_modules\semver\ranges\min-version.js","1514","03/08/2026 12:26:56"
"C:\Users\Dionisio Lima\OneDrive\Área de Trabalho\SOUSA_2.0_PRODUCAO\node_modules\semver\ranges\outside.js","2204","03/08/2026 12:26:56"
"C:\Users\Dionisio Lima\OneDrive\Área de Trabalho\SOUSA_2.0_PRODUCAO\node_modules\semver\ranges\simplify.js","1355","03/08/2026 12:26:57"
"C:\Users\Dionisio Lima\OneDrive\Área de Trabalho\SOUSA_2.0_PRODUCAO\node_modules\semver\ranges\subset.js","7478","03/08/2026 12:26:57"
"C:\Users\Dionisio Lima\OneDrive\Área de Trabalho\SOUSA_2.0_PRODUCAO\node_modules\semver\ranges\to-comparators.js","282","03/08/2026 12:26:57"
"C:\Users\Dionisio Lima\OneDrive\Área de Trabalho\SOUSA_2.0_PRODUCAO\node_modules\semver\ranges\valid.js","326","03/08/2026 12:26:57"
"C:\Users\Dionisio Lima\OneDrive\Área de Trabalho\SOUSA_2.0_PRODUCAO\node_modules\semver\index.js","2691","03/08/2026 12:26:56"
"C:\Users\Dionisio Lima\OneDrive\Área de Trabalho\SOUSA_2.0_PRODUCAO\node_modules\semver\package.json","1661","03/08/2026 12:26:57"
"C:\Users\Dionisio Lima\OneDrive\Área de Trabalho\SOUSA_2.0_PRODUCAO\node_modules\semver\preload.js","83","03/08/2026 12:26:57"
"C:\Users\Dionisio Lima\OneDrive\Área de Trabalho\SOUSA_2.0_PRODUCAO\node_modules\send\index.js","20341","03/08/2026 12:26:52"
"C:\Users\Dionisio Lima\OneDrive\Área de Trabalho\SOUSA_2.0_PRODUCAO\node_modules\send\package.json","1669","03/08/2026 12:26:52"
"C:\Users\Dionisio Lima\OneDrive\Área de Trabalho\SOUSA_2.0_PRODUCAO\node_modules\serve-static\index.js","4489","03/08/2026 12:26:52"
"C:\Users\Dionisio Lima\OneDrive\Área de Trabalho\SOUSA_2.0_PRODUCAO\node_modules\serve-static\package.json","1193","03/08/2026 12:26:52"
"C:\Users\Dionisio Lima\OneDrive\Área de Trabalho\SOUSA_2.0_PRODUCAO\node_modules\server-destroy\index.js","430","03/08/2026 12:26:52"
"C:\Users\Dionisio Lima\OneDrive\Área de Trabalho\SOUSA_2.0_PRODUCAO\node_modules\server-destroy\package.json","476","03/08/2026 12:26:52"
"C:\Users\Dionisio Lima\OneDrive\Área de Trabalho\SOUSA_2.0_PRODUCAO\node_modules\server-destroy\test.js","639","03/08/2026 12:26:53"
"C:\Users\Dionisio Lima\OneDrive\Área de Trabalho\SOUSA_2.0_PRODUCAO\node_modules\setprototypeof\test\index.js","690","03/08/2026 12:26:53"
"C:\Users\Dionisio Lima\OneDrive\Área de Trabalho\SOUSA_2.0_PRODUCAO\node_modules\setprototypeof\index.js","407","03/08/2026 12:26:52"
"C:\Users\Dionisio Lima\OneDrive\Área de Trabalho\SOUSA_2.0_PRODUCAO\node_modules\setprototypeof\package.json","1264","03/08/2026 12:26:52"
"C:\Users\Dionisio Lima\OneDrive\Área de Trabalho\SOUSA_2.0_PRODUCAO\node_modules\shebang-command\index.js","387","03/08/2026 12:26:52"
"C:\Users\Dionisio Lima\OneDrive\Área de Trabalho\SOUSA_2.0_PRODUCAO\node_modules\shebang-command\package.json","558","03/08/2026 12:26:52"
"C:\Users\Dionisio Lima\OneDrive\Área de Trabalho\SOUSA_2.0_PRODUCAO\node_modules\shebang-regex\index.js","42","03/08/2026 12:26:52"
"C:\Users\Dionisio Lima\OneDrive\Área de Trabalho\SOUSA_2.0_PRODUCAO\node_modules\shebang-regex\package.json","582","03/08/2026 12:26:52"
"C:\Users\Dionisio Lima\OneDrive\Área de Trabalho\SOUSA_2.0_PRODUCAO\node_modules\side-channel\test\index.js","2931","03/08/2026 12:26:53"
"C:\Users\Dionisio Lima\OneDrive\Área de Trabalho\SOUSA_2.0_PRODUCAO\node_modules\side-channel\index.js","1222","03/08/2026 12:26:53"
"C:\Users\Dionisio Lima\OneDrive\Área de Trabalho\SOUSA_2.0_PRODUCAO\node_modules\side-channel\package.json","2362","03/08/2026 12:26:53"
"C:\Users\Dionisio Lima\OneDrive\Área de Trabalho\SOUSA_2.0_PRODUCAO\node_modules\side-channel\tsconfig.json","116","03/08/2026 12:26:53"
"C:\Users\Dionisio Lima\OneDrive\Área de Trabalho\SOUSA_2.0_PRODUCAO\node_modules\side-channel-list\test\index.js","4130","03/08/2026 12:26:53"
"C:\Users\Dionisio Lima\OneDrive\Área de Trabalho\SOUSA_2.0_PRODUCAO\node_modules\side-channel-list\index.js","3289","03/08/2026 12:26:53"
"C:\Users\Dionisio Lima\OneDrive\Área de Trabalho\SOUSA_2.0_PRODUCAO\node_modules\side-channel-list\package.json","2258","03/08/2026 12:26:53"
"C:\Users\Dionisio Lima\OneDrive\Área de Trabalho\SOUSA_2.0_PRODUCAO\node_modules\side-channel-list\tsconfig.json","116","03/08/2026 12:26:53"
"C:\Users\Dionisio Lima\OneDrive\Área de Trabalho\SOUSA_2.0_PRODUCAO\node_modules\side-channel-map\test\index.js","2875","03/08/2026 12:26:53"
"C:\Users\Dionisio Lima\OneDrive\Área de Trabalho\SOUSA_2.0_PRODUCAO\node_modules\side-channel-map\index.js","1981","03/08/2026 12:26:53"
"C:\Users\Dionisio Lima\OneDrive\Área de Trabalho\SOUSA_2.0_PRODUCAO\node_modules\side-channel-map\package.json","2336","03/08/2026 12:26:53"
"C:\Users\Dionisio Lima\OneDrive\Área de Trabalho\SOUSA_2.0_PRODUCAO\node_modules\side-channel-map\tsconfig.json","116","03/08/2026 12:26:53"
"C:\Users\Dionisio Lima\OneDrive\Área de Trabalho\SOUSA_2.0_PRODUCAO\node_modules\side-channel-weakmap\test\index.js","2969","03/08/2026 12:26:53"
"C:\Users\Dionisio Lima\OneDrive\Área de Trabalho\SOUSA_2.0_PRODUCAO\node_modules\side-channel-weakmap\index.js","2708","03/08/2026 12:26:53"
"C:\Users\Dionisio Lima\OneDrive\Área de Trabalho\SOUSA_2.0_PRODUCAO\node_modules\side-channel-weakmap\package.json","2447","03/08/2026 12:26:53"
"C:\Users\Dionisio Lima\OneDrive\Área de Trabalho\SOUSA_2.0_PRODUCAO\node_modules\side-channel-weakmap\tsconfig.json","116","03/08/2026 12:26:53"
"C:\Users\Dionisio Lima\OneDrive\Área de Trabalho\SOUSA_2.0_PRODUCAO\node_modules\signal-exit\dist\cjs\browser.js","322","03/08/2026 12:26:52"
"C:\Users\Dionisio Lima\OneDrive\Área de Trabalho\SOUSA_2.0_PRODUCAO\node_modules\signal-exit\dist\cjs\index.js","9435","03/08/2026 12:26:53"
"C:\Users\Dionisio Lima\OneDrive\Área de Trabalho\SOUSA_2.0_PRODUCAO\node_modules\signal-exit\dist\cjs\package.json","25","03/08/2026 12:26:55"
"C:\Users\Dionisio Lima\OneDrive\Área de Trabalho\SOUSA_2.0_PRODUCAO\node_modules\signal-exit\dist\cjs\signals.js","1560","03/08/2026 12:26:54"
"C:\Users\Dionisio Lima\OneDrive\Área de Trabalho\SOUSA_2.0_PRODUCAO\node_modules\signal-exit\dist\mjs\browser.js","138","03/08/2026 12:26:52"
"C:\Users\Dionisio Lima\OneDrive\Área de Trabalho\SOUSA_2.0_PRODUCAO\node_modules\signal-exit\dist\mjs\index.js","9090","03/08/2026 12:26:53"
"C:\Users\Dionisio Lima\OneDrive\Área de Trabalho\SOUSA_2.0_PRODUCAO\node_modules\signal-exit\dist\mjs\package.json","23","03/08/2026 12:26:55"
"C:\Users\Dionisio Lima\OneDrive\Área de Trabalho\SOUSA_2.0_PRODUCAO\node_modules\signal-exit\dist\mjs\signals.js","1438","03/08/2026 12:26:54"
"C:\Users\Dionisio Lima\OneDrive\Área de Trabalho\SOUSA_2.0_PRODUCAO\node_modules\signal-exit\package.json","2573","03/08/2026 12:26:55"
"C:\Users\Dionisio Lima\OneDrive\Área de Trabalho\SOUSA_2.0_PRODUCAO\node_modules\slice-ansi\index.js","2690","03/08/2026 12:26:52"
"C:\Users\Dionisio Lima\OneDrive\Área de Trabalho\SOUSA_2.0_PRODUCAO\node_modules\slice-ansi\package.json","855","03/08/2026 12:26:52"
"C:\Users\Dionisio Lima\OneDrive\Área de Trabalho\SOUSA_2.0_PRODUCAO\node_modules\spdx-correct\index.js","10753","03/08/2026 12:26:52"
"C:\Users\Dionisio Lima\OneDrive\Área de Trabalho\SOUSA_2.0_PRODUCAO\node_modules\spdx-correct\package.json","724","03/08/2026 12:26:52"
"C:\Users\Dionisio Lima\OneDrive\Área de Trabalho\SOUSA_2.0_PRODUCAO\node_modules\spdx-exceptions\deprecated.json","31","03/08/2026 12:26:52"
"C:\Users\Dionisio Lima\OneDrive\Área de Trabalho\SOUSA_2.0_PRODUCAO\node_modules\spdx-exceptions\index.json","1731","03/08/2026 12:26:52"
"C:\Users\Dionisio Lima\OneDrive\Área de Trabalho\SOUSA_2.0_PRODUCAO\node_modules\spdx-exceptions\package.json","463","03/08/2026 12:26:52"
"C:\Users\Dionisio Lima\OneDrive\Área de Trabalho\SOUSA_2.0_PRODUCAO\node_modules\spdx-expression-parse\index.js","143","03/08/2026 12:26:52"
"C:\Users\Dionisio Lima\OneDrive\Área de Trabalho\SOUSA_2.0_PRODUCAO\node_modules\spdx-expression-parse\package.json","912","03/08/2026 12:26:53"
"C:\Users\Dionisio Lima\OneDrive\Área de Trabalho\SOUSA_2.0_PRODUCAO\node_modules\spdx-expression-parse\parse.js","2901","03/08/2026 12:26:52"
"C:\Users\Dionisio Lima\OneDrive\Área de Trabalho\SOUSA_2.0_PRODUCAO\node_modules\spdx-expression-parse\scan.js","2754","03/08/2026 12:26:53"
"C:\Users\Dionisio Lima\OneDrive\Área de Trabalho\SOUSA_2.0_PRODUCAO\node_modules\spdx-license-ids\deprecated.json","512","03/08/2026 12:26:52"
"C:\Users\Dionisio Lima\OneDrive\Área de Trabalho\SOUSA_2.0_PRODUCAO\node_modules\spdx-license-ids\index.json","11283","03/08/2026 12:26:52"
"C:\Users\Dionisio Lima\OneDrive\Área de Trabalho\SOUSA_2.0_PRODUCAO\node_modules\spdx-license-ids\package.json","547","03/08/2026 12:26:52"
"C:\Users\Dionisio Lima\OneDrive\Área de Trabalho\SOUSA_2.0_PRODUCAO\node_modules\split-lines\index.js","491","03/08/2026 12:26:52"
"C:\Users\Dionisio Lima\OneDrive\Área de Trabalho\SOUSA_2.0_PRODUCAO\node_modules\split-lines\package.json","763","03/08/2026 12:26:52"
"C:\Users\Dionisio Lima\OneDrive\Área de Trabalho\SOUSA_2.0_PRODUCAO\node_modules\statuses\codes.json","1789","03/08/2026 12:26:52"
"C:\Users\Dionisio Lima\OneDrive\Área de Trabalho\SOUSA_2.0_PRODUCAO\node_modules\statuses\index.js","2610","03/08/2026 12:26:52"
"C:\Users\Dionisio Lima\OneDrive\Área de Trabalho\SOUSA_2.0_PRODUCAO\node_modules\statuses\package.json","1440","03/08/2026 12:26:52"
"C:\Users\Dionisio Lima\OneDrive\Área de Trabalho\SOUSA_2.0_PRODUCAO\node_modules\stdin-discarder\index.js","1073","03/08/2026 12:26:52"
"C:\Users\Dionisio Lima\OneDrive\Área de Trabalho\SOUSA_2.0_PRODUCAO\node_modules\stdin-discarder\package.json","763","03/08/2026 12:26:52"
"C:\Users\Dionisio Lima\OneDrive\Área de Trabalho\SOUSA_2.0_PRODUCAO\node_modules\string-width\index.js","2231","03/08/2026 12:26:52"
"C:\Users\Dionisio Lima\OneDrive\Área de Trabalho\SOUSA_2.0_PRODUCAO\node_modules\string-width\package.json","1140","03/08/2026 12:26:52"
"C:\Users\Dionisio Lima\OneDrive\Área de Trabalho\SOUSA_2.0_PRODUCAO\node_modules\strip-ansi\index.js","626","03/08/2026 12:26:52"
"C:\Users\Dionisio Lima\OneDrive\Área de Trabalho\SOUSA_2.0_PRODUCAO\node_modules\strip-ansi\package.json","961","03/08/2026 12:26:52"
"C:\Users\Dionisio Lima\OneDrive\Área de Trabalho\SOUSA_2.0_PRODUCAO\node_modules\strip-bom\index.js","347","03/08/2026 12:26:52"
"C:\Users\Dionisio Lima\OneDrive\Área de Trabalho\SOUSA_2.0_PRODUCAO\node_modules\strip-bom\package.json","761","03/08/2026 12:26:52"
"C:\Users\Dionisio Lima\OneDrive\Área de Trabalho\SOUSA_2.0_PRODUCAO\node_modules\supports-color\browser.js","67","03/08/2026 12:26:52"
"C:\Users\Dionisio Lima\OneDrive\Área de Trabalho\SOUSA_2.0_PRODUCAO\node_modules\supports-color\index.js","2748","03/08/2026 12:26:52"
"C:\Users\Dionisio Lima\OneDrive\Área de Trabalho\SOUSA_2.0_PRODUCAO\node_modules\supports-color\package.json","817","03/08/2026 12:26:52"
"C:\Users\Dionisio Lima\OneDrive\Área de Trabalho\SOUSA_2.0_PRODUCAO\node_modules\to-regex-range\index.js","6481","03/08/2026 12:26:52"
"C:\Users\Dionisio Lima\OneDrive\Área de Trabalho\SOUSA_2.0_PRODUCAO\node_modules\to-regex-range\package.json","1782","03/08/2026 12:26:52"
"C:\Users\Dionisio Lima\OneDrive\Área de Trabalho\SOUSA_2.0_PRODUCAO\node_modules\toidentifier\index.js","504","03/08/2026 12:26:52"
"C:\Users\Dionisio Lima\OneDrive\Área de Trabalho\SOUSA_2.0_PRODUCAO\node_modules\toidentifier\package.json","1142","03/08/2026 12:26:52"
"C:\Users\Dionisio Lima\OneDrive\Área de Trabalho\SOUSA_2.0_PRODUCAO\node_modules\tr46\lib\mappingTable.json","260049","03/08/2026 12:26:54"
"C:\Users\Dionisio Lima\OneDrive\Área de Trabalho\SOUSA_2.0_PRODUCAO\node_modules\tr46\index.js","7567","03/08/2026 12:26:52"
"C:\Users\Dionisio Lima\OneDrive\Área de Trabalho\SOUSA_2.0_PRODUCAO\node_modules\tr46\package.json","732","03/08/2026 12:26:52"
"C:\Users\Dionisio Lima\OneDrive\Área de Trabalho\SOUSA_2.0_PRODUCAO\node_modules\tslib\modules\index.js","1416","03/08/2026 12:26:52"
"C:\Users\Dionisio Lima\OneDrive\Área de Trabalho\SOUSA_2.0_PRODUCAO\node_modules\tslib\modules\package.json","26","03/08/2026 12:26:53"
"C:\Users\Dionisio Lima\OneDrive\Área de Trabalho\SOUSA_2.0_PRODUCAO\node_modules\tslib\package.json","1219","03/08/2026 12:26:53"
"C:\Users\Dionisio Lima\OneDrive\Área de Trabalho\SOUSA_2.0_PRODUCAO\node_modules\tslib\tslib.es6.html","36","03/08/2026 12:26:52"
"C:\Users\Dionisio Lima\OneDrive\Área de Trabalho\SOUSA_2.0_PRODUCAO\node_modules\tslib\tslib.es6.js","19215","03/08/2026 12:26:53"
"C:\Users\Dionisio Lima\OneDrive\Área de Trabalho\SOUSA_2.0_PRODUCAO\node_modules\tslib\tslib.html","32","03/08/2026 12:26:52"
"C:\Users\Dionisio Lima\OneDrive\Área de Trabalho\SOUSA_2.0_PRODUCAO\node_modules\tslib\tslib.js","23382","03/08/2026 12:26:53"
"C:\Users\Dionisio Lima\OneDrive\Área de Trabalho\SOUSA_2.0_PRODUCAO\node_modules\type-fest\package.json","1859","03/08/2026 12:26:52"
"C:\Users\Dionisio Lima\OneDrive\Área de Trabalho\SOUSA_2.0_PRODUCAO\node_modules\type-is\node_modules\content-type\dist\index.js","5351","03/08/2026 12:26:52"
"C:\Users\Dionisio Lima\OneDrive\Área de Trabalho\SOUSA_2.0_PRODUCAO\node_modules\type-is\node_modules\content-type\package.json","1126","03/08/2026 12:26:52"
"C:\Users\Dionisio Lima\OneDrive\Área de Trabalho\SOUSA_2.0_PRODUCAO\node_modules\type-is\index.js","5396","03/08/2026 12:26:52"
"C:\Users\Dionisio Lima\OneDrive\Área de Trabalho\SOUSA_2.0_PRODUCAO\node_modules\type-is\package.json","1333","03/08/2026 12:26:52"
"C:\Users\Dionisio Lima\OneDrive\Área de Trabalho\SOUSA_2.0_PRODUCAO\node_modules\undici-types\package.json","1193","03/08/2026 12:26:52"
"C:\Users\Dionisio Lima\OneDrive\Área de Trabalho\SOUSA_2.0_PRODUCAO\node_modules\unicorn-magic\default.js","388","03/08/2026 12:26:52"
"C:\Users\Dionisio Lima\OneDrive\Área de Trabalho\SOUSA_2.0_PRODUCAO\node_modules\unicorn-magic\node.js","183","03/08/2026 12:26:52"
"C:\Users\Dionisio Lima\OneDrive\Área de Trabalho\SOUSA_2.0_PRODUCAO\node_modules\unicorn-magic\package.json","892","03/08/2026 12:26:52"
"C:\Users\Dionisio Lima\OneDrive\Área de Trabalho\SOUSA_2.0_PRODUCAO\node_modules\unpipe\index.js","1118","03/08/2026 12:26:52"
"C:\Users\Dionisio Lima\OneDrive\Área de Trabalho\SOUSA_2.0_PRODUCAO\node_modules\unpipe\package.json","770","03/08/2026 12:26:52"
"C:\Users\Dionisio Lima\OneDrive\Área de Trabalho\SOUSA_2.0_PRODUCAO\node_modules\url-template\lib\url-template.js","5548","03/08/2026 12:26:53"
"C:\Users\Dionisio Lima\OneDrive\Área de Trabalho\SOUSA_2.0_PRODUCAO\node_modules\url-template\test\index.html","544","03/08/2026 12:26:54"
"C:\Users\Dionisio Lima\OneDrive\Área de Trabalho\SOUSA_2.0_PRODUCAO\node_modules\url-template\test\uritemplate-test.js","912","03/08/2026 12:26:53"
"C:\Users\Dionisio Lima\OneDrive\Área de Trabalho\SOUSA_2.0_PRODUCAO\node_modules\url-template\test\url-template-test.js","12532","03/08/2026 12:26:53"
"C:\Users\Dionisio Lima\OneDrive\Área de Trabalho\SOUSA_2.0_PRODUCAO\node_modules\url-template\uritemplate-test\extended-tests.json","5963","03/08/2026 12:26:55"
"C:\Users\Dionisio Lima\OneDrive\Área de Trabalho\SOUSA_2.0_PRODUCAO\node_modules\url-template\uritemplate-test\negative-tests.json","2281","03/08/2026 12:26:55"
"C:\Users\Dionisio Lima\OneDrive\Área de Trabalho\SOUSA_2.0_PRODUCAO\node_modules\url-template\uritemplate-test\spec-examples-by-section.json","14423","03/08/2026 12:26:55"
"C:\Users\Dionisio Lima\OneDrive\Área de Trabalho\SOUSA_2.0_PRODUCAO\node_modules\url-template\uritemplate-test\spec-examples.json","6618","03/08/2026 12:26:55"
"C:\Users\Dionisio Lima\OneDrive\Área de Trabalho\SOUSA_2.0_PRODUCAO\node_modules\url-template\package.json","664","03/08/2026 12:26:52"
"C:\Users\Dionisio Lima\OneDrive\Área de Trabalho\SOUSA_2.0_PRODUCAO\node_modules\uuid\dist\commonjs-browser\index.js","1792","03/08/2026 12:26:52"
"C:\Users\Dionisio Lima\OneDrive\Área de Trabalho\SOUSA_2.0_PRODUCAO\node_modules\uuid\dist\commonjs-browser\md5.js","7015","03/08/2026 12:26:54"
"C:\Users\Dionisio Lima\OneDrive\Área de Trabalho\SOUSA_2.0_PRODUCAO\node_modules\uuid\dist\commonjs-browser\native.js","271","03/08/2026 12:26:55"
"C:\Users\Dionisio Lima\OneDrive\Área de Trabalho\SOUSA_2.0_PRODUCAO\node_modules\uuid\dist\commonjs-browser\nil.js","188","03/08/2026 12:26:56"
"C:\Users\Dionisio Lima\OneDrive\Área de Trabalho\SOUSA_2.0_PRODUCAO\node_modules\uuid\dist\commonjs-browser\parse.js","1380","03/08/2026 12:26:56"
"C:\Users\Dionisio Lima\OneDrive\Área de Trabalho\SOUSA_2.0_PRODUCAO\node_modules\uuid\dist\commonjs-browser\regex.js","267","03/08/2026 12:26:56"
"C:\Users\Dionisio Lima\OneDrive\Área de Trabalho\SOUSA_2.0_PRODUCAO\node_modules\uuid\dist\commonjs-browser\rng.js","927","03/08/2026 12:26:57"
"C:\Users\Dionisio Lima\OneDrive\Área de Trabalho\SOUSA_2.0_PRODUCAO\node_modules\uuid\dist\commonjs-browser\sha1.js","2609","03/08/2026 12:26:57"
"C:\Users\Dionisio Lima\OneDrive\Área de Trabalho\SOUSA_2.0_PRODUCAO\node_modules\uuid\dist\commonjs-browser\stringify.js","1779","03/08/2026 12:26:57"
"C:\Users\Dionisio Lima\OneDrive\Área de Trabalho\SOUSA_2.0_PRODUCAO\node_modules\uuid\dist\commonjs-browser\v1.js","3602","03/08/2026 12:26:57"
"C:\Users\Dionisio Lima\OneDrive\Área de Trabalho\SOUSA_2.0_PRODUCAO\node_modules\uuid\dist\commonjs-browser\v3.js","414","03/08/2026 12:26:58"
"C:\Users\Dionisio Lima\OneDrive\Área de Trabalho\SOUSA_2.0_PRODUCAO\node_modules\uuid\dist\commonjs-browser\v35.js","2076","03/08/2026 12:26:58"
"C:\Users\Dionisio Lima\OneDrive\Área de Trabalho\SOUSA_2.0_PRODUCAO\node_modules\uuid\dist\commonjs-browser\v4.js","1009","03/08/2026 12:26:58"
"C:\Users\Dionisio Lima\OneDrive\Área de Trabalho\SOUSA_2.0_PRODUCAO\node_modules\uuid\dist\commonjs-browser\v5.js","417","03/08/2026 12:26:58"
"C:\Users\Dionisio Lima\OneDrive\Área de Trabalho\SOUSA_2.0_PRODUCAO\node_modules\uuid\dist\commonjs-browser\validate.js","410","03/08/2026 12:26:59"
"C:\Users\Dionisio Lima\OneDrive\Área de Trabalho\SOUSA_2.0_PRODUCAO\node_modules\uuid\dist\commonjs-browser\version.js","474","03/08/2026 12:26:59"
"C:\Users\Dionisio Lima\OneDrive\Área de Trabalho\SOUSA_2.0_PRODUCAO\node_modules\uuid\dist\esm-browser\index.js","412","03/08/2026 12:26:53"
"C:\Users\Dionisio Lima\OneDrive\Área de Trabalho\SOUSA_2.0_PRODUCAO\node_modules\uuid\dist\esm-browser\md5.js","6880","03/08/2026 12:26:55"
"C:\Users\Dionisio Lima\OneDrive\Área de Trabalho\SOUSA_2.0_PRODUCAO\node_modules\uuid\dist\esm-browser\native.js","137","03/08/2026 12:26:55"
"C:\Users\Dionisio Lima\OneDrive\Área de Trabalho\SOUSA_2.0_PRODUCAO\node_modules\uuid\dist\esm-browser\nil.js","54","03/08/2026 12:26:56"
"C:\Users\Dionisio Lima\OneDrive\Área de Trabalho\SOUSA_2.0_PRODUCAO\node_modules\uuid\dist\esm-browser\parse.js","1106","03/08/2026 12:26:56"
"C:\Users\Dionisio Lima\OneDrive\Área de Trabalho\SOUSA_2.0_PRODUCAO\node_modules\uuid\dist\esm-browser\regex.js","133","03/08/2026 12:26:56"
"C:\Users\Dionisio Lima\OneDrive\Área de Trabalho\SOUSA_2.0_PRODUCAO\node_modules\uuid\dist\esm-browser\rng.js","838","03/08/2026 12:26:57"
"C:\Users\Dionisio Lima\OneDrive\Área de Trabalho\SOUSA_2.0_PRODUCAO\node_modules\uuid\dist\esm-browser\sha1.js","2474","03/08/2026 12:26:57"
"C:\Users\Dionisio Lima\OneDrive\Área de Trabalho\SOUSA_2.0_PRODUCAO\node_modules\uuid\dist\esm-browser\stringify.js","1469","03/08/2026 12:26:57"
"C:\Users\Dionisio Lima\OneDrive\Área de Trabalho\SOUSA_2.0_PRODUCAO\node_modules\uuid\dist\esm-browser\v1.js","3322","03/08/2026 12:26:57"
"C:\Users\Dionisio Lima\OneDrive\Área de Trabalho\SOUSA_2.0_PRODUCAO\node_modules\uuid\dist\esm-browser\v3.js","107","03/08/2026 12:26:58"
"C:\Users\Dionisio Lima\OneDrive\Área de Trabalho\SOUSA_2.0_PRODUCAO\node_modules\uuid\dist\esm-browser\v35.js","1776","03/08/2026 12:26:58"
"C:\Users\Dionisio Lima\OneDrive\Área de Trabalho\SOUSA_2.0_PRODUCAO\node_modules\uuid\dist\esm-browser\v4.js","680","03/08/2026 12:26:58"
"C:\Users\Dionisio Lima\OneDrive\Área de Trabalho\SOUSA_2.0_PRODUCAO\node_modules\uuid\dist\esm-browser\v5.js","110","03/08/2026 12:26:59"
"C:\Users\Dionisio Lima\OneDrive\Área de Trabalho\SOUSA_2.0_PRODUCAO\node_modules\uuid\dist\esm-browser\validate.js","141","03/08/2026 12:26:59"
"C:\Users\Dionisio Lima\OneDrive\Área de Trabalho\SOUSA_2.0_PRODUCAO\node_modules\uuid\dist\esm-browser\version.js","200","03/08/2026 12:26:59"
"C:\Users\Dionisio Lima\OneDrive\Área de Trabalho\SOUSA_2.0_PRODUCAO\node_modules\uuid\dist\esm-node\index.js","412","03/08/2026 12:26:53"
"C:\Users\Dionisio Lima\OneDrive\Área de Trabalho\SOUSA_2.0_PRODUCAO\node_modules\uuid\dist\esm-node\md5.js","281","03/08/2026 12:26:55"
"C:\Users\Dionisio Lima\OneDrive\Área de Trabalho\SOUSA_2.0_PRODUCAO\node_modules\uuid\dist\esm-node\native.js","80","03/08/2026 12:26:55"
"C:\Users\Dionisio Lima\OneDrive\Área de Trabalho\SOUSA_2.0_PRODUCAO\node_modules\uuid\dist\esm-node\nil.js","54","03/08/2026 12:26:56"
"C:\Users\Dionisio Lima\OneDrive\Área de Trabalho\SOUSA_2.0_PRODUCAO\node_modules\uuid\dist\esm-node\parse.js","1106","03/08/2026 12:26:56"
"C:\Users\Dionisio Lima\OneDrive\Área de Trabalho\SOUSA_2.0_PRODUCAO\node_modules\uuid\dist\esm-node\regex.js","133","03/08/2026 12:26:57"
"C:\Users\Dionisio Lima\OneDrive\Área de Trabalho\SOUSA_2.0_PRODUCAO\node_modules\uuid\dist\esm-node\rng.js","323","03/08/2026 12:26:57"
"C:\Users\Dionisio Lima\OneDrive\Área de Trabalho\SOUSA_2.0_PRODUCAO\node_modules\uuid\dist\esm-node\sha1.js","284","03/08/2026 12:26:57"
"C:\Users\Dionisio Lima\OneDrive\Área de Trabalho\SOUSA_2.0_PRODUCAO\node_modules\uuid\dist\esm-node\stringify.js","1469","03/08/2026 12:26:57"
"C:\Users\Dionisio Lima\OneDrive\Área de Trabalho\SOUSA_2.0_PRODUCAO\node_modules\uuid\dist\esm-node\v1.js","3322","03/08/2026 12:26:57"
"C:\Users\Dionisio Lima\OneDrive\Área de Trabalho\SOUSA_2.0_PRODUCAO\node_modules\uuid\dist\esm-node\v3.js","107","03/08/2026 12:26:58"
"C:\Users\Dionisio Lima\OneDrive\Área de Trabalho\SOUSA_2.0_PRODUCAO\node_modules\uuid\dist\esm-node\v35.js","1776","03/08/2026 12:26:58"
"C:\Users\Dionisio Lima\OneDrive\Área de Trabalho\SOUSA_2.0_PRODUCAO\node_modules\uuid\dist\esm-node\v4.js","680","03/08/2026 12:26:58"
"C:\Users\Dionisio Lima\OneDrive\Área de Trabalho\SOUSA_2.0_PRODUCAO\node_modules\uuid\dist\esm-node\v5.js","110","03/08/2026 12:26:59"
"C:\Users\Dionisio Lima\OneDrive\Área de Trabalho\SOUSA_2.0_PRODUCAO\node_modules\uuid\dist\esm-node\validate.js","141","03/08/2026 12:26:59"
"C:\Users\Dionisio Lima\OneDrive\Área de Trabalho\SOUSA_2.0_PRODUCAO\node_modules\uuid\dist\esm-node\version.js","200","03/08/2026 12:26:59"
"C:\Users\Dionisio Lima\OneDrive\Área de Trabalho\SOUSA_2.0_PRODUCAO\node_modules\uuid\dist\index.js","1765","03/08/2026 12:26:53"
"C:\Users\Dionisio Lima\OneDrive\Área de Trabalho\SOUSA_2.0_PRODUCAO\node_modules\uuid\dist\md5-browser.js","7015","03/08/2026 12:26:54"
"C:\Users\Dionisio Lima\OneDrive\Área de Trabalho\SOUSA_2.0_PRODUCAO\node_modules\uuid\dist\md5.js","550","03/08/2026 12:26:55"
"C:\Users\Dionisio Lima\OneDrive\Área de Trabalho\SOUSA_2.0_PRODUCAO\node_modules\uuid\dist\native-browser.js","271","03/08/2026 12:26:55"
"C:\Users\Dionisio Lima\OneDrive\Área de Trabalho\SOUSA_2.0_PRODUCAO\node_modules\uuid\dist\native.js","350","03/08/2026 12:26:55"
"C:\Users\Dionisio Lima\OneDrive\Área de Trabalho\SOUSA_2.0_PRODUCAO\node_modules\uuid\dist\nil.js","188","03/08/2026 12:26:56"
"C:\Users\Dionisio Lima\OneDrive\Área de Trabalho\SOUSA_2.0_PRODUCAO\node_modules\uuid\dist\parse.js","1380","03/08/2026 12:26:56"
"C:\Users\Dionisio Lima\OneDrive\Área de Trabalho\SOUSA_2.0_PRODUCAO\node_modules\uuid\dist\regex.js","267","03/08/2026 12:26:57"
"C:\Users\Dionisio Lima\OneDrive\Área de Trabalho\SOUSA_2.0_PRODUCAO\node_modules\uuid\dist\rng-browser.js","927","03/08/2026 12:26:57"
"C:\Users\Dionisio Lima\OneDrive\Área de Trabalho\SOUSA_2.0_PRODUCAO\node_modules\uuid\dist\rng.js","549","03/08/2026 12:26:57"
"C:\Users\Dionisio Lima\OneDrive\Área de Trabalho\SOUSA_2.0_PRODUCAO\node_modules\uuid\dist\sha1-browser.js","2609","03/08/2026 12:26:57"
"C:\Users\Dionisio Lima\OneDrive\Área de Trabalho\SOUSA_2.0_PRODUCAO\node_modules\uuid\dist\sha1.js","553","03/08/2026 12:26:57"
"C:\Users\Dionisio Lima\OneDrive\Área de Trabalho\SOUSA_2.0_PRODUCAO\node_modules\uuid\dist\stringify.js","1779","03/08/2026 12:26:57"
"C:\Users\Dionisio Lima\OneDrive\Área de Trabalho\SOUSA_2.0_PRODUCAO\node_modules\uuid\dist\uuid-bin.js","2030","03/08/2026 12:26:57"
"C:\Users\Dionisio Lima\OneDrive\Área de Trabalho\SOUSA_2.0_PRODUCAO\node_modules\uuid\dist\v1.js","3602","03/08/2026 12:26:58"
"C:\Users\Dionisio Lima\OneDrive\Área de Trabalho\SOUSA_2.0_PRODUCAO\node_modules\uuid\dist\v3.js","414","03/08/2026 12:26:58"
"C:\Users\Dionisio Lima\OneDrive\Área de Trabalho\SOUSA_2.0_PRODUCAO\node_modules\uuid\dist\v35.js","2076","03/08/2026 12:26:58"
"C:\Users\Dionisio Lima\OneDrive\Área de Trabalho\SOUSA_2.0_PRODUCAO\node_modules\uuid\dist\v4.js","1009","03/08/2026 12:26:58"
"C:\Users\Dionisio Lima\OneDrive\Área de Trabalho\SOUSA_2.0_PRODUCAO\node_modules\uuid\dist\v5.js","417","03/08/2026 12:26:59"
"C:\Users\Dionisio Lima\OneDrive\Área de Trabalho\SOUSA_2.0_PRODUCAO\node_modules\uuid\dist\validate.js","410","03/08/2026 12:26:59"
"C:\Users\Dionisio Lima\OneDrive\Área de Trabalho\SOUSA_2.0_PRODUCAO\node_modules\uuid\dist\version.js","474","03/08/2026 12:26:59"
"C:\Users\Dionisio Lima\OneDrive\Área de Trabalho\SOUSA_2.0_PRODUCAO\node_modules\uuid\package.json","4539","03/08/2026 12:26:59"
"C:\Users\Dionisio Lima\OneDrive\Área de Trabalho\SOUSA_2.0_PRODUCAO\node_modules\validate-npm-package-license\index.js","1925","03/08/2026 12:26:52"
"C:\Users\Dionisio Lima\OneDrive\Área de Trabalho\SOUSA_2.0_PRODUCAO\node_modules\validate-npm-package-license\package.json","748","03/08/2026 12:26:52"
"C:\Users\Dionisio Lima\OneDrive\Área de Trabalho\SOUSA_2.0_PRODUCAO\node_modules\vary\index.js","2930","03/08/2026 12:26:52"
"C:\Users\Dionisio Lima\OneDrive\Área de Trabalho\SOUSA_2.0_PRODUCAO\node_modules\vary\package.json","1215","03/08/2026 12:26:52"
"C:\Users\Dionisio Lima\OneDrive\Área de Trabalho\SOUSA_2.0_PRODUCAO\node_modules\webidl-conversions\lib\index.js","5056","03/08/2026 12:26:53"
"C:\Users\Dionisio Lima\OneDrive\Área de Trabalho\SOUSA_2.0_PRODUCAO\node_modules\webidl-conversions\package.json","511","03/08/2026 12:26:52"
"C:\Users\Dionisio Lima\OneDrive\Área de Trabalho\SOUSA_2.0_PRODUCAO\node_modules\whatwg-url\lib\public-api.js","625","03/08/2026 12:26:53"
"C:\Users\Dionisio Lima\OneDrive\Área de Trabalho\SOUSA_2.0_PRODUCAO\node_modules\whatwg-url\lib\URL-impl.js","3804","03/08/2026 12:26:53"
"C:\Users\Dionisio Lima\OneDrive\Área de Trabalho\SOUSA_2.0_PRODUCAO\node_modules\whatwg-url\lib\url-state-machine.js","33573","03/08/2026 12:26:54"
"C:\Users\Dionisio Lima\OneDrive\Área de Trabalho\SOUSA_2.0_PRODUCAO\node_modules\whatwg-url\lib\URL.js","4212","03/08/2026 12:26:53"
"C:\Users\Dionisio Lima\OneDrive\Área de Trabalho\SOUSA_2.0_PRODUCAO\node_modules\whatwg-url\lib\utils.js","562","03/08/2026 12:26:54"
"C:\Users\Dionisio Lima\OneDrive\Área de Trabalho\SOUSA_2.0_PRODUCAO\node_modules\whatwg-url\package.json","886","03/08/2026 12:26:52"
"C:\Users\Dionisio Lima\OneDrive\Área de Trabalho\SOUSA_2.0_PRODUCAO\node_modules\which\package.json","1043","03/08/2026 12:26:53"
"C:\Users\Dionisio Lima\OneDrive\Área de Trabalho\SOUSA_2.0_PRODUCAO\node_modules\which\which.js","3163","03/08/2026 12:26:52"
"C:\Users\Dionisio Lima\OneDrive\Área de Trabalho\SOUSA_2.0_PRODUCAO\node_modules\wrap-ansi\node_modules\ansi-regex\index.js","350","03/08/2026 12:26:52"
"C:\Users\Dionisio Lima\OneDrive\Área de Trabalho\SOUSA_2.0_PRODUCAO\node_modules\wrap-ansi\node_modules\ansi-regex\package.json","841","03/08/2026 12:26:52"
"C:\Users\Dionisio Lima\OneDrive\Área de Trabalho\SOUSA_2.0_PRODUCAO\node_modules\wrap-ansi\node_modules\ansi-styles\index.js","4139","03/08/2026 12:26:52"
"C:\Users\Dionisio Lima\OneDrive\Área de Trabalho\SOUSA_2.0_PRODUCAO\node_modules\wrap-ansi\node_modules\ansi-styles\package.json","1054","03/08/2026 12:26:52"
"C:\Users\Dionisio Lima\OneDrive\Área de Trabalho\SOUSA_2.0_PRODUCAO\node_modules\wrap-ansi\node_modules\emoji-regex\es2015\index.js","11104","03/08/2026 12:26:53"
"C:\Users\Dionisio Lima\OneDrive\Área de Trabalho\SOUSA_2.0_PRODUCAO\node_modules\wrap-ansi\node_modules\emoji-regex\es2015\text.js","11105","03/08/2026 12:26:53"
"C:\Users\Dionisio Lima\OneDrive\Área de Trabalho\SOUSA_2.0_PRODUCAO\node_modules\wrap-ansi\node_modules\emoji-regex\index.js","10286","03/08/2026 12:26:52"
"C:\Users\Dionisio Lima\OneDrive\Área de Trabalho\SOUSA_2.0_PRODUCAO\node_modules\wrap-ansi\node_modules\emoji-regex\package.json","1278","03/08/2026 12:26:52"
"C:\Users\Dionisio Lima\OneDrive\Área de Trabalho\SOUSA_2.0_PRODUCAO\node_modules\wrap-ansi\node_modules\emoji-regex\text.js","10287","03/08/2026 12:26:53"
"C:\Users\Dionisio Lima\OneDrive\Área de Trabalho\SOUSA_2.0_PRODUCAO\node_modules\wrap-ansi\node_modules\is-fullwidth-code-point\index.js","1756","03/08/2026 12:26:52"
"C:\Users\Dionisio Lima\OneDrive\Área de Trabalho\SOUSA_2.0_PRODUCAO\node_modules\wrap-ansi\node_modules\is-fullwidth-code-point\package.json","737","03/08/2026 12:26:52"
"C:\Users\Dionisio Lima\OneDrive\Área de Trabalho\SOUSA_2.0_PRODUCAO\node_modules\wrap-ansi\node_modules\string-width\index.js","923","03/08/2026 12:26:52"
"C:\Users\Dionisio Lima\OneDrive\Área de Trabalho\SOUSA_2.0_PRODUCAO\node_modules\wrap-ansi\node_modules\string-width\package.json","941","03/08/2026 12:26:52"
"C:\Users\Dionisio Lima\OneDrive\Área de Trabalho\SOUSA_2.0_PRODUCAO\node_modules\wrap-ansi\node_modules\strip-ansi\index.js","154","03/08/2026 12:26:52"
"C:\Users\Dionisio Lima\OneDrive\Área de Trabalho\SOUSA_2.0_PRODUCAO\node_modules\wrap-ansi\node_modules\strip-ansi\package.json","798","03/08/2026 12:26:52"
"C:\Users\Dionisio Lima\OneDrive\Área de Trabalho\SOUSA_2.0_PRODUCAO\node_modules\wrap-ansi\index.js","4686","03/08/2026 12:26:52"
"C:\Users\Dionisio Lima\OneDrive\Área de Trabalho\SOUSA_2.0_PRODUCAO\node_modules\wrap-ansi\package.json","945","03/08/2026 12:26:52"
"C:\Users\Dionisio Lima\OneDrive\Área de Trabalho\SOUSA_2.0_PRODUCAO\node_modules\wrappy\package.json","606","03/08/2026 12:26:52"
"C:\Users\Dionisio Lima\OneDrive\Área de Trabalho\SOUSA_2.0_PRODUCAO\node_modules\wrappy\wrappy.js","905","03/08/2026 12:26:52"
"C:\Users\Dionisio Lima\OneDrive\Área de Trabalho\SOUSA_2.0_PRODUCAO\node_modules\wsl-utils\index.js","1551","03/08/2026 12:26:52"
"C:\Users\Dionisio Lima\OneDrive\Área de Trabalho\SOUSA_2.0_PRODUCAO\node_modules\wsl-utils\package.json","865","03/08/2026 12:26:52"
"C:\Users\Dionisio Lima\OneDrive\Área de Trabalho\SOUSA_2.0_PRODUCAO\node_modules\yocto-queue\index.js","1587","03/08/2026 12:26:52"
"C:\Users\Dionisio Lima\OneDrive\Área de Trabalho\SOUSA_2.0_PRODUCAO\node_modules\yocto-queue\package.json","849","03/08/2026 12:26:52"
"C:\Users\Dionisio Lima\OneDrive\Área de Trabalho\SOUSA_2.0_PRODUCAO\node_modules\yoctocolors-cjs\index.js","3030","03/08/2026 12:26:52"
"C:\Users\Dionisio Lima\OneDrive\Área de Trabalho\SOUSA_2.0_PRODUCAO\node_modules\yoctocolors-cjs\package.json","1237","03/08/2026 12:26:52"
"C:\Users\Dionisio Lima\OneDrive\Área de Trabalho\SOUSA_2.0_PRODUCAO\node_modules\zod\v3\helpers\enumUtil.js","11","03/08/2026 12:27:03"
"C:\Users\Dionisio Lima\OneDrive\Área de Trabalho\SOUSA_2.0_PRODUCAO\node_modules\zod\v3\helpers\errorUtil.js","300","03/08/2026 12:27:03"
"C:\Users\Dionisio Lima\OneDrive\Área de Trabalho\SOUSA_2.0_PRODUCAO\node_modules\zod\v3\helpers\parseUtil.js","3601","03/08/2026 12:27:04"
"C:\Users\Dionisio Lima\OneDrive\Área de Trabalho\SOUSA_2.0_PRODUCAO\node_modules\zod\v3\helpers\partialUtil.js","11","03/08/2026 12:27:04"
"C:\Users\Dionisio Lima\OneDrive\Área de Trabalho\SOUSA_2.0_PRODUCAO\node_modules\zod\v3\helpers\typeAliases.js","11","03/08/2026 12:27:04"
"C:\Users\Dionisio Lima\OneDrive\Área de Trabalho\SOUSA_2.0_PRODUCAO\node_modules\zod\v3\helpers\util.js","4055","03/08/2026 12:27:04"
"C:\Users\Dionisio Lima\OneDrive\Área de Trabalho\SOUSA_2.0_PRODUCAO\node_modules\zod\v3\locales\en.js","5602","03/08/2026 12:27:03"
"C:\Users\Dionisio Lima\OneDrive\Área de Trabalho\SOUSA_2.0_PRODUCAO\node_modules\zod\v3\errors.js","243","03/08/2026 12:27:03"
"C:\Users\Dionisio Lima\OneDrive\Área de Trabalho\SOUSA_2.0_PRODUCAO\node_modules\zod\v3\external.js","205","03/08/2026 12:27:03"
"C:\Users\Dionisio Lima\OneDrive\Área de Trabalho\SOUSA_2.0_PRODUCAO\node_modules\zod\v3\index.js","99","03/08/2026 12:27:03"
"C:\Users\Dionisio Lima\OneDrive\Área de Trabalho\SOUSA_2.0_PRODUCAO\node_modules\zod\v3\standard-schema.js","11","03/08/2026 12:27:04"
"C:\Users\Dionisio Lima\OneDrive\Área de Trabalho\SOUSA_2.0_PRODUCAO\node_modules\zod\v3\types.js","131212","03/08/2026 12:27:04"
"C:\Users\Dionisio Lima\OneDrive\Área de Trabalho\SOUSA_2.0_PRODUCAO\node_modules\zod\v3\ZodError.js","4349","03/08/2026 12:27:04"
"C:\Users\Dionisio Lima\OneDrive\Área de Trabalho\SOUSA_2.0_PRODUCAO\node_modules\zod\v4\classic\checks.js","642","03/08/2026 12:27:03"
"C:\Users\Dionisio Lima\OneDrive\Área de Trabalho\SOUSA_2.0_PRODUCAO\node_modules\zod\v4\classic\coerce.js","550","03/08/2026 12:27:03"
"C:\Users\Dionisio Lima\OneDrive\Área de Trabalho\SOUSA_2.0_PRODUCAO\node_modules\zod\v4\classic\compat.js","861","03/08/2026 12:27:03"
"C:\Users\Dionisio Lima\OneDrive\Área de Trabalho\SOUSA_2.0_PRODUCAO\node_modules\zod\v4\classic\errors.js","1292","03/08/2026 12:27:03"
"C:\Users\Dionisio Lima\OneDrive\Área de Trabalho\SOUSA_2.0_PRODUCAO\node_modules\zod\v4\classic\external.js","803","03/08/2026 12:27:03"
"C:\Users\Dionisio Lima\OneDrive\Área de Trabalho\SOUSA_2.0_PRODUCAO\node_modules\zod\v4\classic\index.js","99","03/08/2026 12:27:03"
"C:\Users\Dionisio Lima\OneDrive\Área de Trabalho\SOUSA_2.0_PRODUCAO\node_modules\zod\v4\classic\iso.js","1151","03/08/2026 12:27:03"
"C:\Users\Dionisio Lima\OneDrive\Área de Trabalho\SOUSA_2.0_PRODUCAO\node_modules\zod\v4\classic\parse.js","378","03/08/2026 12:27:03"
"C:\Users\Dionisio Lima\OneDrive\Área de Trabalho\SOUSA_2.0_PRODUCAO\node_modules\zod\v4\classic\schemas.js","36871","03/08/2026 12:27:04"
"C:\Users\Dionisio Lima\OneDrive\Área de Trabalho\SOUSA_2.0_PRODUCAO\node_modules\zod\v4\core\api.js","22983","03/08/2026 12:27:03"
"C:\Users\Dionisio Lima\OneDrive\Área de Trabalho\SOUSA_2.0_PRODUCAO\node_modules\zod\v4\core\checks.js","19544","03/08/2026 12:27:03"
"C:\Users\Dionisio Lima\OneDrive\Área de Trabalho\SOUSA_2.0_PRODUCAO\node_modules\zod\v4\core\core.js","2085","03/08/2026 12:27:03"
"C:\Users\Dionisio Lima\OneDrive\Área de Trabalho\SOUSA_2.0_PRODUCAO\node_modules\zod\v4\core\doc.js","1088","03/08/2026 12:27:03"
"C:\Users\Dionisio Lima\OneDrive\Área de Trabalho\SOUSA_2.0_PRODUCAO\node_modules\zod\v4\core\errors.js","6316","03/08/2026 12:27:03"
"C:\Users\Dionisio Lima\OneDrive\Área de Trabalho\SOUSA_2.0_PRODUCAO\node_modules\zod\v4\core\function.js","2717","03/08/2026 12:27:03"
"C:\Users\Dionisio Lima\OneDrive\Área de Trabalho\SOUSA_2.0_PRODUCAO\node_modules\zod\v4\core\index.js","499","03/08/2026 12:27:03"
"C:\Users\Dionisio Lima\OneDrive\Área de Trabalho\SOUSA_2.0_PRODUCAO\node_modules\zod\v4\core\json-schema.js","11","03/08/2026 12:27:03"
"C:\Users\Dionisio Lima\OneDrive\Área de Trabalho\SOUSA_2.0_PRODUCAO\node_modules\zod\v4\core\parse.js","2552","03/08/2026 12:27:03"
"C:\Users\Dionisio Lima\OneDrive\Área de Trabalho\SOUSA_2.0_PRODUCAO\node_modules\zod\v4\core\regexes.js","6411","03/08/2026 12:27:04"
"C:\Users\Dionisio Lima\OneDrive\Área de Trabalho\SOUSA_2.0_PRODUCAO\node_modules\zod\v4\core\registries.js","1485","03/08/2026 12:27:04"
"C:\Users\Dionisio Lima\OneDrive\Área de Trabalho\SOUSA_2.0_PRODUCAO\node_modules\zod\v4\core\schemas.js","62652","03/08/2026 12:27:04"
"C:\Users\Dionisio Lima\OneDrive\Área de Trabalho\SOUSA_2.0_PRODUCAO\node_modules\zod\v4\core\standard-schema.js","11","03/08/2026 12:27:04"
"C:\Users\Dionisio Lima\OneDrive\Área de Trabalho\SOUSA_2.0_PRODUCAO\node_modules\zod\v4\core\to-json-schema.js","35687","03/08/2026 12:27:04"
"C:\Users\Dionisio Lima\OneDrive\Área de Trabalho\SOUSA_2.0_PRODUCAO\node_modules\zod\v4\core\util.js","15004","03/08/2026 12:27:04"
"C:\Users\Dionisio Lima\OneDrive\Área de Trabalho\SOUSA_2.0_PRODUCAO\node_modules\zod\v4\core\versions.js","70","03/08/2026 12:27:04"
"C:\Users\Dionisio Lima\OneDrive\Área de Trabalho\SOUSA_2.0_PRODUCAO\node_modules\zod\v4\locales\ar.js","5278","03/08/2026 12:27:03"
"C:\Users\Dionisio Lima\OneDrive\Área de Trabalho\SOUSA_2.0_PRODUCAO\node_modules\zod\v4\locales\az.js","4640","03/08/2026 12:27:03"
"C:\Users\Dionisio Lima\OneDrive\Área de Trabalho\SOUSA_2.0_PRODUCAO\node_modules\zod\v4\locales\be.js","6676","03/08/2026 12:27:03"
"C:\Users\Dionisio Lima\OneDrive\Área de Trabalho\SOUSA_2.0_PRODUCAO\node_modules\zod\v4\locales\ca.js","4961","03/08/2026 12:27:03"
"C:\Users\Dionisio Lima\OneDrive\Área de Trabalho\SOUSA_2.0_PRODUCAO\node_modules\zod\v4\locales\cs.js","5266","03/08/2026 12:27:03"
"C:\Users\Dionisio Lima\OneDrive\Área de Trabalho\SOUSA_2.0_PRODUCAO\node_modules\zod\v4\locales\de.js","4672","03/08/2026 12:27:03"
"C:\Users\Dionisio Lima\OneDrive\Área de Trabalho\SOUSA_2.0_PRODUCAO\node_modules\zod\v4\locales\en.js","4473","03/08/2026 12:27:03"
"C:\Users\Dionisio Lima\OneDrive\Área de Trabalho\SOUSA_2.0_PRODUCAO\node_modules\zod\v4\locales\eo.js","4592","03/08/2026 12:27:03"
"C:\Users\Dionisio Lima\OneDrive\Área de Trabalho\SOUSA_2.0_PRODUCAO\node_modules\zod\v4\locales\es.js","4835","03/08/2026 12:27:03"
"C:\Users\Dionisio Lima\OneDrive\Área de Trabalho\SOUSA_2.0_PRODUCAO\node_modules\zod\v4\locales\fa.js","5175","03/08/2026 12:27:03"
"C:\Users\Dionisio Lima\OneDrive\Área de Trabalho\SOUSA_2.0_PRODUCAO\node_modules\zod\v4\locales\fi.js","4954","03/08/2026 12:27:03"
"C:\Users\Dionisio Lima\OneDrive\Área de Trabalho\SOUSA_2.0_PRODUCAO\node_modules\zod\v4\locales\fr-CA.js","4693","03/08/2026 12:27:03"
"C:\Users\Dionisio Lima\OneDrive\Área de Trabalho\SOUSA_2.0_PRODUCAO\node_modules\zod\v4\locales\fr.js","4674","03/08/2026 12:27:03"
"C:\Users\Dionisio Lima\OneDrive\Área de Trabalho\SOUSA_2.0_PRODUCAO\node_modules\zod\v4\locales\he.js","5079","03/08/2026 12:27:03"
"C:\Users\Dionisio Lima\OneDrive\Área de Trabalho\SOUSA_2.0_PRODUCAO\node_modules\zod\v4\locales\hu.js","4874","03/08/2026 12:27:03"
"C:\Users\Dionisio Lima\OneDrive\Área de Trabalho\SOUSA_2.0_PRODUCAO\node_modules\zod\v4\locales\id.js","4710","03/08/2026 12:27:03"
"C:\Users\Dionisio Lima\OneDrive\Área de Trabalho\SOUSA_2.0_PRODUCAO\node_modules\zod\v4\locales\index.js","1616","03/08/2026 12:27:03"
"C:\Users\Dionisio Lima\OneDrive\Área de Trabalho\SOUSA_2.0_PRODUCAO\node_modules\zod\v4\locales\it.js","4773","03/08/2026 12:27:03"
"C:\Users\Dionisio Lima\OneDrive\Área de Trabalho\SOUSA_2.0_PRODUCAO\node_modules\zod\v4\locales\ja.js","4904","03/08/2026 12:27:03"
"C:\Users\Dionisio Lima\OneDrive\Área de Trabalho\SOUSA_2.0_PRODUCAO\node_modules\zod\v4\locales\kh.js","6226","03/08/2026 12:27:03"
"C:\Users\Dionisio Lima\OneDrive\Área de Trabalho\SOUSA_2.0_PRODUCAO\node_modules\zod\v4\locales\ko.js","5040","03/08/2026 12:27:03"
"C:\Users\Dionisio Lima\OneDrive\Área de Trabalho\SOUSA_2.0_PRODUCAO\node_modules\zod\v4\locales\mk.js","5333","03/08/2026 12:27:03"
"C:\Users\Dionisio Lima\OneDrive\Área de Trabalho\SOUSA_2.0_PRODUCAO\node_modules\zod\v4\locales\ms.js","4602","03/08/2026 12:27:03"
"C:\Users\Dionisio Lima\OneDrive\Área de Trabalho\SOUSA_2.0_PRODUCAO\node_modules\zod\v4\locales\nl.js","4535","03/08/2026 12:27:03"
"C:\Users\Dionisio Lima\OneDrive\Área de Trabalho\SOUSA_2.0_PRODUCAO\node_modules\zod\v4\locales\no.js","4598","03/08/2026 12:27:03"
"C:\Users\Dionisio Lima\OneDrive\Área de Trabalho\SOUSA_2.0_PRODUCAO\node_modules\zod\v4\locales\ota.js","4704","03/08/2026 12:27:03"
"C:\Users\Dionisio Lima\OneDrive\Área de Trabalho\SOUSA_2.0_PRODUCAO\node_modules\zod\v4\locales\pl.js","5035","03/08/2026 12:27:04"
"C:\Users\Dionisio Lima\OneDrive\Área de Trabalho\SOUSA_2.0_PRODUCAO\node_modules\zod\v4\locales\ps.js","4969","03/08/2026 12:27:04"
"C:\Users\Dionisio Lima\OneDrive\Área de Trabalho\SOUSA_2.0_PRODUCAO\node_modules\zod\v4\locales\pt.js","4658","03/08/2026 12:27:04"
"C:\Users\Dionisio Lima\OneDrive\Área de Trabalho\SOUSA_2.0_PRODUCAO\node_modules\zod\v4\locales\ru.js","6773","03/08/2026 12:27:04"
"C:\Users\Dionisio Lima\OneDrive\Área de Trabalho\SOUSA_2.0_PRODUCAO\node_modules\zod\v4\locales\sl.js","4651","03/08/2026 12:27:04"
"C:\Users\Dionisio Lima\OneDrive\Área de Trabalho\SOUSA_2.0_PRODUCAO\node_modules\zod\v4\locales\sv.js","4749","03/08/2026 12:27:04"
"C:\Users\Dionisio Lima\OneDrive\Área de Trabalho\SOUSA_2.0_PRODUCAO\node_modules\zod\v4\locales\ta.js","6366","03/08/2026 12:27:04"
"C:\Users\Dionisio Lima\OneDrive\Área de Trabalho\SOUSA_2.0_PRODUCAO\node_modules\zod\v4\locales\th.js","6312","03/08/2026 12:27:04"
"C:\Users\Dionisio Lima\OneDrive\Área de Trabalho\SOUSA_2.0_PRODUCAO\node_modules\zod\v4\locales\tr.js","4518","03/08/2026 12:27:04"
"C:\Users\Dionisio Lima\OneDrive\Área de Trabalho\SOUSA_2.0_PRODUCAO\node_modules\zod\v4\locales\ua.js","5631","03/08/2026 12:27:04"
"C:\Users\Dionisio Lima\OneDrive\Área de Trabalho\SOUSA_2.0_PRODUCAO\node_modules\zod\v4\locales\ur.js","5316","03/08/2026 12:27:04"
"C:\Users\Dionisio Lima\OneDrive\Área de Trabalho\SOUSA_2.0_PRODUCAO\node_modules\zod\v4\locales\vi.js","4835","03/08/2026 12:27:04"
"C:\Users\Dionisio Lima\OneDrive\Área de Trabalho\SOUSA_2.0_PRODUCAO\node_modules\zod\v4\locales\zh-CN.js","4527","03/08/2026 12:27:04"
"C:\Users\Dionisio Lima\OneDrive\Área de Trabalho\SOUSA_2.0_PRODUCAO\node_modules\zod\v4\locales\zh-TW.js","4628","03/08/2026 12:27:04"
"C:\Users\Dionisio Lima\OneDrive\Área de Trabalho\SOUSA_2.0_PRODUCAO\node_modules\zod\v4\mini\checks.js","676","03/08/2026 12:27:03"
"C:\Users\Dionisio Lima\OneDrive\Área de Trabalho\SOUSA_2.0_PRODUCAO\node_modules\zod\v4\mini\coerce.js","570","03/08/2026 12:27:03"
"C:\Users\Dionisio Lima\OneDrive\Área de Trabalho\SOUSA_2.0_PRODUCAO\node_modules\zod\v4\mini\external.js","660","03/08/2026 12:27:03"
"C:\Users\Dionisio Lima\OneDrive\Área de Trabalho\SOUSA_2.0_PRODUCAO\node_modules\zod\v4\mini\index.js","81","03/08/2026 12:27:03"
"C:\Users\Dionisio Lima\OneDrive\Área de Trabalho\SOUSA_2.0_PRODUCAO\node_modules\zod\v4\mini\iso.js","1203","03/08/2026 12:27:03"
"C:\Users\Dionisio Lima\OneDrive\Área de Trabalho\SOUSA_2.0_PRODUCAO\node_modules\zod\v4\mini\parse.js","81","03/08/2026 12:27:04"
"C:\Users\Dionisio Lima\OneDrive\Área de Trabalho\SOUSA_2.0_PRODUCAO\node_modules\zod\v4\mini\schemas.js","24070","03/08/2026 12:27:04"
"C:\Users\Dionisio Lima\OneDrive\Área de Trabalho\SOUSA_2.0_PRODUCAO\node_modules\zod\v4\index.js","92","03/08/2026 12:27:03"
"C:\Users\Dionisio Lima\OneDrive\Área de Trabalho\SOUSA_2.0_PRODUCAO\node_modules\zod\v4-mini\index.js","37","03/08/2026 12:27:03"
"C:\Users\Dionisio Lima\OneDrive\Área de Trabalho\SOUSA_2.0_PRODUCAO\node_modules\zod\index.js","105","03/08/2026 12:27:03"
"C:\Users\Dionisio Lima\OneDrive\Área de Trabalho\SOUSA_2.0_PRODUCAO\node_modules\zod\package.json","3284","03/08/2026 12:27:04"
"C:\Users\Dionisio Lima\OneDrive\Área de Trabalho\SOUSA_2.0_PRODUCAO\node_modules\zod-to-json-schema\dist\cjs\parsers\any.js","676","03/08/2026 12:26:52"
"C:\Users\Dionisio Lima\OneDrive\Área de Trabalho\SOUSA_2.0_PRODUCAO\node_modules\zod-to-json-schema\dist\cjs\parsers\array.js","1258","03/08/2026 12:26:53"
"C:\Users\Dionisio Lima\OneDrive\Área de Trabalho\SOUSA_2.0_PRODUCAO\node_modules\zod-to-json-schema\dist\cjs\parsers\bigint.js","2183","03/08/2026 12:26:54"
"C:\Users\Dionisio Lima\OneDrive\Área de Trabalho\SOUSA_2.0_PRODUCAO\node_modules\zod-to-json-schema\dist\cjs\parsers\boolean.js","230","03/08/2026 12:26:55"
"C:\Users\Dionisio Lima\OneDrive\Área de Trabalho\SOUSA_2.0_PRODUCAO\node_modules\zod-to-json-schema\dist\cjs\parsers\branded.js","306","03/08/2026 12:26:55"
"C:\Users\Dionisio Lima\OneDrive\Área de Trabalho\SOUSA_2.0_PRODUCAO\node_modules\zod-to-json-schema\dist\cjs\parsers\catch.js","305","03/08/2026 12:26:56"
"C:\Users\Dionisio Lima\OneDrive\Área de Trabalho\SOUSA_2.0_PRODUCAO\node_modules\zod-to-json-schema\dist\cjs\parsers\date.js","1568","03/08/2026 12:26:56"
"C:\Users\Dionisio Lima\OneDrive\Área de Trabalho\SOUSA_2.0_PRODUCAO\node_modules\zod-to-json-schema\dist\cjs\parsers\default.js","369","03/08/2026 12:26:56"
"C:\Users\Dionisio Lima\OneDrive\Área de Trabalho\SOUSA_2.0_PRODUCAO\node_modules\zod-to-json-schema\dist\cjs\parsers\effects.js","430","03/08/2026 12:26:56"
"C:\Users\Dionisio Lima\OneDrive\Área de Trabalho\SOUSA_2.0_PRODUCAO\node_modules\zod-to-json-schema\dist\cjs\parsers\enum.js","258","03/08/2026 12:26:57"
"C:\Users\Dionisio Lima\OneDrive\Área de Trabalho\SOUSA_2.0_PRODUCAO\node_modules\zod-to-json-schema\dist\cjs\parsers\intersection.js","2100","03/08/2026 12:26:57"
"C:\Users\Dionisio Lima\OneDrive\Área de Trabalho\SOUSA_2.0_PRODUCAO\node_modules\zod-to-json-schema\dist\cjs\parsers\literal.js","756","03/08/2026 12:26:57"
"C:\Users\Dionisio Lima\OneDrive\Área de Trabalho\SOUSA_2.0_PRODUCAO\node_modules\zod-to-json-schema\dist\cjs\parsers\map.js","1009","03/08/2026 12:26:57"
"C:\Users\Dionisio Lima\OneDrive\Área de Trabalho\SOUSA_2.0_PRODUCAO\node_modules\zod-to-json-schema\dist\cjs\parsers\nativeEnum.js","732","03/08/2026 12:26:57"
"C:\Users\Dionisio Lima\OneDrive\Área de Trabalho\SOUSA_2.0_PRODUCAO\node_modules\zod-to-json-schema\dist\cjs\parsers\never.js","443","03/08/2026 12:26:58"
"C:\Users\Dionisio Lima\OneDrive\Área de Trabalho\SOUSA_2.0_PRODUCAO\node_modules\zod-to-json-schema\dist\cjs\parsers\null.js","342","03/08/2026 12:26:58"
"C:\Users\Dionisio Lima\OneDrive\Área de Trabalho\SOUSA_2.0_PRODUCAO\node_modules\zod-to-json-schema\dist\cjs\parsers\nullable.js","1393","03/08/2026 12:26:58"
"C:\Users\Dionisio Lima\OneDrive\Área de Trabalho\SOUSA_2.0_PRODUCAO\node_modules\zod-to-json-schema\dist\cjs\parsers\number.js","2333","03/08/2026 12:26:58"
"C:\Users\Dionisio Lima\OneDrive\Área de Trabalho\SOUSA_2.0_PRODUCAO\node_modules\zod-to-json-schema\dist\cjs\parsers\object.js","2497","03/08/2026 12:26:58"
"C:\Users\Dionisio Lima\OneDrive\Área de Trabalho\SOUSA_2.0_PRODUCAO\node_modules\zod-to-json-schema\dist\cjs\parsers\optional.js","843","03/08/2026 12:26:59"
"C:\Users\Dionisio Lima\OneDrive\Área de Trabalho\SOUSA_2.0_PRODUCAO\node_modules\zod-to-json-schema\dist\cjs\parsers\pipeline.js","843","03/08/2026 12:26:59"
"C:\Users\Dionisio Lima\OneDrive\Área de Trabalho\SOUSA_2.0_PRODUCAO\node_modules\zod-to-json-schema\dist\cjs\parsers\promise.js","304","03/08/2026 12:26:59"
"C:\Users\Dionisio Lima\OneDrive\Área de Trabalho\SOUSA_2.0_PRODUCAO\node_modules\zod-to-json-schema\dist\cjs\parsers\readonly.js","317","03/08/2026 12:26:59"
"C:\Users\Dionisio Lima\OneDrive\Área de Trabalho\SOUSA_2.0_PRODUCAO\node_modules\zod-to-json-schema\dist\cjs\parsers\record.js","2514","03/08/2026 12:26:59"
"C:\Users\Dionisio Lima\OneDrive\Área de Trabalho\SOUSA_2.0_PRODUCAO\node_modules\zod-to-json-schema\dist\cjs\parsers\set.js","852","03/08/2026 12:26:59"
"C:\Users\Dionisio Lima\OneDrive\Área de Trabalho\SOUSA_2.0_PRODUCAO\node_modules\zod-to-json-schema\dist\cjs\parsers\string.js","15365","03/08/2026 12:26:59"
"C:\Users\Dionisio Lima\OneDrive\Área de Trabalho\SOUSA_2.0_PRODUCAO\node_modules\zod-to-json-schema\dist\cjs\parsers\tuple.js","1270","03/08/2026 12:27:00"
"C:\Users\Dionisio Lima\OneDrive\Área de Trabalho\SOUSA_2.0_PRODUCAO\node_modules\zod-to-json-schema\dist\cjs\parsers\undefined.js","301","03/08/2026 12:27:00"
"C:\Users\Dionisio Lima\OneDrive\Área de Trabalho\SOUSA_2.0_PRODUCAO\node_modules\zod-to-json-schema\dist\cjs\parsers\union.js","3347","03/08/2026 12:27:00"
"C:\Users\Dionisio Lima\OneDrive\Área de Trabalho\SOUSA_2.0_PRODUCAO\node_modules\zod-to-json-schema\dist\cjs\parsers\unknown.js","271","03/08/2026 12:27:00"
"C:\Users\Dionisio Lima\OneDrive\Área de Trabalho\SOUSA_2.0_PRODUCAO\node_modules\zod-to-json-schema\dist\cjs\errorMessages.js","643","03/08/2026 12:26:57"
"C:\Users\Dionisio Lima\OneDrive\Área de Trabalho\SOUSA_2.0_PRODUCAO\node_modules\zod-to-json-schema\dist\cjs\getRelativePath.js","405","03/08/2026 12:26:57"
"C:\Users\Dionisio Lima\OneDrive\Área de Trabalho\SOUSA_2.0_PRODUCAO\node_modules\zod-to-json-schema\dist\cjs\index.js","2945","03/08/2026 12:26:57"
"C:\Users\Dionisio Lima\OneDrive\Área de Trabalho\SOUSA_2.0_PRODUCAO\node_modules\zod-to-json-schema\dist\cjs\Options.js","1552","03/08/2026 12:26:59"
"C:\Users\Dionisio Lima\OneDrive\Área de Trabalho\SOUSA_2.0_PRODUCAO\node_modules\zod-to-json-schema\dist\cjs\package.json","19","03/08/2026 12:27:00"
"C:\Users\Dionisio Lima\OneDrive\Área de Trabalho\SOUSA_2.0_PRODUCAO\node_modules\zod-to-json-schema\dist\cjs\parseDef.js","2645","03/08/2026 12:26:59"
"C:\Users\Dionisio Lima\OneDrive\Área de Trabalho\SOUSA_2.0_PRODUCAO\node_modules\zod-to-json-schema\dist\cjs\parseTypes.js","77","03/08/2026 12:26:59"
"C:\Users\Dionisio Lima\OneDrive\Área de Trabalho\SOUSA_2.0_PRODUCAO\node_modules\zod-to-json-schema\dist\cjs\Refs.js","1017","03/08/2026 12:26:59"
"C:\Users\Dionisio Lima\OneDrive\Área de Trabalho\SOUSA_2.0_PRODUCAO\node_modules\zod-to-json-schema\dist\cjs\selectParser.js","5685","03/08/2026 12:26:59"
"C:\Users\Dionisio Lima\OneDrive\Área de Trabalho\SOUSA_2.0_PRODUCAO\node_modules\zod-to-json-schema\dist\cjs\zodToJsonSchema.js","3402","03/08/2026 12:27:00"
"C:\Users\Dionisio Lima\OneDrive\Área de Trabalho\SOUSA_2.0_PRODUCAO\node_modules\zod-to-json-schema\dist\esm\parsers\any.js","509","03/08/2026 12:26:53"
"C:\Users\Dionisio Lima\OneDrive\Área de Trabalho\SOUSA_2.0_PRODUCAO\node_modules\zod-to-json-schema\dist\esm\parsers\array.js","1013","03/08/2026 12:26:54"
"C:\Users\Dionisio Lima\OneDrive\Área de Trabalho\SOUSA_2.0_PRODUCAO\node_modules\zod-to-json-schema\dist\esm\parsers\bigint.js","1877","03/08/2026 12:26:55"
"C:\Users\Dionisio Lima\OneDrive\Área de Trabalho\SOUSA_2.0_PRODUCAO\node_modules\zod-to-json-schema\dist\esm\parsers\boolean.js","83","03/08/2026 12:26:55"
"C:\Users\Dionisio Lima\OneDrive\Área de Trabalho\SOUSA_2.0_PRODUCAO\node_modules\zod-to-json-schema\dist\esm\parsers\branded.js","134","03/08/2026 12:26:55"
"C:\Users\Dionisio Lima\OneDrive\Área de Trabalho\SOUSA_2.0_PRODUCAO\node_modules\zod-to-json-schema\dist\esm\parsers\catch.js","139","03/08/2026 12:26:56"
"C:\Users\Dionisio Lima\OneDrive\Área de Trabalho\SOUSA_2.0_PRODUCAO\node_modules\zod-to-json-schema\dist\esm\parsers\date.js","1388","03/08/2026 12:26:56"
"C:\Users\Dionisio Lima\OneDrive\Área de Trabalho\SOUSA_2.0_PRODUCAO\node_modules\zod-to-json-schema\dist\esm\parsers\default.js","197","03/08/2026 12:26:56"
"C:\Users\Dionisio Lima\OneDrive\Área de Trabalho\SOUSA_2.0_PRODUCAO\node_modules\zod-to-json-schema\dist\esm\parsers\effects.js","246","03/08/2026 12:26:56"
"C:\Users\Dionisio Lima\OneDrive\Área de Trabalho\SOUSA_2.0_PRODUCAO\node_modules\zod-to-json-schema\dist\esm\parsers\enum.js","120","03/08/2026 12:26:57"
"C:\Users\Dionisio Lima\OneDrive\Área de Trabalho\SOUSA_2.0_PRODUCAO\node_modules\zod-to-json-schema\dist\esm\parsers\intersection.js","1894","03/08/2026 12:26:57"
"C:\Users\Dionisio Lima\OneDrive\Área de Trabalho\SOUSA_2.0_PRODUCAO\node_modules\zod-to-json-schema\dist\esm\parsers\literal.js","609","03/08/2026 12:26:57"
"C:\Users\Dionisio Lima\OneDrive\Área de Trabalho\SOUSA_2.0_PRODUCAO\node_modules\zod-to-json-schema\dist\esm\parsers\map.js","789","03/08/2026 12:26:57"
"C:\Users\Dionisio Lima\OneDrive\Área de Trabalho\SOUSA_2.0_PRODUCAO\node_modules\zod-to-json-schema\dist\esm\parsers\nativeEnum.js","576","03/08/2026 12:26:57"
"C:\Users\Dionisio Lima\OneDrive\Área de Trabalho\SOUSA_2.0_PRODUCAO\node_modules\zod-to-json-schema\dist\esm\parsers\never.js","290","03/08/2026 12:26:58"
"C:\Users\Dionisio Lima\OneDrive\Área de Trabalho\SOUSA_2.0_PRODUCAO\node_modules\zod-to-json-schema\dist\esm\parsers\null.js","204","03/08/2026 12:26:58"
"C:\Users\Dionisio Lima\OneDrive\Área de Trabalho\SOUSA_2.0_PRODUCAO\node_modules\zod-to-json-schema\dist\esm\parsers\nullable.js","1183","03/08/2026 12:26:58"
"C:\Users\Dionisio Lima\OneDrive\Área de Trabalho\SOUSA_2.0_PRODUCAO\node_modules\zod-to-json-schema\dist\esm\parsers\number.js","2021","03/08/2026 12:26:58"
"C:\Users\Dionisio Lima\OneDrive\Área de Trabalho\SOUSA_2.0_PRODUCAO\node_modules\zod-to-json-schema\dist\esm\parsers\object.js","2309","03/08/2026 12:26:58"
"C:\Users\Dionisio Lima\OneDrive\Área de Trabalho\SOUSA_2.0_PRODUCAO\node_modules\zod-to-json-schema\dist\esm\parsers\optional.js","623","03/08/2026 12:26:59"
"C:\Users\Dionisio Lima\OneDrive\Área de Trabalho\SOUSA_2.0_PRODUCAO\node_modules\zod-to-json-schema\dist\esm\parsers\pipeline.js","611","03/08/2026 12:26:59"
"C:\Users\Dionisio Lima\OneDrive\Área de Trabalho\SOUSA_2.0_PRODUCAO\node_modules\zod-to-json-schema\dist\esm\parsers\promise.js","132","03/08/2026 12:26:59"
"C:\Users\Dionisio Lima\OneDrive\Área de Trabalho\SOUSA_2.0_PRODUCAO\node_modules\zod-to-json-schema\dist\esm\parsers\readonly.js","142","03/08/2026 12:26:59"
"C:\Users\Dionisio Lima\OneDrive\Área de Trabalho\SOUSA_2.0_PRODUCAO\node_modules\zod-to-json-schema\dist\esm\parsers\record.js","2275","03/08/2026 12:26:59"
"C:\Users\Dionisio Lima\OneDrive\Área de Trabalho\SOUSA_2.0_PRODUCAO\node_modules\zod-to-json-schema\dist\esm\parsers\set.js","650","03/08/2026 12:26:59"
"C:\Users\Dionisio Lima\OneDrive\Área de Trabalho\SOUSA_2.0_PRODUCAO\node_modules\zod-to-json-schema\dist\esm\parsers\string.js","14954","03/08/2026 12:26:59"
"C:\Users\Dionisio Lima\OneDrive\Área de Trabalho\SOUSA_2.0_PRODUCAO\node_modules\zod-to-json-schema\dist\esm\parsers\tuple.js","1066","03/08/2026 12:27:00"
"C:\Users\Dionisio Lima\OneDrive\Área de Trabalho\SOUSA_2.0_PRODUCAO\node_modules\zod-to-json-schema\dist\esm\parsers\undefined.js","136","03/08/2026 12:27:00"
"C:\Users\Dionisio Lima\OneDrive\Área de Trabalho\SOUSA_2.0_PRODUCAO\node_modules\zod-to-json-schema\dist\esm\parsers\union.js","3142","03/08/2026 12:27:00"
"C:\Users\Dionisio Lima\OneDrive\Área de Trabalho\SOUSA_2.0_PRODUCAO\node_modules\zod-to-json-schema\dist\esm\parsers\unknown.js","112","03/08/2026 12:27:00"
"C:\Users\Dionisio Lima\OneDrive\Área de Trabalho\SOUSA_2.0_PRODUCAO\node_modules\zod-to-json-schema\dist\esm\errorMessages.js","404","03/08/2026 12:26:57"
"C:\Users\Dionisio Lima\OneDrive\Área de Trabalho\SOUSA_2.0_PRODUCAO\node_modules\zod-to-json-schema\dist\esm\getRelativePath.js","258","03/08/2026 12:26:57"
"C:\Users\Dionisio Lima\OneDrive\Área de Trabalho\SOUSA_2.0_PRODUCAO\node_modules\zod-to-json-schema\dist\esm\index.js","1474","03/08/2026 12:26:57"
"C:\Users\Dionisio Lima\OneDrive\Área de Trabalho\SOUSA_2.0_PRODUCAO\node_modules\zod-to-json-schema\dist\esm\Options.js","1281","03/08/2026 12:26:59"
"C:\Users\Dionisio Lima\OneDrive\Área de Trabalho\SOUSA_2.0_PRODUCAO\node_modules\zod-to-json-schema\dist\esm\package.json","35","03/08/2026 12:27:00"
"C:\Users\Dionisio Lima\OneDrive\Área de Trabalho\SOUSA_2.0_PRODUCAO\node_modules\zod-to-json-schema\dist\esm\parseDef.js","2420","03/08/2026 12:26:59"
"C:\Users\Dionisio Lima\OneDrive\Área de Trabalho\SOUSA_2.0_PRODUCAO\node_modules\zod-to-json-schema\dist\esm\parseTypes.js","11","03/08/2026 12:26:59"
"C:\Users\Dionisio Lima\OneDrive\Área de Trabalho\SOUSA_2.0_PRODUCAO\node_modules\zod-to-json-schema\dist\esm\Refs.js","880","03/08/2026 12:26:59"
"C:\Users\Dionisio Lima\OneDrive\Área de Trabalho\SOUSA_2.0_PRODUCAO\node_modules\zod-to-json-schema\dist\esm\selectParser.js","4925","03/08/2026 12:26:59"
"C:\Users\Dionisio Lima\OneDrive\Área de Trabalho\SOUSA_2.0_PRODUCAO\node_modules\zod-to-json-schema\dist\esm\zodToJsonSchema.js","3188","03/08/2026 12:27:00"
"C:\Users\Dionisio Lima\OneDrive\Área de Trabalho\SOUSA_2.0_PRODUCAO\node_modules\zod-to-json-schema\.prettierrc.json","3","03/08/2026 12:27:00"
"C:\Users\Dionisio Lima\OneDrive\Área de Trabalho\SOUSA_2.0_PRODUCAO\node_modules\zod-to-json-schema\package.json","2968","03/08/2026 12:27:00"
"C:\Users\Dionisio Lima\OneDrive\Área de Trabalho\SOUSA_2.0_PRODUCAO\node_modules\.package-lock.json","126203","03/08/2026 12:27:36"
"C:\Users\Dionisio Lima\OneDrive\Área de Trabalho\SOUSA_2.0_PRODUCAO\.clasp.json","276","13/07/2026 08:37:43"
"C:\Users\Dionisio Lima\OneDrive\Área de Trabalho\SOUSA_2.0_PRODUCAO\appsscript.json","209","04/08/2026 11:39:52"
"C:\Users\Dionisio Lima\OneDrive\Área de Trabalho\SOUSA_2.0_PRODUCAO\Code.gs.OLD.js","15123","13/07/2026 08:37:43"
"C:\Users\Dionisio Lima\OneDrive\Área de Trabalho\SOUSA_2.0_PRODUCAO\COMANDO_SOUSAILEON.json","118","21/07/2026 10:55:01"
"C:\Users\Dionisio Lima\OneDrive\Área de Trabalho\SOUSA_2.0_PRODUCAO\Gemini.gs.OLD.js","29","16/07/2026 10:03:38"
"C:\Users\Dionisio Lima\OneDrive\Área de Trabalho\SOUSA_2.0_PRODUCAO\MonitorSintaxe.js","4349","21/07/2026 09:22:12"
"C:\Users\Dionisio Lima\OneDrive\Área de Trabalho\SOUSA_2.0_PRODUCAO\NucleoOrquestrador.js","1312","24/07/2026 10:29:33"
"C:\Users\Dionisio Lima\OneDrive\Área de Trabalho\SOUSA_2.0_PRODUCAO\NucleoOrquestrador_V2.js","1830","24/07/2026 10:29:33"
"C:\Users\Dionisio Lima\OneDrive\Área de Trabalho\SOUSA_2.0_PRODUCAO\package-lock.json","126423","03/08/2026 12:27:36"
"C:\Users\Dionisio Lima\OneDrive\Área de Trabalho\SOUSA_2.0_PRODUCAO\package.json","612","03/08/2026 12:27:36"
"C:\Users\Dionisio Lima\OneDrive\Área de Trabalho\SOUSA_2.0_PRODUCAO\PAINEL_SOUSA.json","100","21/07/2026 09:54:37"
"C:\Users\Dionisio Lima\OneDrive\Área de Trabalho\SOUSA_2.0_PRODUCAO\SousaConfig.gs.js","2708","04/08/2026 11:39:52"
"C:\Users\Dionisio Lima\OneDrive\Área de Trabalho\SOUSA_2.0_PRODUCAO\SOUSAILEON_ARM_V1.js","2900","24/07/2026 10:29:33"
"C:\Users\Dionisio Lima\OneDrive\Área de Trabalho\SOUSA_2.0_PRODUCAO\SOUSAILEON_ARM_V2.js","2180","24/07/2026 10:29:33"
"C:\Users\Dionisio Lima\OneDrive\Área de Trabalho\SOUSA_2.0_PRODUCAO\SOUSAILEON_BLOCK_MANAGER_V1.js","1011","24/07/2026 10:29:33"
"C:\Users\Dionisio Lima\OneDrive\Área de Trabalho\SOUSA_2.0_PRODUCAO\SOUSAILEON_COMMAND.js","1210","24/07/2026 10:29:33"
"C:\Users\Dionisio Lima\OneDrive\Área de Trabalho\SOUSA_2.0_PRODUCAO\SOUSA_2.0_PAINEL_OPERACIONAL.html","133208","04/08/2026 11:39:52"
"C:\Users\Dionisio Lima\OneDrive\Área de Trabalho\SOUSA_2.0_PRODUCAO\SOUSA_2.0_PAINEL_OPERACIONAL_BACKUP_CMD.html","133208","31/07/2026 07:43:32"
"C:\Users\Dionisio Lima\OneDrive\Área de Trabalho\SOUSA_2.0_PRODUCAO\SOUSA_APIS_CASCATA.gs.js","2681","06/08/2026 09:19:39"
"C:\Users\Dionisio Lima\OneDrive\Área de Trabalho\SOUSA_2.0_PRODUCAO\SOUSA_API_MANAGER.js","1555","06/08/2026 09:16:46"
"C:\Users\Dionisio Lima\OneDrive\Área de Trabalho\SOUSA_2.0_PRODUCAO\SOUSA_API_MANAGER_CONFIG.json","1381","30/07/2026 11:28:49"
"C:\Users\Dionisio Lima\OneDrive\Área de Trabalho\SOUSA_2.0_PRODUCAO\SOUSA_AUDITORIA_USB.js","596","04/08/2026 11:39:52"
"C:\Users\Dionisio Lima\OneDrive\Área de Trabalho\SOUSA_2.0_PRODUCAO\SOUSA_AUTHORIZATION_GATE.js","1369","24/07/2026 10:29:33"
"C:\Users\Dionisio Lima\OneDrive\Área de Trabalho\SOUSA_2.0_PRODUCAO\SOUSA_CAPACIDADE_ESTRATEGIA_PUBLICACAO.json","959","30/07/2026 11:44:40"
"C:\Users\Dionisio Lima\OneDrive\Área de Trabalho\SOUSA_2.0_PRODUCAO\SOUSA_CAPACIDADE_LIVRO.json","767","30/07/2026 11:21:22"
"C:\Users\Dionisio Lima\OneDrive\Área de Trabalho\SOUSA_2.0_PRODUCAO\SOUSA_CAPACIDADE_PUBLICACAO.json","1300","30/07/2026 11:24:29"
"C:\Users\Dionisio Lima\OneDrive\Área de Trabalho\SOUSA_2.0_PRODUCAO\SOUSA_CATALOGO_APIS.json","1095","30/07/2026 11:30:28"
"C:\Users\Dionisio Lima\OneDrive\Área de Trabalho\SOUSA_2.0_PRODUCAO\SOUSA_CATALOGO_CAPACIDADES.json","1941","30/07/2026 11:26:27"
"C:\Users\Dionisio Lima\OneDrive\Área de Trabalho\SOUSA_2.0_PRODUCAO\SOUSA_CMD_BRIDGE.js","411","04/08/2026 11:39:52"
"C:\Users\Dionisio Lima\OneDrive\Área de Trabalho\SOUSA_2.0_PRODUCAO\SOUSA_CMD_COMPONENTE.html","893","04/08/2026 11:39:52"
"C:\Users\Dionisio Lima\OneDrive\Área de Trabalho\SOUSA_2.0_PRODUCAO\SOUSA_CMD_INTERFACE.js","605","04/08/2026 11:39:52"
"C:\Users\Dionisio Lima\OneDrive\Área de Trabalho\SOUSA_2.0_PRODUCAO\SOUSA_CMD_Mecanismos.js","707","04/08/2026 11:39:52"
"C:\Users\Dionisio Lima\OneDrive\Área de Trabalho\SOUSA_2.0_PRODUCAO\SOUSA_COFRE_CHAVES.json","1054","30/07/2026 11:32:33"
"C:\Users\Dionisio Lima\OneDrive\Área de Trabalho\SOUSA_2.0_PRODUCAO\SOUSA_COMMAND_EXTENSIONS.js","658","04/08/2026 11:39:52"
"C:\Users\Dionisio Lima\OneDrive\Área de Trabalho\SOUSA_2.0_PRODUCAO\SOUSA_COMMAND_LISTENER.js","1200","24/07/2026 10:29:33"
"C:\Users\Dionisio Lima\OneDrive\Área de Trabalho\SOUSA_2.0_PRODUCAO\SOUSA_COMMAND_ROUTER.js","1750","24/07/2026 10:29:33"
"C:\Users\Dionisio Lima\OneDrive\Área de Trabalho\SOUSA_2.0_PRODUCAO\SOUSA_Connect_v1.gs.OLD.js","20152","16/07/2026 10:03:38"
"C:\Users\Dionisio Lima\OneDrive\Área de Trabalho\SOUSA_2.0_PRODUCAO\SOUSA_CONTRATO_MODULO.json","526","31/07/2026 07:49:24"
"C:\Users\Dionisio Lima\OneDrive\Área de Trabalho\SOUSA_2.0_PRODUCAO\SOUSA_Core.js","27082","04/08/2026 11:39:52"
"C:\Users\Dionisio Lima\OneDrive\Área de Trabalho\SOUSA_2.0_PRODUCAO\SOUSA_DEPLOY_LOG.json","366","31/07/2026 09:14:25"
"C:\Users\Dionisio Lima\OneDrive\Área de Trabalho\SOUSA_2.0_PRODUCAO\SOUSA_DEPLOY_VERSION.json","391","31/07/2026 09:12:33"
"C:\Users\Dionisio Lima\OneDrive\Área de Trabalho\SOUSA_2.0_PRODUCAO\SOUSA_DEVICE_AUTH.js","4774","04/08/2026 11:39:52"
"C:\Users\Dionisio Lima\OneDrive\Área de Trabalho\SOUSA_2.0_PRODUCAO\SOUSA_DISCOVERY_REPORT.json","43264","26/07/2026 11:49:39"
"C:\Users\Dionisio Lima\OneDrive\Área de Trabalho\SOUSA_2.0_PRODUCAO\SOUSA_FLUXO_EDITORIAL_CONFIG.json","1096","30/07/2026 11:47:06"
"C:\Users\Dionisio Lima\OneDrive\Área de Trabalho\SOUSA_2.0_PRODUCAO\SOUSA_GERADOR_BRIEFING_CONFIG.json","912","30/07/2026 11:38:39"
"C:\Users\Dionisio Lima\OneDrive\Área de Trabalho\SOUSA_2.0_PRODUCAO\SOUSA_GERADOR_PDF_CONFIG.json","864","30/07/2026 11:40:22"
"C:\Users\Dionisio Lima\OneDrive\Área de Trabalho\SOUSA_2.0_PRODUCAO\SOUSA_Interface.js","469","04/08/2026 11:39:52"
"C:\Users\Dionisio Lima\OneDrive\Área de Trabalho\SOUSA_2.0_PRODUCAO\SOUSA_LOG_ENGINE.js","920","04/08/2026 11:39:52"
"C:\Users\Dionisio Lima\OneDrive\Área de Trabalho\SOUSA_2.0_PRODUCAO\SOUSA_LOG_ENGINE_CONFIG.json","666","30/07/2026 11:34:13"
"C:\Users\Dionisio Lima\OneDrive\Área de Trabalho\SOUSA_2.0_PRODUCAO\SOUSA_LOG_EVENTO_API_MANAGER.json","916","02/08/2026 10:00:40"
"C:\Users\Dionisio Lima\OneDrive\Área de Trabalho\SOUSA_2.0_PRODUCAO\SOUSA_LOG_EVENTO_MODELO.json","662","30/07/2026 11:36:56"
"C:\Users\Dionisio Lima\OneDrive\Área de Trabalho\SOUSA_2.0_PRODUCAO\SOUSA_MARKETPLACE_CASCATA.gs.js","1545","04/08/2026 11:39:52"
"C:\Users\Dionisio Lima\OneDrive\Área de Trabalho\SOUSA_2.0_PRODUCAO\SOUSA_Mecanismos.js","1712","04/08/2026 11:39:52"
"C:\Users\Dionisio Lima\OneDrive\Área de Trabalho\SOUSA_2.0_PRODUCAO\SOUSA_MEMORIA_EVENTOS.json","748","02/08/2026 10:41:39"
"C:\Users\Dionisio Lima\OneDrive\Área de Trabalho\SOUSA_2.0_PRODUCAO\SOUSA_MEMORIA_TECNICA.json","809","30/07/2026 11:07:34"
"C:\Users\Dionisio Lima\OneDrive\Área de Trabalho\SOUSA_2.0_PRODUCAO\SOUSA_MOBILE_GATEWAY.js","1029","24/07/2026 10:29:33"
"C:\Users\Dionisio Lima\OneDrive\Área de Trabalho\SOUSA_2.0_PRODUCAO\SOUSA_PLUG_AND_PLAY.js","618","04/08/2026 11:39:52"
"C:\Users\Dionisio Lima\OneDrive\Área de Trabalho\SOUSA_2.0_PRODUCAO\SOUSA_PROJETO_LIVRO_CONFIG.json","910","30/07/2026 11:48:22"
"C:\Users\Dionisio Lima\OneDrive\Área de Trabalho\SOUSA_2.0_PRODUCAO\SOUSA_REGISTRO_MODULOS.json","1611","02/08/2026 10:03:13"
"C:\Users\Dionisio Lima\OneDrive\Área de Trabalho\SOUSA_2.0_PRODUCAO\SOUSA_REGISTRY.js","940","04/08/2026 11:39:52"
"C:\Users\Dionisio Lima\OneDrive\Área de Trabalho\SOUSA_2.0_PRODUCAO\SOUSA_USB.js","1341","04/08/2026 11:39:52"
"C:\Users\Dionisio Lima\OneDrive\Área de Trabalho\SOUSA_2.0_PRODUCAO\SOUSA_USB_ACTIVATION_MANAGER.js","807","04/08/2026 11:39:52"
"C:\Users\Dionisio Lima\OneDrive\Área de Trabalho\SOUSA_2.0_PRODUCAO\SOUSA_USB_API_GATEWAY.js","844","04/08/2026 11:39:52"
"C:\Users\Dionisio Lima\OneDrive\Área de Trabalho\SOUSA_2.0_PRODUCAO\SOUSA_USB_AUDITORIA_INTEGRACAO.js","722","04/08/2026 11:39:52"
"C:\Users\Dionisio Lima\OneDrive\Área de Trabalho\SOUSA_2.0_PRODUCAO\SOUSA_USB_AUTOMATION_BRIDGE.js","628","04/08/2026 11:39:52"
"C:\Users\Dionisio Lima\OneDrive\Área de Trabalho\SOUSA_2.0_PRODUCAO\SOUSA_USB_AUTO_MANAGER.js","751","04/08/2026 11:39:52"
"C:\Users\Dionisio Lima\OneDrive\Área de Trabalho\SOUSA_2.0_PRODUCAO\SOUSA_USB_AUTO_RECOVERY.js","712","04/08/2026 11:39:52"
"C:\Users\Dionisio Lima\OneDrive\Área de Trabalho\SOUSA_2.0_PRODUCAO\SOUSA_USB_AUTO_UPDATE.js","904","04/08/2026 11:39:52"
"C:\Users\Dionisio Lima\OneDrive\Área de Trabalho\SOUSA_2.0_PRODUCAO\SOUSA_USB_BACKUP_MANAGER.js","763","31/07/2026 08:16:10"
"C:\Users\Dionisio Lima\OneDrive\Área de Trabalho\SOUSA_2.0_PRODUCAO\SOUSA_USB_CATALOG.js","740","04/08/2026 11:39:52"
"C:\Users\Dionisio Lima\OneDrive\Área de Trabalho\SOUSA_2.0_PRODUCAO\SOUSA_USB_CORE.js","976","05/08/2026 11:50:48"
"C:\Users\Dionisio Lima\OneDrive\Área de Trabalho\SOUSA_2.0_PRODUCAO\SOUSA_USB_DISCOVERY.js","754","04/08/2026 11:39:52"
"C:\Users\Dionisio Lima\OneDrive\Área de Trabalho\SOUSA_2.0_PRODUCAO\SOUSA_USB_DISCOVERY_ENGINE.js","755","04/08/2026 11:39:52"
"C:\Users\Dionisio Lima\OneDrive\Área de Trabalho\SOUSA_2.0_PRODUCAO\SOUSA_USB_EVOLUTION_ENGINE.js","620","04/08/2026 11:39:52"
"C:\Users\Dionisio Lima\OneDrive\Área de Trabalho\SOUSA_2.0_PRODUCAO\SOUSA_USB_FILTER.js","871","05/08/2026 11:21:59"
"C:\Users\Dionisio Lima\OneDrive\Área de Trabalho\SOUSA_2.0_PRODUCAO\SOUSA_USB_HEALTH_CHECK.js","733","04/08/2026 11:39:52"
"C:\Users\Dionisio Lima\OneDrive\Área de Trabalho\SOUSA_2.0_PRODUCAO\SOUSA_USB_HEALTH_MONITOR.js","628","04/08/2026 11:39:52"
"C:\Users\Dionisio Lima\OneDrive\Área de Trabalho\SOUSA_2.0_PRODUCAO\SOUSA_USB_KNOWLEDGE_ENGINE.js","1110","04/08/2026 11:39:52"
"C:\Users\Dionisio Lima\OneDrive\Área de Trabalho\SOUSA_2.0_PRODUCAO\SOUSA_USB_KNOWLEDGE_SYNC.js","660","04/08/2026 11:39:52"
"C:\Users\Dionisio Lima\OneDrive\Área de Trabalho\SOUSA_2.0_PRODUCAO\SOUSA_USB_LOG_ENGINE.js","700","04/08/2026 11:39:52"
"C:\Users\Dionisio Lima\OneDrive\Área de Trabalho\SOUSA_2.0_PRODUCAO\SOUSA_USB_MEMORIA.json","357","31/07/2026 07:45:54"
"C:\Users\Dionisio Lima\OneDrive\Área de Trabalho\SOUSA_2.0_PRODUCAO\SOUSA_USB_MEMORY_SYNC.js","835","04/08/2026 11:39:52"
"C:\Users\Dionisio Lima\OneDrive\Área de Trabalho\SOUSA_2.0_PRODUCAO\SOUSA_USB_MONITOR.js","863","04/08/2026 11:39:52"
"C:\Users\Dionisio Lima\OneDrive\Área de Trabalho\SOUSA_2.0_PRODUCAO\SOUSA_USB_ORCHESTRATOR.js","753","04/08/2026 11:39:52"
"C:\Users\Dionisio Lima\OneDrive\Área de Trabalho\SOUSA_2.0_PRODUCAO\SOUSA_USB_PERMISSION_MANAGER.js","689","04/08/2026 11:39:52"
"C:\Users\Dionisio Lima\OneDrive\Área de Trabalho\SOUSA_2.0_PRODUCAO\SOUSA_USB_SECURITY_GATE.js","728","04/08/2026 11:39:52"
"C:\Users\Dionisio Lima\OneDrive\Área de Trabalho\SOUSA_2.0_PRODUCAO\SOUSA_USB_STATUS.js","516","04/08/2026 11:39:52"
"C:\Users\Dionisio Lima\OneDrive\Área de Trabalho\SOUSA_2.0_PRODUCAO\SOUSA_USB_UPDATE_MANAGER.js","692","04/08/2026 11:39:52"
"C:\Users\Dionisio Lima\OneDrive\Área de Trabalho\SOUSA_2.0_PRODUCAO\SOUSA_USB_VERSION_CONTROL.js","762","04/08/2026 11:39:52"
"C:\Users\Dionisio Lima\OneDrive\Área de Trabalho\SOUSA_2.0_PRODUCAO\SOUSA_VALIDATOR.js","1399","04/08/2026 11:39:52"
"C:\Users\Dionisio Lima\OneDrive\Área de Trabalho\SOUSA_2.0_PRODUCAO\TESTE_API_MANAGER.js","177","06/08/2026 08:28:26"
"C:\Users\Dionisio Lima\OneDrive\Área de Trabalho\SOUSA_2.0_PRODUCAO\TESTE_DEVICE_AUTH.gs.js","1104","04/08/2026 11:39:52"
"C:\Users\Dionisio Lima\OneDrive\Área de Trabalho\SOUSA_2.0_PRODUCAO\TESTE_GEMINI_REAL.js","349","06/08/2026 09:39:04"
"C:\Users\Dionisio Lima\OneDrive\Área de Trabalho\SOUSA_2.0_PRODUCAO\TESTE_SOUSA_LOG_ENGINE.js","332","04/08/2026 11:39:52"
"C:\Users\Dionisio Lima\OneDrive\Área de Trabalho\SOUSA_2.0_PRODUCAO\TESTE_SOUSA_USB_CORE.js","463","04/08/2026 11:39:52"
"C:\Users\Dionisio Lima\OneDrive\Área de Trabalho\SOUSA_2.0_PRODUCAO\TESTE_USB_ATIVACAO.js","493","04/08/2026 11:39:52"
"C:\Users\Dionisio Lima\OneDrive\Área de Trabalho\SOUSA_2.0_PRODUCAO\TESTE_USB_AUTO.js","517","04/08/2026 11:39:52"
"C:\Users\Dionisio Lima\OneDrive\Área de Trabalho\SOUSA_2.0_PRODUCAO\TESTE_USB_CATALOG.js","621","04/08/2026 11:39:52"
"C:\Users\Dionisio Lima\OneDrive\Área de Trabalho\SOUSA_2.0_PRODUCAO\TESTE_USB_FILTER.js","388","05/08/2026 11:22:29"
"C:\Users\Dionisio Lima\OneDrive\Área de Trabalho\SOUSA_2.0_PRODUCAO\TESTE_USB_FILTER_CENARIOS.js","1069","05/08/2026 11:35:48"
"C:\Users\Dionisio Lima\OneDrive\Área de Trabalho\SOUSA_2.0_PRODUCAO\TESTE_USB_KNOWLEDGE.js","492","04/08/2026 11:39:52"
"C:\Users\Dionisio Lima\OneDrive\Área de Trabalho\SOUSA_2.0_PRODUCAO\TESTE_USB_PIPELINE_COMPLETO.js","1725","04/08/2026 11:39:52"
